source_path,size_bytes,duration,container,video_codec,audio_codec,width,height,bitrate,faststart_status,recommended_profile,delete_after_verify
/mnt/spirit-8tb/media/tempTwitter/hennie ：3 - oh no my boobies r out 👾 [1814401870921904128].mp4,83256,1.834376,"mov,mp4,m4a,3gp,3g2,mj2",h264,aac,1080,548,363092,moov-before-mdat,remux-faststart-only,yes
/mnt/spirit-8tb/media/tempTwitter/hennie ：3 - should I take it off say ‘yes’ ^_^ [1765494928392826880].mp4,108788,2.753333,"mov,mp4,m4a,3gp,3g2,mj2",h264,,1280,720,316091,moov-before-mdat,remux-faststart-only,yes
/mnt/spirit-8tb/media/tempTwitter/hennie ：3 - Ur fav asmr 𖦹๋࣭ ⭑ (blushing) [1762971334290931713].mp4,118029,1.950476,"mov,mp4,m4a,3gp,3g2,mj2",h264,aac,1280,720,484103,moov-before-mdat,remux-faststart-only,yes
/mnt/spirit-8tb/media/tempTwitter/hennie ：3 - Jiggly booty &gt;~&lt; [1753522057919479808].mp4,124822,3.227574,"mov,mp4,m4a,3gp,3g2,mj2",h264,aac,1280,720,309389,moov-before-mdat,remux-faststart-only,yes
/mnt/spirit-8tb/media/tempTwitter/BBW Queen Aaliyah 👑 - wataa 🐆 [1977860162007265280].mp4,137686,2.166667,"mov,mp4,m4a,3gp,3g2,mj2",h264,,576,756,508378,moov-before-mdat,remux-faststart-only,yes
/mnt/spirit-8tb/media/tempTwitter/single mommyⓘi’m extremely horny - wataa 🐆 [1957289926489178112].mp4,137686,2.166667,"mov,mp4,m4a,3gp,3g2,mj2",h264,,576,756,508378,moov-before-mdat,remux-faststart-only,yes
/mnt/spirit-8tb/media/tempTwitter/✧⁎ 𝓀𝑒𝒾 - is this enough？ [1791173317313138688].mp4,137742,1.068118,"mov,mp4,m4a,3gp,3g2,mj2",h264,aac,1080,720,1031661,moov-before-mdat,remux-faststart-only,yes
/mnt/spirit-8tb/media/tempTwitter/clair ꨄ - come take it off ：p [1941845157768245248].mp4,155952,2.466667,"mov,mp4,m4a,3gp,3g2,mj2",h264,,984,666,505790,moov-before-mdat,remux-faststart-only,yes
/mnt/spirit-8tb/media/tempTwitter/𝐒𝐭𝐞𝐥𝐥𝐚 - drooly puppy &lt;3 [1893724843071184896].mp4,156992,2.033333,"mov,mp4,m4a,3gp,3g2,mj2",h264,,970,572,617673,moov-before-mdat,remux-faststart-only,yes
/mnt/spirit-8tb/media/tempTwitter/ᕱ⑅ᕱ - aim practice [1635386178366234624].mp4,164219,2.041905,"mov,mp4,m4a,3gp,3g2,mj2",h264,aac,1280,720,643395,moov-before-mdat,remux-faststart-only,yes
/mnt/spirit-8tb/media/tempTwitter/hennie ：3 - Put them in ur mouth？ ：0 [1831007797254991872].mp4,165173,3.966667,"mov,mp4,m4a,3gp,3g2,mj2",h264,,1280,664,333121,moov-before-mdat,remux-faststart-only,yes
/mnt/spirit-8tb/media/tempTwitter/hennie ：3 - What good macaroni sounds like •ﻌ• [1758989866464169984].mp4,168816,4.597551,"mov,mp4,m4a,3gp,3g2,mj2",h264,aac,1080,596,293749,moov-before-mdat,remux-faststart-only,yes
/mnt/spirit-8tb/media/tempTwitter/♡ Vanessa ♡︎ - Jiggly wagon Wednesday ：P [1887190827883024384].mp4,175739,1.266667,"mov,mp4,m4a,3gp,3g2,mj2",h264,,1394,720,1109930,moov-before-mdat,mobile-720p,yes
/mnt/spirit-8tb/media/tempTwitter/𝐒𝐭𝐞𝐥𝐥𝐚 - would youuu… wanna makeout？ perchance？ [1901689632276041728].mp4,176677,3.633333,"mov,mp4,m4a,3gp,3g2,mj2",h264,,816,616,389013,moov-before-mdat,remux-faststart-only,yes
/mnt/spirit-8tb/media/tempTwitter/♡ 𝐄𝐯𝐞 𝐃𝐚𝐫𝐥𝐢𝐧𝐠 ♡ - call me cute and give me head pats pls [1948648681848406021].mp4,189069,2.995374,"mov,mp4,m4a,3gp,3g2,mj2",h264,aac,720,960,504962,moov-before-mdat,remux-faststart-only,yes
/mnt/spirit-8tb/media/tempTwitter/𝐒𝐭𝐞𝐥𝐥𝐚 - mouth monday &lt;3 [1876340515676844032].mp4,191183,3.866667,"mov,mp4,m4a,3gp,3g2,mj2",h264,,774,534,395551,moov-before-mdat,remux-faststart-only,yes
/mnt/spirit-8tb/media/tempTwitter/mae - looking for backshots ：3 [1679326247896350720].mp4,192805,3.017143,"mov,mp4,m4a,3gp,3g2,mj2",h264,aac,720,972,511225,moov-before-mdat,remux-faststart-only,yes
/mnt/spirit-8tb/media/tempTwitter/𝐒𝐭𝐞𝐥𝐥𝐚 - can you help me practice？ [1896628667570126848].mp4,199144,2.353333,"mov,mp4,m4a,3gp,3g2,mj2",h264,,970,664,676976,moov-before-mdat,remux-faststart-only,yes
/mnt/spirit-8tb/media/tempTwitter/clair ：3 - fuck my throat？？？ pls？？ #nsfwtwt [1995231427106107392].mp4,200617,1.927256,"mov,mp4,m4a,3gp,3g2,mj2",h264,aac,720,1280,832757,moov-before-mdat,remux-faststart-only,yes
/mnt/spirit-8tb/media/tempTwitter/hennie ：3 - Listen closely ₍ᐢ.  ̫.ᐢ₎ [1772369749835702272].mp4,212712,4.99229,"mov,mp4,m4a,3gp,3g2,mj2",h264,aac,1278,720,340864,moov-before-mdat,remux-faststart-only,yes
/mnt/spirit-8tb/media/tempTwitter/hennie ：3 - oh hey I’m back ;-) [1761066122802278400].mp4,217164,4.179592,"mov,mp4,m4a,3gp,3g2,mj2",h264,aac,1080,598,415665,moov-before-mdat,remux-faststart-only,yes
/mnt/spirit-8tb/media/tempTwitter/hennie ：3 - @ me if I should I take it off ^_^ [1761158904493535232].mp4,233507,5.966667,"mov,mp4,m4a,3gp,3g2,mj2",h264,,1186,666,313081,moov-before-mdat,remux-faststart-only,yes
/mnt/spirit-8tb/media/tempTwitter/BABYLING ♡ - do you like receiving head or giving head？ 😽 [1907179978673807360].mp4,234634,2.089796,"mov,mp4,m4a,3gp,3g2,mj2",h264,aac,1440,1080,898208,moov-before-mdat,mobile-720p,yes
/mnt/spirit-8tb/media/tempTwitter/hennie ：3 - A little more asmr ⋆𐙚₊ [1755379002145972224].mp4,235647,5.20127,"mov,mp4,m4a,3gp,3g2,mj2",h264,aac,1280,720,362445,moov-before-mdat,remux-faststart-only,yes
/mnt/spirit-8tb/media/tempTwitter/𝔟𝔦𝔫𝔞𝔟𝔞𝔢 - Morninngggg ：3 [2020795247790292992].mp4,239112,1.578667,"mov,mp4,m4a,3gp,3g2,mj2",h264,aac,1280,720,1211715,moov-before-mdat,remux-faststart-only,yes
/mnt/spirit-8tb/media/tempTwitter/mae - hey nsfwtwt do u miss me ：3 [1780405869580255232].mp4,244655,1.9,"mov,mp4,m4a,3gp,3g2,mj2",h264,,1280,720,1030126,moov-before-mdat,remux-faststart-only,yes
/mnt/spirit-8tb/media/tempTwitter/mae - mae juice ：3 [1808921179979460610].mp4,245660,2.993333,"mov,mp4,m4a,3gp,3g2,mj2",h264,,720,720,656552,moov-before-mdat,remux-faststart-only,yes
/mnt/spirit-8tb/media/tempTwitter/hennie ：3 - Hehe then the audio up ：3 [1753163706710839296].mp4,268545,3.482993,"mov,mp4,m4a,3gp,3g2,mj2",h264,aac,1280,720,616814,moov-before-mdat,remux-faststart-only,yes
/mnt/spirit-8tb/media/tempTwitter/Venus🔮📿 - made a mess! [1859347804960804864].mp4,272088,2.948934,"mov,mp4,m4a,3gp,3g2,mj2",h264,aac,848,480,738132,moov-before-mdat,remux-faststart-only,yes
/mnt/spirit-8tb/media/tempTwitter/𝐒𝐭𝐞𝐥𝐥𝐚 - wanna be cuddle buddies？ [1878133846752849920].mp4,275188,2.995374,"mov,mp4,m4a,3gp,3g2,mj2",h264,aac,1066,720,734967,moov-before-mdat,remux-faststart-only,yes
/mnt/spirit-8tb/media/tempTwitter/zoey! - eagles or chiefs？ [1888996722703007744].mp4,285796,2.647075,"mov,mp4,m4a,3gp,3g2,mj2",h264,aac,720,1280,863733,moov-before-mdat,remux-faststart-only,yes
/mnt/spirit-8tb/media/tempTwitter/bun - can you hold eye contact？ [2012658869571551232].mp4,294787,5.665669,"mov,mp4,m4a,3gp,3g2,mj2",h264,aac,720,644,416243,moov-before-mdat,remux-faststart-only,yes
/mnt/spirit-8tb/media/tempTwitter/mae - who wants dinner ？ ：3 [1709090552757800960].mp4,296795,1.902585,"mov,mp4,m4a,3gp,3g2,mj2",h264,aac,1280,720,1247965,moov-before-mdat,remux-faststart-only,yes
/mnt/spirit-8tb/media/tempTwitter/𝐒𝐭𝐞𝐥𝐥𝐚 - heres your titty tuesday post 💕 [1891895809488142336].mp4,302866,3.3,"mov,mp4,m4a,3gp,3g2,mj2",h264,,1068,720,734220,moov-before-mdat,remux-faststart-only,yes
/mnt/spirit-8tb/media/tempTwitter/hennie ：3 - Gm coochie asmr ：333 [1750531357430931456].mp4,320415,6.362268,"mov,mp4,m4a,3gp,3g2,mj2",h264,aac,1280,720,402894,moov-before-mdat,remux-faststart-only,yes
/mnt/spirit-8tb/media/tempTwitter/hennie ：3 - Hehe asmr &lt;3 [1753906184019714048].mp4,332243,7.871565,"mov,mp4,m4a,3gp,3g2,mj2",h264,aac,1282,720,337663,moov-before-mdat,mobile-720p,yes
/mnt/spirit-8tb/media/tempTwitter/zoey! - do u prefer shorts or no shorts？ 👀🍑 [1883725898748141568].mp4,337267,3.157914,"mov,mp4,m4a,3gp,3g2,mj2",h264,aac,720,1280,854404,moov-before-mdat,remux-faststart-only,yes
/mnt/spirit-8tb/media/tempTwitter/Bibi - wataa 💦 [1887143026398535680].mp4,337729,1.950476,"mov,mp4,m4a,3gp,3g2,mj2",h264,aac,1280,720,1385216,moov-before-mdat,remux-faststart-only,yes
/mnt/spirit-8tb/media/tempTwitter/hennie ：3 - 🍝 [1790835142753439744].mp4,345375,5.433469,"mov,mp4,m4a,3gp,3g2,mj2",h264,aac,1280,720,508514,moov-before-mdat,remux-faststart-only,yes
/mnt/spirit-8tb/media/tempTwitter/clair ：3 - let me be ur toy ？？？ ：333  #nsfwtwt [1993698583963713536].mp4,349493,4.086712,"mov,mp4,m4a,3gp,3g2,mj2",h264,aac,720,1280,684154,moov-before-mdat,remux-faststart-only,yes
/mnt/spirit-8tb/media/tempTwitter/hennie ：3 - The best type of asmr [1751316993805037568].mp4,350508,5.735329,"mov,mp4,m4a,3gp,3g2,mj2",h264,aac,1280,720,488910,moov-before-mdat,remux-faststart-only,yes
/mnt/spirit-8tb/media/tempTwitter/v 🪼 - chudai [1980303305352876032].mp4,376897,4.433333,"mov,mp4,m4a,3gp,3g2,mj2",h264,,720,960,680114,moov-before-mdat,remux-faststart-only,yes
/mnt/spirit-8tb/media/tempTwitter/𝐒𝐭𝐞𝐥𝐥𝐚 - its tuesday so… [1876694371048857600].mp4,376902,4.760091,"mov,mp4,m4a,3gp,3g2,mj2",h264,aac,836,570,633436,moov-before-mdat,remux-faststart-only,yes
/mnt/spirit-8tb/media/tempTwitter/°. • 𓆩K𓆪 ✧ °. • - wataa [1984725299821469696].mp4,380446,2.533333,"mov,mp4,m4a,3gp,3g2,mj2",h264,,720,1280,1201408,moov-before-mdat,remux-faststart-only,yes
/mnt/spirit-8tb/media/tempTwitter/𝐒𝐭𝐞𝐥𝐥𝐚 - can i put them in your face？ [1894440267609956352].mp4,382774,4.363333,"mov,mp4,m4a,3gp,3g2,mj2",h264,,646,846,701801,moov-before-mdat,remux-faststart-only,yes
/mnt/spirit-8tb/media/tempTwitter/Throne 🍑 - Before you go to bed jerk your dick to this PHAT white ass 😍 [2010888532827504640].mp4,386070,17.333333,"mov,mp4,m4a,3gp,3g2,mj2",h264,,360,640,178186,moov-before-mdat,remux-faststart-only,yes
/mnt/spirit-8tb/media/tempTwitter/hennie ：3 - who’s awake ：x [1759799209501552640].mp4,405131,12.260136,"mov,mp4,m4a,3gp,3g2,mj2",h264,aac,1280,720,264356,moov-before-mdat,remux-faststart-only,yes
/mnt/spirit-8tb/media/tempTwitter/ᕱ⑅ᕱ - welcome you home from work like this？ [1692091015275204608].mp4,417890,5.524898,"mov,mp4,m4a,3gp,3g2,mj2",h264,aac,1280,720,605100,moov-before-mdat,remux-faststart-only,yes
/mnt/spirit-8tb/media/tempTwitter/mae - can i show you something [1997880350589300736].mp4,419985,5.08517,"mov,mp4,m4a,3gp,3g2,mj2",h264,aac,1188,666,660721,moov-before-mdat,remux-faststart-only,yes
/mnt/spirit-8tb/media/tempTwitter/zoey! - do guys like when girls wear nylons？🫣 [1899884093355008000].mp4,423882,2.763175,"mov,mp4,m4a,3gp,3g2,mj2",h264,aac,720,1280,1227231,moov-before-mdat,remux-faststart-only,yes
/mnt/spirit-8tb/media/tempTwitter/Bibi - wataa [1987891851718746112].mp4,438282,6.03,"mov,mp4,m4a,3gp,3g2,mj2",h264,,876,562,581468,moov-before-mdat,remux-faststart-only,yes
/mnt/spirit-8tb/media/tempTwitter/mae - type 123 if u want a gf [1925240026096369664].mp4,439453,1.764717,"mov,mp4,m4a,3gp,3g2,mj2",h264,aac,1272,716,1992174,moov-before-mdat,remux-faststart-only,yes
/mnt/spirit-8tb/media/tempTwitter/hennie ：3 - Nut here？ `⎚⩊⎚´ [1806789763233640448].mp4,440926,5.666667,"mov,mp4,m4a,3gp,3g2,mj2",h264,,1080,598,622483,moov-before-mdat,remux-faststart-only,yes
/mnt/spirit-8tb/media/tempTwitter/mae - hello is this thing on [1924460169452294144].mp4,444248,3.250794,"mov,mp4,m4a,3gp,3g2,mj2",h264,aac,1280,720,1093266,moov-before-mdat,remux-faststart-only,yes
/mnt/spirit-8tb/media/tempTwitter/𝐒𝐭𝐞𝐥𝐥𝐚 - hi ：3 [1887193329223319552].mp4,451032,4.1,"mov,mp4,m4a,3gp,3g2,mj2",h264,,1150,696,880062,moov-before-mdat,remux-faststart-only,yes
/mnt/spirit-8tb/media/tempTwitter/Jessy ren - WATAA 💦 [1975395494466584576].mp4,455429,4.086712,"mov,mp4,m4a,3gp,3g2,mj2",h264,aac,720,1280,891531,moov-before-mdat,remux-faststart-only,yes
/mnt/spirit-8tb/media/tempTwitter/star - Oiled them up for you ♡ [1879972641232048128].mp4,457857,4.4,"mov,mp4,m4a,3gp,3g2,mj2",h264,,1318,720,832467,moov-before-mdat,mobile-720p,yes
/mnt/spirit-8tb/media/tempTwitter/hennie ：3 - what’s ur volume turned up too ;) [1867662125885534210].mp4,463843,5.456689,"mov,mp4,m4a,3gp,3g2,mj2",h264,aac,1280,720,680035,moov-before-mdat,remux-faststart-only,yes
/mnt/spirit-8tb/media/tempTwitter/༺diosa༻ - wataa ☁️ [2013002511142031360].mp4,484082,6.326667,"mov,mp4,m4a,3gp,3g2,mj2",h264,,1280,720,612116,moov-before-mdat,remux-faststart-only,yes
/mnt/spirit-8tb/media/tempTwitter/DAY 🕷️ - chudai [1999517687160987648].mp4,488374,5.966667,"mov,mp4,m4a,3gp,3g2,mj2",h264,,848,624,654803,moov-before-mdat,remux-faststart-only,yes
/mnt/spirit-8tb/media/tempTwitter/DAY 🕷️ - who wanna eat my ass next？ 👀 [1999517687160987648].mp4,488374,5.966667,"mov,mp4,m4a,3gp,3g2,mj2",h264,,848,624,654803,moov-before-mdat,remux-faststart-only,yes
/mnt/spirit-8tb/media/tempTwitter/𝓟𝓾𝓹𝓹𝔂𝓑𝓾𝓷𝓼 ໒꒰´ཀ`꒱১ - SHAMELESS PUPPY REPOST &gt;：3 [1807711575199055873].mp4,491552,7.738333,"mov,mp4,m4a,3gp,3g2,mj2",h264,,720,752,508173,moov-before-mdat,remux-faststart-only,yes
/mnt/spirit-8tb/media/tempTwitter/hennie ：3 - Who needs sum pillows ᡣ𐭩 [1756883440581169152].mp4,495551,11.656417,"mov,mp4,m4a,3gp,3g2,mj2",h264,aac,1080,594,340105,moov-before-mdat,remux-faststart-only,yes
/mnt/spirit-8tb/media/tempTwitter/BBW Queen Aaliyah 👑 - wataa 🤍 [1976890667281321984].mp4,498212,4.690431,"mov,mp4,m4a,3gp,3g2,mj2",h264,aac,1154,720,849750,moov-before-mdat,remux-faststart-only,yes
/mnt/spirit-8tb/media/tempTwitter/zoey! - say hi for kitty in your DMs 🐈‍⬛ [1894074971883732994].mp4,502247,3.250794,"mov,mp4,m4a,3gp,3g2,mj2",h264,aac,720,1280,1235998,moov-before-mdat,remux-faststart-only,yes
/mnt/spirit-8tb/media/tempTwitter/mae - ok can i sit on someones face [2013090193901838336].mp4,508419,2.716735,"mov,mp4,m4a,3gp,3g2,mj2",h264,aac,1024,768,1497147,moov-before-mdat,remux-faststart-only,yes
/mnt/spirit-8tb/media/tempTwitter/hennie ：3 - this ur fav type of asmr？ [1806403360574369792].mp4,519007,11.215238,"mov,mp4,m4a,3gp,3g2,mj2",h264,aac,1280,720,370215,moov-before-mdat,remux-faststart-only,yes
/mnt/spirit-8tb/media/tempTwitter/hennie ：3 - Creampie？ ：3 [1933222419722088449].mp4,521465,6.896327,"mov,mp4,m4a,3gp,3g2,mj2",h264,aac,1280,720,604919,moov-before-mdat,remux-faststart-only,yes
/mnt/spirit-8tb/media/tempTwitter/anikauwu - face reveal [1992505882522099712].mp4,540178,6.849887,"mov,mp4,m4a,3gp,3g2,mj2",h264,aac,576,1024,630875,moov-before-mdat,remux-faststart-only,yes
/mnt/spirit-8tb/media/tempTwitter/4’9 anal princess 👸 - Wataa 👄 [1978823238034640896].mp4,552903,5.549569,"mov,mp4,m4a,3gp,3g2,mj2",h264,aac,720,960,797039,moov-before-mdat,remux-faststart-only,yes
/mnt/spirit-8tb/media/tempTwitter/hennie ：3 - creamy coochie 🤧 [1752440773721858048].mp4,553229,11.981497,"mov,mp4,m4a,3gp,3g2,mj2",h264,aac,1280,720,369388,moov-before-mdat,remux-faststart-only,yes
/mnt/spirit-8tb/media/tempTwitter/hennie ：3 - the best macaroni &lt;3 [1752122022984052736].mp4,553651,10.936599,"mov,mp4,m4a,3gp,3g2,mj2",h264,aac,1280,720,404989,moov-before-mdat,remux-faststart-only,yes
/mnt/spirit-8tb/media/tempTwitter/♡ Vanessa ♡︎ - Naughty or nice？ 💌 [1871573255552745472].mp4,554843,3.433333,"mov,mp4,m4a,3gp,3g2,mj2",h264,,1280,720,1292838,moov-before-mdat,remux-faststart-only,yes
/mnt/spirit-8tb/media/tempTwitter/mae - my ass ate my shorts again 😐 [2012743586794586112].mp4,554901,3.274014,"mov,mp4,m4a,3gp,3g2,mj2",h264,aac,1024,768,1355891,moov-before-mdat,remux-faststart-only,yes
/mnt/spirit-8tb/media/tempTwitter/mae - hey ( twitter is dying ) [1694429122804723712].mp4,571909,4.533333,"mov,mp4,m4a,3gp,3g2,mj2",h264,aac,1012,720,1009251,moov-before-mdat,remux-faststart-only,yes
/mnt/spirit-8tb/media/tempTwitter/°. • 𓆩K𓆪 ✧ °. • - wataa😝 [1989966363079675904].mp4,572882,3.5,"mov,mp4,m4a,3gp,3g2,mj2",h264,,720,1280,1309444,moov-before-mdat,remux-faststart-only,yes
/mnt/spirit-8tb/media/tempTwitter/hennie ：3 - Hehe don’t turn volume up [1827423432272969728].mp4,585186,10.44898,"mov,mp4,m4a,3gp,3g2,mj2",h264,aac,1280,720,448033,moov-before-mdat,remux-faststart-only,yes
/mnt/spirit-8tb/media/tempTwitter/‧͙⁺˚＊･༓☾ bunny ☽༓･＊˚⁺‧͙ - Chudai [1932135553928925184].mp4,589329,4.690431,"mov,mp4,m4a,3gp,3g2,mj2",h264,aac,1280,720,1005159,moov-before-mdat,remux-faststart-only,yes
/mnt/spirit-8tb/media/tempTwitter/hennie ：3 - since yall love coochie asmr&lt;3 [1752774178439331843].mp4,594815,11.726077,"mov,mp4,m4a,3gp,3g2,mj2",h264,aac,1280,720,405806,moov-before-mdat,remux-faststart-only,yes
/mnt/spirit-8tb/media/tempTwitter/ramie - id stop scrolling too [1819195447530909696].mp4,600251,5.994667,"mov,mp4,m4a,3gp,3g2,mj2",h264,aac,852,480,801046,moov-before-mdat,remux-faststart-only,yes
/mnt/spirit-8tb/media/tempTwitter/l u c i ⪩⪨ - mornin hornyy [1874141547047895040].mp4,628274,5.20127,"mov,mp4,m4a,3gp,3g2,mj2",h264,aac,1260,720,966339,moov-before-mdat,remux-faststart-only,yes
/mnt/spirit-8tb/media/tempTwitter/mai ♡ - you next？ ;3 [1905376517586071552].mp4,632945,5.06195,"mov,mp4,m4a,3gp,3g2,mj2",h264,aac,1128,720,1000318,moov-before-mdat,remux-faststart-only,yes
/mnt/spirit-8tb/media/tempTwitter/Lee🕸️ - wataa [1975029638238748672].mp4,633411,4.318912,"mov,mp4,m4a,3gp,3g2,mj2",h264,aac,1280,720,1173278,moov-before-mdat,remux-faststart-only,yes
/mnt/spirit-8tb/media/tempTwitter/ROXANNE 🖤 - Huge balls 😳💦 + big dick 🍆 #2 [1900691194294005762].mp4,652975,3.390113,"mov,mp4,m4a,3gp,3g2,mj2",h264,aac,720,1280,1540892,moov-before-mdat,remux-faststart-only,yes
/mnt/spirit-8tb/media/tempTwitter/Pearl ✿ - Just doing what I love 🤤💜 [2002490267362865152].mp4,665255,4.760091,"mov,mp4,m4a,3gp,3g2,mj2",h264,aac,1062,720,1118054,moov-before-mdat,remux-faststart-only,yes
/mnt/spirit-8tb/media/tempTwitter/21+ - Wataa 🎀 [1881816312693108736].mp4,670000,6.153288,"mov,mp4,m4a,3gp,3g2,mj2",h264,aac,1410,720,871079,moov-before-mdat,mobile-720p,yes
/mnt/spirit-8tb/media/tempTwitter/ROXANNE 🖤 - I need another cock after this nice face fuck 😩👅 from @_daddyhokage 🍆 [1766527733344223232].mp4,674607,4.318912,"mov,mp4,m4a,3gp,3g2,mj2",h264,aac,720,1280,1249586,moov-before-mdat,remux-faststart-only,yes
/mnt/spirit-8tb/media/tempTwitter/hennie ：3 - Marconi noises ：333 [1750833507117805568].mp4,695880,8.359184,"mov,mp4,m4a,3gp,3g2,mj2",h264,aac,1280,720,665978,moov-before-mdat,remux-faststart-only,yes
/mnt/spirit-8tb/media/tempTwitter/♡ Vanessa ♡︎ - Bunny says hi ：P [1892301280522993664].mp4,752216,3.666667,"mov,mp4,m4a,3gp,3g2,mj2",h264,,1080,1920,1641198,moov-before-mdat,mobile-720p,yes
/mnt/spirit-8tb/media/tempTwitter/Linchen1207 - https：⧸⧸t.co⧸OrZJqvbIQT [1981773682528616448].mp4,752897,5.06195,"mov,mp4,m4a,3gp,3g2,mj2",h264,aac,720,1280,1189892,moov-before-mdat,remux-faststart-only,yes
/mnt/spirit-8tb/media/tempTwitter/Miranda Randa - wataa [2019052151532556288].mp4,753622,5.735,"mov,mp4,m4a,3gp,3g2,mj2",h264,,720,1280,1051259,moov-before-mdat,remux-faststart-only,yes
/mnt/spirit-8tb/media/tempTwitter/star - just the TIP !! &gt;：3 [1804213578796298242].mp4,762746,10.10068,"mov,mp4,m4a,3gp,3g2,mj2",h264,aac,1080,596,604114,moov-before-mdat,remux-faststart-only,yes
/mnt/spirit-8tb/media/tempTwitter/༺diosa༻ - wataa🪞 [1879352688766222336].mp4,768908,6.315828,"mov,mp4,m4a,3gp,3g2,mj2",h264,aac,1080,594,973944,moov-before-mdat,remux-faststart-only,yes
/mnt/spirit-8tb/media/tempTwitter/𝔟𝔦𝔫𝔞𝔟𝔞𝔢 - Good morning &lt;3333  #nsfwtwtًً  #asian #alt [2017514956212617216].mp4,779264,7.488,"mov,mp4,m4a,3gp,3g2,mj2",h264,aac,854,480,832547,moov-before-mdat,remux-faststart-only,yes
/mnt/spirit-8tb/media/tempTwitter/𝔟𝔦𝔫𝔞𝔟𝔞𝔢 - Repost for a treat in your dms ：3🖤  #nsfwtwtًً #asian #alt [1996666670119579648].mp4,786772,6.037188,"mov,mp4,m4a,3gp,3g2,mj2",h264,aac,720,1280,1042567,moov-before-mdat,remux-faststart-only,yes
/mnt/spirit-8tb/media/tempTwitter/Cum Bunny - https：⧸⧸t.co⧸mfjxeTQrGe [1970727513866240000].mp4,797887,20.29424,"mov,mp4,m4a,3gp,3g2,mj2",h264,aac,424,640,314527,moov-before-mdat,remux-faststart-only,yes
/mnt/spirit-8tb/media/tempTwitter/Amberny ♡ - say hi for a 🍑 in your dms [1995984143357014016].mp4,806640,6.130068,"mov,mp4,m4a,3gp,3g2,mj2",h264,aac,718,1160,1052699,moov-before-mdat,remux-faststart-only,yes
/mnt/spirit-8tb/media/tempTwitter/Nickii - Chudai 🤎 [2002249697696649216].mp4,810678,3.761633,"mov,mp4,m4a,3gp,3g2,mj2",h264,aac,1280,720,1724098,moov-before-mdat,remux-faststart-only,yes
/mnt/spirit-8tb/media/tempTwitter/hennie ：3 - Wataa &gt;~&lt; [1897088506708791296].mp4,811675,9.752381,"mov,mp4,m4a,3gp,3g2,mj2",h264,aac,1080,554,665827,moov-before-mdat,remux-faststart-only,yes
/mnt/spirit-8tb/media/tempTwitter/ROXANNE 🖤 - booty vs head 😳🍆💦 [1866897633023012864].mp4,830524,6.594467,"mov,mp4,m4a,3gp,3g2,mj2",h264,aac,720,1280,1007540,moov-before-mdat,remux-faststart-only,yes
/mnt/spirit-8tb/media/tempTwitter/mai ♡ - groping ：p [1941284328580775936].mp4,831324,9.361667,"mov,mp4,m4a,3gp,3g2,mj2",h264,,1054,592,710406,moov-before-mdat,remux-faststart-only,yes
/mnt/spirit-8tb/media/tempTwitter/Lina ♡ - Dm 4 menu [1955831774447366144].mp4,837972,3.947392,"mov,mp4,m4a,3gp,3g2,mj2",h264,aac,720,1280,1698279,moov-before-mdat,remux-faststart-only,yes
/mnt/spirit-8tb/media/tempTwitter/Pearl ✿ - Get behind this! [2001997547846438912].mp4,841689,11.586757,"mov,mp4,m4a,3gp,3g2,mj2",h264,aac,960,720,581138,moov-before-mdat,remux-faststart-only,yes
/mnt/spirit-8tb/media/tempTwitter/mae - i do need a seat… [2005657273755123712].mp4,845921,5.24771,"mov,mp4,m4a,3gp,3g2,mj2",h264,aac,1280,720,1289584,moov-before-mdat,remux-faststart-only,yes
/mnt/spirit-8tb/media/tempTwitter/clair ：3 - ：3 #nsfwtwt [1995230663654703104].mp4,857872,9.241542,"mov,mp4,m4a,3gp,3g2,mj2",h264,aac,720,1280,742622,moov-before-mdat,remux-faststart-only,yes
/mnt/spirit-8tb/media/tempTwitter/hennie ：3 - What’s ur volume at hehehe &gt;~&lt; [1886965981542801408].mp4,863985,9.98458,"mov,mp4,m4a,3gp,3g2,mj2",h264,aac,1280,720,692255,moov-before-mdat,remux-faststart-only,yes
/mnt/spirit-8tb/media/tempTwitter/Jazmen - Bigger than my head [2013874954522238979].mp4,867131,4.7,"mov,mp4,m4a,3gp,3g2,mj2",h264,,720,1280,1475967,moov-before-mdat,remux-faststart-only,yes
/mnt/spirit-8tb/media/tempTwitter/mother melons 🍉 - chudai [1984306219205402625].mp4,869208,5.01551,"mov,mp4,m4a,3gp,3g2,mj2",h264,aac,720,1280,1386432,moov-before-mdat,remux-faststart-only,yes
/mnt/spirit-8tb/media/tempTwitter/‧͙⁺˚＊･༓☾ bunny ☽༓･＊˚⁺‧͙ - Chudai [1963419305560694784].mp4,870716,9.241542,"mov,mp4,m4a,3gp,3g2,mj2",h264,aac,960,540,753740,moov-before-mdat,remux-faststart-only,yes
/mnt/spirit-8tb/media/tempTwitter/Bambithick - WATAA 😮‍💨 [1980826340946284544].mp4,871931,6.849887,"mov,mp4,m4a,3gp,3g2,mj2",h264,aac,720,1280,1018330,moov-before-mdat,remux-faststart-only,yes
/mnt/spirit-8tb/media/tempTwitter/l u c i ⪩⪨ - ripped fishnets + mini skirt💦💕 [2004340470160228353].mp4,877702,4.173333,"mov,mp4,m4a,3gp,3g2,mj2",h264,aac,1280,720,1682495,moov-before-mdat,remux-faststart-only,yes
"/mnt/spirit-8tb/media/tempTwitter/ᕱ⑅ᕱ - if ur my bf, i’m sending u vids like this every night [1699132203651981312].mp4",897086,8.891791,"mov,mp4,m4a,3gp,3g2,mj2",h264,aac,720,1280,807113,moov-before-mdat,remux-faststart-only,yes
/mnt/spirit-8tb/media/tempTwitter/ᕱ⑅ᕱ - can’t get enough of me [1622343250983137280].mp4,897227,8.079093,"mov,mp4,m4a,3gp,3g2,mj2",h264,aac,720,1280,888443,moov-before-mdat,remux-faststart-only,yes
"/mnt/spirit-8tb/media/tempTwitter/Pearl ✿ - Bye bye shorts, hello booty! [2003478459717128192].mp4",905588,9.633333,"mov,mp4,m4a,3gp,3g2,mj2",h264,,720,960,752045,moov-before-mdat,remux-faststart-only,yes
/mnt/spirit-8tb/media/tempTwitter/mae - ok i learned i can make it clap [2006220290322534400].mp4,906374,5.828209,"mov,mp4,m4a,3gp,3g2,mj2",h264,aac,1280,720,1244120,moov-before-mdat,remux-faststart-only,yes
/mnt/spirit-8tb/media/tempTwitter/𝓟𝓾𝓹𝓹𝔂𝓑𝓾𝓷𝓼 ໒꒰´ཀ`꒱১ - OMG I FORGOT TO POST THIS FOR PUPBUNS DAY BAHAHAHA [1963644374786428928].mp4,917708,9.380862,"mov,mp4,m4a,3gp,3g2,mj2",h264,aac,1278,656,782621,moov-before-mdat,remux-faststart-only,yes
/mnt/spirit-8tb/media/tempTwitter/mae - anyone awake ？ ：3 [1733658432732110848].mp4,918421,11.424218,"mov,mp4,m4a,3gp,3g2,mj2",h264,aac,1280,720,643139,moov-before-mdat,remux-faststart-only,yes
/mnt/spirit-8tb/media/tempTwitter/Liv - rawr [1930397911210233856].mp4,928446,5,"mov,mp4,m4a,3gp,3g2,mj2",h264,,720,1280,1485513,moov-before-mdat,remux-faststart-only,yes
/mnt/spirit-8tb/media/tempTwitter/star - suckable enough for you？ ♡ [1861493490762276865].mp4,945006,4.966667,"mov,mp4,m4a,3gp,3g2,mj2",h264,,1702,1080,1522157,moov-before-mdat,mobile-720p,yes
/mnt/spirit-8tb/media/tempTwitter/hennie ：3 - Hehe don’t watch in public [1872385504630751232].mp4,955795,10.959819,"mov,mp4,m4a,3gp,3g2,mj2",h264,aac,1280,720,697672,moov-before-mdat,remux-faststart-only,yes
/mnt/spirit-8tb/media/tempTwitter/NATALIE 🍒 ROXANNE - Wataa 💦 [1874861486327422976].mp4,968140,5.990748,"mov,mp4,m4a,3gp,3g2,mj2",h264,aac,720,1280,1292846,moov-before-mdat,remux-faststart-only,yes
/mnt/spirit-8tb/media/tempTwitter/ᕱ⑅ᕱ - can’t remember if i posted this but it doesn’t hurt to see it again  ... [1690833438503530496].mp4,975499,10.401088,"mov,mp4,m4a,3gp,3g2,mj2",h264,aac,720,856,750305,moov-before-mdat,remux-faststart-only,yes
/mnt/spirit-8tb/media/tempTwitter/mae - ＊grinds on you＊ [2002927243660873728].mp4,982311,6.501587,"mov,mp4,m4a,3gp,3g2,mj2",h264,aac,1004,702,1208703,moov-before-mdat,remux-faststart-only,yes
/mnt/spirit-8tb/media/tempTwitter/mae - my ass ate my shorts 😐 [2006992521725890560].mp4,994214,7.035646,"mov,mp4,m4a,3gp,3g2,mj2",h264,aac,1024,768,1130487,moov-before-mdat,remux-faststart-only,yes
/mnt/spirit-8tb/media/tempTwitter/zoey! - Messi or Ronaldo？ ⚽️ [1882527331333349376].mp4,995658,6.501587,"mov,mp4,m4a,3gp,3g2,mj2",h264,aac,720,1280,1225126,moov-before-mdat,remux-faststart-only,yes
/mnt/spirit-8tb/media/tempTwitter/l u c i ⪩⪨ - insert face here ;c 🤍 [1820263362342666240].mp4,1000444,6.571247,"mov,mp4,m4a,3gp,3g2,mj2",h264,aac,1280,720,1217965,moov-before-mdat,remux-faststart-only,yes
/mnt/spirit-8tb/media/tempTwitter/‧͙⁺˚＊･༓☾ bunny ☽༓･＊˚⁺‧͙ - Peekaboo! [1487504108777058311].mp4,1032654,12.166667,"mov,mp4,m4a,3gp,3g2,mj2",h264,,672,1232,679005,moov-before-mdat,remux-faststart-only,yes
/mnt/spirit-8tb/media/tempTwitter/hennie ：3 - Wata 💦 [1978913422709268481].mp4,1043934,11.284898,"mov,mp4,m4a,3gp,3g2,mj2",h264,aac,1280,720,740057,moov-before-mdat,remux-faststart-only,yes
/mnt/spirit-8tb/media/tempTwitter/BBW Queen Aaliyah 👑 - wataa 🛗 [1978270013191532544].mp4,1044564,5.526349,"mov,mp4,m4a,3gp,3g2,mj2",h264,aac,720,960,1512121,moov-before-mdat,remux-faststart-only,yes
/mnt/spirit-8tb/media/tempTwitter/hennie ：3 - Wataa ;) [1899918798888521728].mp4,1050659,12.863855,"mov,mp4,m4a,3gp,3g2,mj2",h264,aac,1280,720,653402,moov-before-mdat,remux-faststart-only,yes
/mnt/spirit-8tb/media/tempTwitter/Ema - Hi = 🍒 Heyy = 🍑 Then check ur messages 👀 [1977813597850849280].mp4,1055880,5.7,"mov,mp4,m4a,3gp,3g2,mj2",h264,,720,1280,1481936,moov-before-mdat,remux-faststart-only,yes
/mnt/spirit-8tb/media/tempTwitter/l u c i ⪩⪨ - creamy gf💦 [2002500089818816513].mp4,1065743,6.292608,"mov,mp4,m4a,3gp,3g2,mj2",h264,aac,1280,720,1354914,moov-before-mdat,remux-faststart-only,yes
/mnt/spirit-8tb/media/tempTwitter/hennie ：3 - R they big enough for u ？ [1874879053637050368].mp4,1084231,11.517098,"mov,mp4,m4a,3gp,3g2,mj2",h264,aac,1080,560,753127,moov-before-mdat,remux-faststart-only,yes
/mnt/spirit-8tb/media/tempTwitter/Amberny ♡ - hehe yea [1965909378416193536].mp4,1086019,8.080544,"mov,mp4,m4a,3gp,3g2,mj2",h264,aac,720,1212,1075193,moov-before-mdat,remux-faststart-only,yes
/mnt/spirit-8tb/media/tempTwitter/Bibi - wataa [1992993669394178050].mp4,1115727,5.03873,"mov,mp4,m4a,3gp,3g2,mj2",h264,aac,720,1280,1771441,moov-before-mdat,remux-faststart-only,yes
/mnt/spirit-8tb/media/tempTwitter/star - destroying my fu＊king throat ♡ [1897385556092272640].mp4,1127545,8.661043,"mov,mp4,m4a,3gp,3g2,mj2",h264,aac,1310,720,1041486,moov-before-mdat,mobile-720p,yes
/mnt/spirit-8tb/media/tempTwitter/‧͙⁺˚＊･༓☾ bunny ☽༓･＊˚⁺‧͙ - Chudai [1952708634313465856].mp4,1127932,6.849887,"mov,mp4,m4a,3gp,3g2,mj2",h264,aac,1280,720,1317314,moov-before-mdat,remux-faststart-only,yes
/mnt/spirit-8tb/media/tempTwitter/༺diosa༻ - wataa 💛 [2020263215549079552].mp4,1131569,5.665669,"mov,mp4,m4a,3gp,3g2,mj2",h264,aac,720,1280,1597790,moov-before-mdat,remux-faststart-only,yes
/mnt/spirit-8tb/media/tempTwitter/mae - who up rn playing w they worm [1570344136716480513].mp4,1140697,11.631746,"mov,mp4,m4a,3gp,3g2,mj2",h264,aac,1280,720,784540,moov-before-mdat,remux-faststart-only,yes
/mnt/spirit-8tb/media/tempTwitter/パイズリアーカイブス - ニットからこぼれる超乳…えっぐ…♡ [1982921437125169152].mp4,1141467,10.01001,"mov,mp4,m4a,3gp,3g2,mj2",h264,,1280,720,912260,moov-before-mdat,remux-faststart-only,yes
/mnt/spirit-8tb/media/tempTwitter/🤠 briii 🤠 - Can I use your 🍆 instead？ [1889783517132750848].mp4,1146686,7.105306,"mov,mp4,m4a,3gp,3g2,mj2",h264,aac,1280,720,1291075,moov-before-mdat,remux-faststart-only,yes
/mnt/spirit-8tb/media/tempTwitter/𝖍𝖆𝖎𝖑𝖊𝖞 𝖖𝖚𝖊𝖊𝖓 🔥 - wataa 🍆 [1910350660685463552].mp4,1147216,6.455147,"mov,mp4,m4a,3gp,3g2,mj2",h264,aac,1082,1080,1421769,moov-before-mdat,remux-faststart-only,yes
/mnt/spirit-8tb/media/tempTwitter/ROXANNE 🖤 - Whos up next ？ [1706392919001927683].mp4,1148378,9.286531,"mov,mp4,m4a,3gp,3g2,mj2",h264,aac,720,1174,989284,moov-before-mdat,remux-faststart-only,yes
/mnt/spirit-8tb/media/tempTwitter/kimchi.delight - he wanted it slow ：p [1903026066773463040].mp4,1150074,14.016,"mov,mp4,m4a,3gp,3g2,mj2",h264,aac,604,1074,656434,moov-before-mdat,remux-faststart-only,yes
/mnt/spirit-8tb/media/tempTwitter/clair ：3 - play w me #nsfwtwt [1938463222224580608].mp4,1153259,12.631655,"mov,mp4,m4a,3gp,3g2,mj2",h264,aac,1280,628,730392,moov-before-mdat,remux-faststart-only,yes
/mnt/spirit-8tb/media/tempTwitter/Gianna J - Chudai 🥵 [2010206448291045376].mp4,1178400,12.190476,"mov,mp4,m4a,3gp,3g2,mj2",h264,aac,758,720,773325,moov-before-mdat,remux-faststart-only,yes
/mnt/spirit-8tb/media/tempTwitter/mae - ready to sit on someone (‘-‘＊ゞ [1577785502602006528].mp4,1182851,3.945941,"mov,mp4,m4a,3gp,3g2,mj2",h264,aac,1280,720,2398111,moov-before-mdat,remux-faststart-only,yes
/mnt/spirit-8tb/media/tempTwitter/l u c i ⪩⪨ - needy + creamy asf💕! [1853145189801672704].mp4,1184759,4.342132,"mov,mp4,m4a,3gp,3g2,mj2",h264,aac,1920,1080,2182815,moov-before-mdat,mobile-720p,yes
/mnt/spirit-8tb/media/tempTwitter/mae - fine goth mommy in the black dress imma delete this later 😭 [1984699429014921216].mp4,1189127,8.684263,"mov,mp4,m4a,3gp,3g2,mj2",h264,aac,1280,720,1095431,moov-before-mdat,remux-faststart-only,yes
/mnt/spirit-8tb/media/tempTwitter/sienna rae - it tastes so yummy [1845227181821071378].mp4,1203812,8.034104,"mov,mp4,m4a,3gp,3g2,mj2",h264,aac,1080,1920,1198701,moov-before-mdat,mobile-720p,yes
"/mnt/spirit-8tb/media/tempTwitter/🤠 briii 🤠 - The doctor said to take it easy, but I don’t think this is what he me... [1822085491346321408].mp4",1217460,9.241542,"mov,mp4,m4a,3gp,3g2,mj2",h264,aac,886,494,1053902,moov-before-mdat,remux-faststart-only,yes
/mnt/spirit-8tb/media/tempTwitter/♡ Vanessa ♡︎ - Feeling touchy [1849518132408287232].mp4,1224523,3.575873,"mov,mp4,m4a,3gp,3g2,mj2",h264,aac,1920,1080,2739522,moov-before-mdat,mobile-720p,yes
/mnt/spirit-8tb/media/tempTwitter/Babydoll Hannah 🩷​ - Chudai 💦 [1957869905157480448].mp4,1252734,5.01551,"mov,mp4,m4a,3gp,3g2,mj2",h264,aac,1080,1920,1998176,moov-before-mdat,mobile-720p,yes
/mnt/spirit-8tb/media/tempTwitter/natalie 🔅 - Chudai 😻 [1988272522388008962].mp4,1255299,12.120816,"mov,mp4,m4a,3gp,3g2,mj2",h264,aac,720,1280,828524,moov-before-mdat,remux-faststart-only,yes
/mnt/spirit-8tb/media/tempTwitter/Throne 🍑 - Stay up late tonight and let me just trigger you with ass I never wan... [1987275642782494720].mp4,1260745,31.532698,"mov,mp4,m4a,3gp,3g2,mj2",h264,aac,848,464,319857,moov-before-mdat,remux-faststart-only,yes
/mnt/spirit-8tb/media/tempTwitter/ROXANNE 🖤 - Can you tell I love sucking @_daddyhokage cock 🍆💦🤍 [1795155162841088000].mp4,1265454,13.676553,"mov,mp4,m4a,3gp,3g2,mj2",h264,aac,540,960,740218,moov-before-mdat,remux-faststart-only,yes
/mnt/spirit-8tb/media/tempTwitter/mae - be honest does my ass look fat [1970274157222076416].mp4,1271896,6.222948,"mov,mp4,m4a,3gp,3g2,mj2",h264,aac,1234,720,1635104,moov-before-mdat,remux-faststart-only,yes
/mnt/spirit-8tb/media/tempTwitter/violet ♡ (Free OF) - can I put them in ur face or whatever ：3 [1945355378687893504].mp4,1285137,6.338333,"mov,mp4,m4a,3gp,3g2,mj2",h264,,1116,604,1622050,moov-before-mdat,remux-faststart-only,yes
/mnt/spirit-8tb/media/tempTwitter/4’9 anal princess 👸 - Chudai？ 👃 [1981722506277933057].mp4,1295543,7.453605,"mov,mp4,m4a,3gp,3g2,mj2",h264,aac,1080,1440,1390514,moov-before-mdat,mobile-720p,yes
/mnt/spirit-8tb/media/tempTwitter/hennie ：3 - 🎤 hello is this thing on… Asmr is back😩 [1863981284663631872].mp4,1305959,13.769433,"mov,mp4,m4a,3gp,3g2,mj2",h264,aac,1280,720,758758,moov-before-mdat,remux-faststart-only,yes
/mnt/spirit-8tb/media/tempTwitter/Mili - Wataa 🥰 [1992664028326592512].mp4,1308574,3.065034,"mov,mp4,m4a,3gp,3g2,mj2",h264,aac,1080,1920,3415489,moov-before-mdat,mobile-720p,yes
/mnt/spirit-8tb/media/tempTwitter/༺diosa༻ - wataa 🌼 [2012590227462684672].mp4,1311086,10.823333,"mov,mp4,m4a,3gp,3g2,mj2",h264,,1280,720,969081,moov-before-mdat,remux-faststart-only,yes
/mnt/spirit-8tb/media/tempTwitter/𝔟𝔦𝔫𝔞𝔟𝔞𝔢 - Treat me like a good girl &lt;3  #nsfwtwtًً #alt #asian [2017156322467192832].mp4,1325854,7.061333,"mov,mp4,m4a,3gp,3g2,mj2",h264,aac,1280,720,1502100,moov-before-mdat,remux-faststart-only,yes
/mnt/spirit-8tb/media/tempTwitter/my.cos🍃 - Good night my gooners 🖤 #alt #asia #egirl #fishnets #goth #goonette #... [2017156322467192832].mp4,1325854,7.061333,"mov,mp4,m4a,3gp,3g2,mj2",h264,aac,1280,720,1502100,moov-before-mdat,remux-faststart-only,yes
"/mnt/spirit-8tb/media/tempTwitter/G00NER GIRL🎀 - OOPS, I DROPPED MY KEYS👀🎀😵‍💫 [1968128350079377408].mp4",1342409,13.722993,"mov,mp4,m4a,3gp,3g2,mj2",h264,aac,540,960,782575,moov-before-mdat,remux-faststart-only,yes
/mnt/spirit-8tb/media/tempTwitter/lil cutie kay 💞 - WATAA 🍑  🔗👇 [1980728194110984192].mp4,1356227,5.897868,"mov,mp4,m4a,3gp,3g2,mj2",h264,aac,1080,1350,1839616,moov-before-mdat,mobile-720p,yes
/mnt/spirit-8tb/media/tempTwitter/He 𓆈 21+ - Let my lips empty you 💋💦💦 [2002298401384529920].mp4,1361140,14.582132,"mov,mp4,m4a,3gp,3g2,mj2",h264,aac,720,956,746744,moov-before-mdat,remux-faststart-only,yes
/mnt/spirit-8tb/media/tempTwitter/mae - 123 for gf [1999504172576849920].mp4,1366841,5.828209,"mov,mp4,m4a,3gp,3g2,mj2",h264,aac,1280,720,1876172,moov-before-mdat,remux-faststart-only,yes
/mnt/spirit-8tb/media/tempTwitter/𝔟𝔦𝔫𝔞𝔟𝔞𝔢 - Cum for me baby &lt;3  #nsfwtwtًً  #asian #alt [2017877491700965376].mp4,1413717,10.112,"mov,mp4,m4a,3gp,3g2,mj2",h264,aac,854,480,1118446,moov-before-mdat,remux-faststart-only,yes
/mnt/spirit-8tb/media/tempTwitter/Mittens - Mittens - Small forehead ones have a special place in my heart [2024542299502333952].mp4,1420482,16.718367,"mov,mp4,m4a,3gp,3g2,mj2",h264,aac,720,1280,679722,moov-before-mdat,remux-faststart-only,yes
/mnt/spirit-8tb/media/tempTwitter/Jey Lilli - Wataa [2019795638834114560].mp4,1423418,10.518639,"mov,mp4,m4a,3gp,3g2,mj2",h264,aac,720,1280,1082587,moov-before-mdat,remux-faststart-only,yes
/mnt/spirit-8tb/media/tempTwitter/ROXANNE 🖤 - Huge balls 😳💦 + big dick 🍆 #1 [1900691194310782977].mp4,1460947,6.989206,"mov,mp4,m4a,3gp,3g2,mj2",h264,aac,720,1280,1672232,moov-before-mdat,remux-faststart-only,yes
/mnt/spirit-8tb/media/tempTwitter/Miyu Marzipan NSFW - First date went well.. [1981235097446629376].mp4,1496428,9.11867,"mov,mp4,m4a,3gp,3g2,mj2",h264,,710,1280,1312847,moov-before-mdat,remux-faststart-only,yes
/mnt/spirit-8tb/media/tempTwitter/star - we almost got caught ˚. ᵎᵎ [1820521475423477760].mp4,1511231,9.566621,"mov,mp4,m4a,3gp,3g2,mj2",h264,aac,1686,720,1263753,moov-before-mdat,mobile-720p,yes
/mnt/spirit-8tb/media/tempTwitter/milktea - omg i need to recreate 😭 [1998631921882939392].mp4,1513132,21.780317,"mov,mp4,m4a,3gp,3g2,mj2",h264,aac,480,852,555779,moov-before-mdat,remux-faststart-only,yes
/mnt/spirit-8tb/media/tempTwitter/star - my girlfriend application  ♡ [1886132641973325826].mp4,1534912,7.430385,"mov,mp4,m4a,3gp,3g2,mj2",h264,aac,1744,1080,1652578,moov-before-mdat,mobile-720p,yes
/mnt/spirit-8tb/media/tempTwitter/ICuckoldress ｜ Top 0.12% on onlyfans - Why do the smallest little cucks always make the most mess？ [1981903935024553985].mp4,1537484,10.4722,"mov,mp4,m4a,3gp,3g2,mj2",h264,aac,720,1280,1174526,moov-before-mdat,remux-faststart-only,yes
/mnt/spirit-8tb/media/tempTwitter/star - fill my mouth？ ᡣ𐭩•.＊+ [1800591943472164865].mp4,1541438,19.063583,"mov,mp4,m4a,3gp,3g2,mj2",h264,aac,1080,606,646861,moov-before-mdat,remux-faststart-only,yes
/mnt/spirit-8tb/media/tempTwitter/🥥 𝙇𝘼𝙏𝘼𝙈 🥥 - cartels collectively trembling [1982485817214828544].mp4,1542958,15.092971,"mov,mp4,m4a,3gp,3g2,mj2",h264,aac,576,1024,817841,moov-before-mdat,remux-faststart-only,yes
/mnt/spirit-8tb/media/tempTwitter/No PPV Bella - Wataa [1960523108604911618].mp4,1556195,9.195102,"mov,mp4,m4a,3gp,3g2,mj2",h264,aac,720,1280,1353933,moov-before-mdat,remux-faststart-only,yes
/mnt/spirit-8tb/media/tempTwitter/mae - spanking and whimpering combo maxxing [1992703038751133696].mp4,1576335,10.634739,"mov,mp4,m4a,3gp,3g2,mj2",h264,aac,1280,720,1185800,moov-before-mdat,remux-faststart-only,yes
/mnt/spirit-8tb/media/tempTwitter/giddy - India Love shows her INSANE talent on stream 👀🔥 [1986547564741562368].mp4,1593499,13.235374,"mov,mp4,m4a,3gp,3g2,mj2",h264,aac,1280,720,963175,moov-before-mdat,remux-faststart-only,yes
/mnt/spirit-8tb/media/tempTwitter/Nickii - CHUDAI 💦 [1939396019579457536].mp4,1594157,8.034104,"mov,mp4,m4a,3gp,3g2,mj2",h264,aac,720,1280,1587389,moov-before-mdat,remux-faststart-only,yes
/mnt/spirit-8tb/media/tempTwitter/hennie ：3 - Wataa 🍒 [1993503856429613056].mp4,1615978,10.10068,"mov,mp4,m4a,3gp,3g2,mj2",h264,aac,1280,720,1279896,moov-before-mdat,remux-faststart-only,yes
/mnt/spirit-8tb/media/tempTwitter/star - so sticky ( ⸝⸝´꒳`⸝⸝) [1808562808629743616].mp4,1681184,20.990839,"mov,mp4,m4a,3gp,3g2,mj2",h264,aac,1280,720,640730,moov-before-mdat,remux-faststart-only,yes
/mnt/spirit-8tb/media/tempTwitter/mishka ౨ৎ - pov： we corner you in the mall [2013376137045360640].mp4,1707048,11.563537,"mov,mp4,m4a,3gp,3g2,mj2",h264,aac,720,1280,1180986,moov-before-mdat,remux-faststart-only,yes
/mnt/spirit-8tb/media/tempTwitter/𝐒ᩚ𝐄ᩚ𝐃ᩚ𝐀ᩚ𝐓ᩚ𝐄ᩚ𝐃ᩚ ᢉ𐭩🦇💓 - wataa 🙂‍↕️💗 [1903543657753399297].mp4,1714265,6.222948,"mov,mp4,m4a,3gp,3g2,mj2",h264,aac,1280,720,2203797,moov-before-mdat,remux-faststart-only,yes
/mnt/spirit-8tb/media/tempTwitter/BABYLING ♡ - can I give you head while you game？ 🤭 @Tae_Jun10 [1906432362197524480].mp4,1716233,11.935057,"mov,mp4,m4a,3gp,3g2,mj2",h264,aac,698,1280,1150381,moov-before-mdat,remux-faststart-only,yes
/mnt/spirit-8tb/media/tempTwitter/Gianna J - Does my ass look better in leggings or out？ 🤔 [1990611883624112128].mp4,1747018,17.786485,"mov,mp4,m4a,3gp,3g2,mj2",h264,aac,972,672,785773,moov-before-mdat,remux-faststart-only,yes
/mnt/spirit-8tb/media/tempTwitter/star - stuffing my little throat ᰔ [1850966540834816000].mp4,1756794,10.0078,"mov,mp4,m4a,3gp,3g2,mj2",h264,aac,1758,1080,1404339,moov-before-mdat,mobile-720p,yes
/mnt/spirit-8tb/media/tempTwitter/DAY 🕷️ - wataa [1955412293010808832].mp4,1777320,11.865397,"mov,mp4,m4a,3gp,3g2,mj2",h264,aac,1280,720,1198321,moov-before-mdat,remux-faststart-only,yes
/mnt/spirit-8tb/media/tempTwitter/Adaora - It's a cræzy world 😔🤦🏻 [1990660660229816321].mp4,1784997,27.399546,"mov,mp4,m4a,3gp,3g2,mj2",h264,aac,360,640,521175,moov-before-mdat,remux-faststart-only,yes
/mnt/spirit-8tb/media/tempTwitter/non aesthetic things - This hotel in China sends a dancing girl with your meal [1982520965536894976].mp4,1788464,15.082667,"mov,mp4,m4a,3gp,3g2,mj2",h264,aac,720,862,948619,moov-before-mdat,remux-faststart-only,yes
/mnt/spirit-8tb/media/tempTwitter/l u c i ⪩⪨ - horny gf vibes ;p 💦 [1871348900352638976].mp4,1794841,7.221406,"mov,mp4,m4a,3gp,3g2,mj2",h264,aac,1920,1080,1988356,moov-before-mdat,mobile-720p,yes
/mnt/spirit-8tb/media/tempTwitter/‧͙⁺˚＊･༓☾ bunny ☽༓･＊˚⁺‧͙ - Wataa [1960706224938213376].mp4,1800107,9.125442,"mov,mp4,m4a,3gp,3g2,mj2",h264,aac,1280,720,1578099,moov-before-mdat,remux-faststart-only,yes
/mnt/spirit-8tb/media/tempTwitter/𝔟𝔦𝔫𝔞𝔟𝔞𝔢 - Heyyyyy ：3  #nsfwtwt #asian #alt [2016543857953865728].mp4,1838617,7.552,"mov,mp4,m4a,3gp,3g2,mj2",h264,aac,1280,720,1947687,moov-before-mdat,remux-faststart-only,yes
/mnt/spirit-8tb/media/tempTwitter/𝔟𝔦𝔫𝔞𝔟𝔞𝔢 - Thanks for 1k &lt;3 [2018344774659416064].mp4,1856434,11.392,"mov,mp4,m4a,3gp,3g2,mj2",h264,aac,1280,720,1303675,moov-before-mdat,remux-faststart-only,yes
/mnt/spirit-8tb/media/tempTwitter/lauren marie - wataa 👧🏼🍌 [1991651849355583488].mp4,1864992,11.563537,"mov,mp4,m4a,3gp,3g2,mj2",h264,aac,720,1058,1290257,moov-before-mdat,remux-faststart-only,yes
/mnt/spirit-8tb/media/tempTwitter/𝐵𝑖𝑥𝑖𝑒 - now imagine it on your 🍆 💦 [1704292116938018817].mp4,1871553,8.613152,"mov,mp4,m4a,3gp,3g2,mj2",h264,aac,720,1280,1738321,moov-before-mdat,remux-faststart-only,yes
/mnt/spirit-8tb/media/tempTwitter/Wild content - Brooo [1982467502568243200].mp4,1892182,35.433651,"mov,mp4,m4a,3gp,3g2,mj2",h264,aac,720,616,427205,moov-before-mdat,remux-faststart-only,yes
/mnt/spirit-8tb/media/tempTwitter/mae - oops didn’t mean to post this [2011714328635002880].mp4,1902043,6.757007,"mov,mp4,m4a,3gp,3g2,mj2",h264,aac,1704,1288,2251935,moov-before-mdat,mobile-720p,yes
/mnt/spirit-8tb/media/tempTwitter/𝕯𝖆𝖉𝖉𝖞 𝕷𝖊𝖝 - May I sit？😝 [1888023438037528576].mp4,1905103,7.291066,"mov,mp4,m4a,3gp,3g2,mj2",h264,aac,1280,720,2090342,moov-before-mdat,remux-faststart-only,yes
/mnt/spirit-8tb/media/tempTwitter/l u c i ⪩⪨ - 👅watch closely [2003882782695583744].mp4,1922210,4.806531,"mov,mp4,m4a,3gp,3g2,mj2",h264,aac,1920,1054,3199330,moov-before-mdat,mobile-720p,yes
/mnt/spirit-8tb/media/tempTwitter/NASTY MEDIA 📺 - Wataa [1957438314077908992].mp4,1931658,13.606893,"mov,mp4,m4a,3gp,3g2,mj2",h264,aac,720,1280,1135693,moov-before-mdat,remux-faststart-only,yes
/mnt/spirit-8tb/media/tempTwitter/mae - ＊rides u＊ [2004730975218241536].mp4,1948933,9.822041,"mov,mp4,m4a,3gp,3g2,mj2",h264,aac,1280,720,1587395,moov-before-mdat,remux-faststart-only,yes
/mnt/spirit-8tb/media/tempTwitter/White girl booty 🍑🤍 - Hot white chick sucking dick 😋  #blowjob #dicksuck #suck #deepthroat ... [1962444480843587585].mp4,1954071,37.532,"mov,mp4,m4a,3gp,3g2,mj2",h264,aac,356,640,416513,moov-before-mdat,remux-faststart-only,yes
/mnt/spirit-8tb/media/tempTwitter/‧͙⁺˚＊･༓☾ bunny ☽༓･＊˚⁺‧͙ - Wataa [1957978795262042113].mp4,1961837,11.958277,"mov,mp4,m4a,3gp,3g2,mj2",h264,aac,1280,720,1312454,moov-before-mdat,remux-faststart-only,yes
/mnt/spirit-8tb/media/tempTwitter/mae - yes i can make it jiggle [2000349373579063296].mp4,1982264,15.58059,"mov,mp4,m4a,3gp,3g2,mj2",h264,aac,1280,720,1017812,moov-before-mdat,remux-faststart-only,yes
"/mnt/spirit-8tb/media/tempTwitter/Pearl ✿ - Bye bye shorts, hello booottyyy!! [2006714277994868736].mp4",2003510,14.535692,"mov,mp4,m4a,3gp,3g2,mj2",h264,aac,720,960,1102670,moov-before-mdat,remux-faststart-only,yes
/mnt/spirit-8tb/media/tempTwitter/♡ Vanessa ♡︎ - Oh hiiiii 👀 [1972689431162175489].mp4,2025460,5.3,"mov,mp4,m4a,3gp,3g2,mj2",h264,,1918,960,3057298,moov-before-mdat,mobile-720p,yes
/mnt/spirit-8tb/media/tempTwitter/star - creamy girl ♡ [1905757413879545856].mp4,2047596,10.05424,"mov,mp4,m4a,3gp,3g2,mj2",h264,aac,1298,720,1629239,moov-before-mdat,mobile-720p,yes
/mnt/spirit-8tb/media/tempTwitter/ᕱ⑅ᕱ - just a little clip gift for u guys for being so sweet ily guys ♡ more... [1578822936525361153].mp4,2054775,20.458021,"mov,mp4,m4a,3gp,3g2,mj2",h264,aac,720,1280,803508,moov-before-mdat,remux-faststart-only,yes
/mnt/spirit-8tb/media/tempTwitter/li wei ~ neet little sister - oh hii mister i hope you dont mind but i caught a glimpse of you chan... [1991587951633907712].mp4,2055221,34.688,"mov,mp4,m4a,3gp,3g2,mj2",h264,aac,1024,576,473990,moov-before-mdat,remux-faststart-only,yes
/mnt/spirit-8tb/media/tempTwitter/𝓟𝓾𝓹𝓹𝔂𝓑𝓾𝓷𝓼 ໒꒰´ཀ`꒱১ - 1 thing about me： I fucking love sickboyrari [1948746221213945856].mp4,2068760,17.113107,"mov,mp4,m4a,3gp,3g2,mj2",h264,aac,1078,582,967099,moov-before-mdat,remux-faststart-only,yes
/mnt/spirit-8tb/media/tempTwitter/𝓟𝓾𝓹𝓹𝔂𝓑𝓾𝓷𝓼 ໒꒰´ཀ`꒱১ - Touching yourself？ This early？!？! On a Tuesday？!？!？!？! [1967964717252562944].mp4,2069163,32.624036,"mov,mp4,m4a,3gp,3g2,mj2",h264,aac,720,394,507395,moov-before-mdat,remux-faststart-only,yes
/mnt/spirit-8tb/media/tempTwitter/ramie - fine u can squish them ：3 [1883170770588676096].mp4,2077873,4.017052,"mov,mp4,m4a,3gp,3g2,mj2",h264,aac,1920,1080,4138105,moov-before-mdat,mobile-720p,yes
/mnt/spirit-8tb/media/tempTwitter/Babydoll Hannah 🩷​ - Chudai 💦 [1980706510142308352].mp4,2089479,5.08517,"mov,mp4,m4a,3gp,3g2,mj2",h264,aac,1080,1920,3287172,moov-before-mdat,mobile-720p,yes
/mnt/spirit-8tb/media/tempTwitter/Summer - Chudai [1971646665783164928].mp4,2144993,11.888617,"mov,mp4,m4a,3gp,3g2,mj2",h264,aac,720,1280,1443392,moov-before-mdat,remux-faststart-only,yes
/mnt/spirit-8tb/media/tempTwitter/LilyKoti 🙀 - What am I up to 😇 [2008177263666233345].mp4,2150771,11.776,"mov,mp4,m4a,3gp,3g2,mj2",h264,aac,1920,1080,1461121,moov-before-mdat,mobile-720p,yes
/mnt/spirit-8tb/media/tempTwitter/༺diosa༻ - wataa 🌺 [2009102368495792128].mp4,2182571,8.962902,"mov,mp4,m4a,3gp,3g2,mj2",h264,aac,1080,1156,1948093,moov-before-mdat,remux-faststart-only,yes
/mnt/spirit-8tb/media/tempTwitter/sienna rae - chudai？ [1918915311165685760].mp4,2183959,4.829751,"mov,mp4,m4a,3gp,3g2,mj2",h264,aac,1080,1440,3617509,moov-before-mdat,mobile-720p,yes
/mnt/spirit-8tb/media/tempTwitter/mai ♡ - did anyone ask for a gooner gf with a fat 🐱 for valentine’s day？ ：3 [2019867885099708416].mp4,2185121,9.543401,"mov,mp4,m4a,3gp,3g2,mj2",h264,aac,720,1280,1831733,moov-before-mdat,remux-faststart-only,yes
"/mnt/spirit-8tb/media/tempTwitter/Pearl ✿ - Build like an hourglass, with some extra sand at the bottom! 🥰☃️ [2003829811752370176].mp4",2185969,16.927347,"mov,mp4,m4a,3gp,3g2,mj2",h264,aac,720,960,1033106,moov-before-mdat,remux-faststart-only,yes
/mnt/spirit-8tb/media/tempTwitter/𝚖𝚊𝚢𝚋𝚎 𝚕𝚎𝚗𝚊🐾 - meow [2004259601852624896].mp4,2200354,20.135,"mov,mp4,m4a,3gp,3g2,mj2",h264,,1024,768,874240,moov-before-mdat,remux-faststart-only,yes
/mnt/spirit-8tb/media/tempTwitter/ROXANNE 🖤 - Wataa 🤓 [1881405491903172608].mp4,2225057,14.628571,"mov,mp4,m4a,3gp,3g2,mj2",h264,aac,720,1280,1216828,moov-before-mdat,remux-faststart-only,yes
/mnt/spirit-8tb/media/tempTwitter/moxie - did you get what you wanted for christmas？ [2004340181529219072].mp4,2242882,12.260136,"mov,mp4,m4a,3gp,3g2,mj2",h264,aac,720,1280,1463528,moov-before-mdat,remux-faststart-only,yes
"/mnt/spirit-8tb/media/tempTwitter/Rita 🍓 - vanilla cake is on the menu, sound good？ [2009041459392167936].mp4",2246206,8.568163,"mov,mp4,m4a,3gp,3g2,mj2",h264,aac,1080,1772,2097257,moov-before-mdat,mobile-720p,yes
/mnt/spirit-8tb/media/tempTwitter/GOONETTE WORSHIPPER🙏🏻🧎 - YOURE SO SICK AND PERVERTED ARENT YOU🤭 I BET YOURE IMAGINING FUCKING ... [1989937734966779904].mp4,2267581,20.650667,"mov,mp4,m4a,3gp,3g2,mj2",h264,aac,836,596,878453,moov-before-mdat,remux-faststart-only,yes
/mnt/spirit-8tb/media/tempTwitter/l u c i ⪩⪨ - yoga pants tease ;p💕 [1966261140620550145].mp4,2282344,7.291066,"mov,mp4,m4a,3gp,3g2,mj2",h264,aac,1920,1080,2504263,moov-before-mdat,mobile-720p,yes
/mnt/spirit-8tb/media/tempTwitter/𝓟𝓾𝓹𝓹𝔂𝓑𝓾𝓷𝓼 ໒꒰´ཀ`꒱১ - can I cum over &amp; bounce on you like this？？ [1971286170303700992].mp4,2282418,8.057324,"mov,mp4,m4a,3gp,3g2,mj2",h264,aac,1280,720,2266179,moov-before-mdat,remux-faststart-only,yes
/mnt/spirit-8tb/media/tempTwitter/𝖍𝖆𝖎𝖑𝖊𝖞 𝖖𝖚𝖊𝖊𝖓 🔥 - wataa 🎃🍆 [1984282454861963264].mp4,2294101,15.789569,"mov,mp4,m4a,3gp,3g2,mj2",h264,aac,848,720,1162337,moov-before-mdat,remux-faststart-only,yes
/mnt/spirit-8tb/media/tempTwitter/star - made for throating ♡ [1876349619971530752].mp4,2325249,19.992381,"mov,mp4,m4a,3gp,3g2,mj2",h264,aac,1310,720,930454,moov-before-mdat,mobile-720p,yes
/mnt/spirit-8tb/media/tempTwitter/mae - i bounce [1995688420723884035].mp4,2341776,14.953651,"mov,mp4,m4a,3gp,3g2,mj2",h264,aac,1280,720,1252818,moov-before-mdat,remux-faststart-only,yes
/mnt/spirit-8tb/media/tempTwitter/𝑳𝙞𝒍𝙡𝒚 ♱ - Assjob till he squirms and spurts his cum all over me~ [1984114614766862336].mp4,2353453,16.648707,"mov,mp4,m4a,3gp,3g2,mj2",h264,aac,1280,720,1130876,moov-before-mdat,remux-faststart-only,yes
/mnt/spirit-8tb/media/tempTwitter/mae - oops didn’t know my mic was on [2002458670207254528].mp4,2356318,11.888617,"mov,mp4,m4a,3gp,3g2,mj2",h264,aac,1280,720,1585596,moov-before-mdat,remux-faststart-only,yes
"/mnt/spirit-8tb/media/tempTwitter/Dr. Clown, PhD - Wait... What the fvck is this!？ [2002010187389878272].mp4",2371923,10.944,"mov,mp4,m4a,3gp,3g2,mj2",h264,aac,720,1280,1733861,moov-before-mdat,remux-faststart-only,yes
/mnt/spirit-8tb/media/tempTwitter/Tiffany Fong - we’re so cooked. [2002010187389878272].mp4,2371923,10.944,"mov,mp4,m4a,3gp,3g2,mj2",h264,aac,720,1280,1733861,moov-before-mdat,remux-faststart-only,yes
/mnt/spirit-8tb/media/tempTwitter/Rubi ✨ - Innocent puppy🤩🤩 [1986786973839949824].mp4,2413840,21.989297,"mov,mp4,m4a,3gp,3g2,mj2",h264,aac,720,1280,878187,moov-before-mdat,remux-faststart-only,yes
/mnt/spirit-8tb/media/tempTwitter/EMmanuel🇳🇬 ⧸ AI Imagery - this is crazy 😭😭😭 [1996910196438769664].mp4,2414679,14.698231,"mov,mp4,m4a,3gp,3g2,mj2",h264,aac,720,1280,1314269,moov-before-mdat,remux-faststart-only,yes
/mnt/spirit-8tb/media/tempTwitter/randy - a bi woman stuck in the 2000s once said “I could go brad or I could g... [1996910196438769664].mp4,2414679,14.698231,"mov,mp4,m4a,3gp,3g2,mj2",h264,aac,720,1280,1314269,moov-before-mdat,remux-faststart-only,yes
"/mnt/spirit-8tb/media/tempTwitter/Vuvu Videos - The guy at the back, with a red hoodie😭😭😭 #videosvuvu [1997806530473734144].mp4",2445107,14.326712,"mov,mp4,m4a,3gp,3g2,mj2",h264,aac,720,1280,1365341,moov-before-mdat,remux-faststart-only,yes
"/mnt/spirit-8tb/media/tempTwitter/Ashley G - Let me give you some head in a hat🤭🙃🥰  FULL VIDEO IS IN MY OF, LINK B... [2002173737471193088].mp4",2451200,15.13941,"mov,mp4,m4a,3gp,3g2,mj2",h264,aac,720,1280,1295268,moov-before-mdat,remux-faststart-only,yes
/mnt/spirit-8tb/media/tempTwitter/ᕱ⑅ᕱ - bunni boobiessss [1617468775544291331].mp4,2457853,21.133021,"mov,mp4,m4a,3gp,3g2,mj2",h264,aac,720,974,930431,moov-before-mdat,remux-faststart-only,yes
"/mnt/spirit-8tb/media/tempTwitter/mae - do it for mommy .. ♡   ( audio , moan , moaning , audios , nsfw ) [1906212398446551040].mp4",2469898,87.330249,"mov,mp4,m4a,3gp,3g2,mj2",h264,aac,1920,1080,226258,moov-before-mdat,mobile-720p,yes
/mnt/spirit-8tb/media/tempTwitter/hennie ：3 - Coochie asmr hehe &gt;~&lt; [1885409018044440578].mp4,2481603,13.235374,"mov,mp4,m4a,3gp,3g2,mj2",h264,aac,1906,1080,1499982,moov-before-mdat,mobile-720p,yes
/mnt/spirit-8tb/media/tempTwitter/Pearl ✿ - The perfect place for your face! [2009383333445148672].mp4,2500541,17.159546,"mov,mp4,m4a,3gp,3g2,mj2",h264,aac,720,960,1165784,moov-before-mdat,remux-faststart-only,yes
/mnt/spirit-8tb/media/tempTwitter/Jayde - wataa [1972851083153166336].mp4,2517053,10.453333,"mov,mp4,m4a,3gp,3g2,mj2",h264,aac,1080,1920,1926316,moov-before-mdat,mobile-720p,yes
/mnt/spirit-8tb/media/tempTwitter/Throne 🍑 - I bet those balls are so fucking full right now 😵‍💫 Let me see how fa... [1989093348460662784].mp4,2518673,5.967528,"mov,mp4,m4a,3gp,3g2,mj2",h264,aac,1290,2056,3376504,moov-before-mdat,mobile-720p,yes
/mnt/spirit-8tb/media/tempTwitter/21+ - may i bounce on you like thiss!？😘💕 [1877082359645806592].mp4,2535005,5.08517,"mov,mp4,m4a,3gp,3g2,mj2",h264,aac,1842,1080,3988075,moov-before-mdat,mobile-720p,yes
/mnt/spirit-8tb/media/tempTwitter/Katie Vaynes 💋 - @MissBNasty [1942628508552790016].mp4,2543766,13.792653,"mov,mp4,m4a,3gp,3g2,mj2",h264,aac,720,1280,1475432,moov-before-mdat,remux-faststart-only,yes
"/mnt/spirit-8tb/media/tempTwitter/kimchi.delight - I told him no gifts for Valentine’s day, all i wanted was some good d... [1890571210645229568].mp4",2566741,8.986122,"mov,mp4,m4a,3gp,3g2,mj2",h264,aac,1080,1920,2285071,moov-before-mdat,mobile-720p,yes
/mnt/spirit-8tb/media/tempTwitter/mae - ★ nsfw audio ｜ cw： mommy gf  • kisses &amp; whispers • good boy prais... [1729626059489079296].mp4,2570120,81.233021,"mov,mp4,m4a,3gp,3g2,mj2",h264,aac,1280,720,253110,moov-before-mdat,remux-faststart-only,yes
/mnt/spirit-8tb/media/tempTwitter/Mulan - Morning routine？ Just a little bit of mint and a lot of glow [1900254312602771457].mp4,2571613,12.933515,"mov,mp4,m4a,3gp,3g2,mj2",h264,aac,720,1280,1590666,moov-before-mdat,remux-faststart-only,yes
/mnt/spirit-8tb/media/tempTwitter/Cum Bunny - https：⧸⧸t.co⧸TgzFPl4HdU [1791068218653601792].mp4,2581853,35.317551,"mov,mp4,m4a,3gp,3g2,mj2",h264,aac,470,854,584831,moov-before-mdat,remux-faststart-only,yes
/mnt/spirit-8tb/media/tempTwitter/violet ♡ (Free OF) - can I stroke you like this？ ：3 [1969924336107585536].mp4,2608123,17.6,"mov,mp4,m4a,3gp,3g2,mj2",h264,,1250,702,1185510,moov-before-mdat,remux-faststart-only,yes
/mnt/spirit-8tb/media/tempTwitter/♥ KATE LOVES CUM ♥ - https：⧸⧸t.co⧸FOFNScJXe0 [2001464847339270144].mp4,2644006,15.48771,"mov,mp4,m4a,3gp,3g2,mj2",h264,aac,1280,720,1365731,moov-before-mdat,remux-faststart-only,yes
/mnt/spirit-8tb/media/tempTwitter/Addictedtoana - The question I get the most  “are u the waffle lady？”  Nope 🙂‍↔️ I’m ... [1995252864201965568].mp4,2667985,8.916463,"mov,mp4,m4a,3gp,3g2,mj2",h264,aac,1080,1920,2393760,moov-before-mdat,mobile-720p,yes
/mnt/spirit-8tb/media/tempTwitter/Lina ♡ - Lil bimbo lips 👄💕✨ [1976163185142136833].mp4,2715195,10.19356,"mov,mp4,m4a,3gp,3g2,mj2",h264,aac,1440,1080,2130910,moov-before-mdat,mobile-720p,yes
/mnt/spirit-8tb/media/tempTwitter/𝔟𝔦𝔫𝔞𝔟𝔞𝔢 - Come play with me~  #nsfwtwt #asian #alt [2016978866431016960].mp4,2716303,11.818667,"mov,mp4,m4a,3gp,3g2,mj2",h264,aac,1280,720,1838652,moov-before-mdat,remux-faststart-only,yes
/mnt/spirit-8tb/media/tempTwitter/hennie ：3 - cum in my mouth or on my boobies？ [1877435734904418306].mp4,2743908,17.740045,"mov,mp4,m4a,3gp,3g2,mj2",h264,aac,1920,1080,1237384,moov-before-mdat,mobile-720p,yes
/mnt/spirit-8tb/media/tempTwitter/𝖍𝖆𝖎𝖑𝖊𝖞 𝖖𝖚𝖊𝖊𝖓 🔥 - wataa 🤤 [1923774990320545792].mp4,2794386,15.882449,"mov,mp4,m4a,3gp,3g2,mj2",h264,aac,1080,1080,1407534,moov-before-mdat,remux-faststart-only,yes
/mnt/spirit-8tb/media/tempTwitter/hennie ：3 - Wataa 🍒 [1992789864547516417].mp4,2795721,7.569705,"mov,mp4,m4a,3gp,3g2,mj2",h264,aac,1920,1080,2954641,moov-before-mdat,mobile-720p,yes
/mnt/spirit-8tb/media/tempTwitter/star - use my pretty mouth？ ౨ৎ [1840093337459490816].mp4,2801773,19.156463,"mov,mp4,m4a,3gp,3g2,mj2",h264,aac,1766,1080,1170058,moov-before-mdat,mobile-720p,yes
/mnt/spirit-8tb/media/tempTwitter/Boobies Public Flashing 🍒 - WATAA💦💦 [1965495741058568193].mp4,2812938,22.291156,"mov,mp4,m4a,3gp,3g2,mj2",h264,aac,1280,720,1009526,moov-before-mdat,remux-faststart-only,yes
/mnt/spirit-8tb/media/tempTwitter/blowjobs - #blowjob #carsex [1977736483084582912].mp4,2880487,35.340771,"mov,mp4,m4a,3gp,3g2,mj2",h264,aac,720,738,652048,moov-before-mdat,remux-faststart-only,yes
/mnt/spirit-8tb/media/tempTwitter/star - first date idea？  ₊˚⊹ᰔ [1815493609463934976].mp4,2903565,22.244717,"mov,mp4,m4a,3gp,3g2,mj2",h264,aac,1318,720,1044226,moov-before-mdat,mobile-720p,yes
/mnt/spirit-8tb/media/tempTwitter/Dani 🍑 - Chudai 💦 [1960889847528165376].mp4,2917034,17.229206,"mov,mp4,m4a,3gp,3g2,mj2",h264,aac,720,1280,1354460,moov-before-mdat,remux-faststart-only,yes
/mnt/spirit-8tb/media/tempTwitter/axify - Pokimane counted down from 10 and chat started WILDING😭💀 [2009705425596264448].mp4,2963527,20.2478,"mov,mp4,m4a,3gp,3g2,mj2",h264,aac,1080,1080,1170903,moov-before-mdat,remux-faststart-only,yes
/mnt/spirit-8tb/media/tempTwitter/paix - https：⧸⧸t.co⧸bkElyTpezR [2009705425596264448].mp4,2963527,20.2478,"mov,mp4,m4a,3gp,3g2,mj2",h264,aac,1080,1080,1170903,moov-before-mdat,remux-faststart-only,yes
/mnt/spirit-8tb/media/tempTwitter/Katie Vaynes 💋 - Wataa [2013020596376903680].mp4,3009211,5.851429,"mov,mp4,m4a,3gp,3g2,mj2",h264,aac,1920,1080,4114155,moov-before-mdat,mobile-720p,yes
/mnt/spirit-8tb/media/tempTwitter/Sarah Shaye ♡ - Tits are meant to be braless anyway [1973633806415396864].mp4,3029016,8.042667,"mov,mp4,m4a,3gp,3g2,mj2",h264,aac,1920,1080,3012946,moov-before-mdat,mobile-720p,yes
/mnt/spirit-8tb/media/tempTwitter/Pearl ✿ - Your view right before I sit on your face! 🤗 [2003576924304482304].mp4,3048160,18.993923,"mov,mp4,m4a,3gp,3g2,mj2",h264,aac,720,1280,1283846,moov-before-mdat,remux-faststart-only,yes
/mnt/spirit-8tb/media/tempTwitter/813ARCHIVES - 休日出勤を頑張るあなたにオススメの1本！ 北嶋あんの爆乳を堪能して今日を頑張ろう💪 【PR】 [1986972133181079552].mp4,3069800,49.226304,"mov,mp4,m4a,3gp,3g2,mj2",h264,aac,720,404,498887,moov-before-mdat,remux-faststart-only,yes
/mnt/spirit-8tb/media/tempTwitter/Rita 🍓 - i can keep your face warm [2000693968145874944].mp4,3078586,16.783333,"mov,mp4,m4a,3gp,3g2,mj2",h264,,1080,1560,1467449,moov-before-mdat,mobile-720p,yes
/mnt/spirit-8tb/media/tempTwitter/l u c i ⪩⪨ - are you pulling out？ [1857498388364738560].mp4,3086813,7.801905,"mov,mp4,m4a,3gp,3g2,mj2",h264,aac,1920,1080,3165189,moov-before-mdat,mobile-720p,yes
/mnt/spirit-8tb/media/tempTwitter/Girls Finnishing theJob - https：⧸⧸t.co⧸RrMah2UiKw [1968259466614161408].mp4,3087096,60.117333,"mov,mp4,m4a,3gp,3g2,mj2",h264,aac,480,598,410809,moov-before-mdat,remux-faststart-only,yes
/mnt/spirit-8tb/media/tempTwitter/𝕯𝖆𝖉𝖉𝖞 𝕷𝖊𝖝 - Wataa 😋 [1960732586851909633].mp4,3091240,11.586757,"mov,mp4,m4a,3gp,3g2,mj2",h264,aac,720,1280,2134326,moov-before-mdat,remux-faststart-only,yes
/mnt/spirit-8tb/media/tempTwitter/Rita 🍓 - sheesh [1991624940366200832].mp4,3098442,14.210612,"mov,mp4,m4a,3gp,3g2,mj2",h264,aac,1080,1652,1744297,moov-before-mdat,mobile-720p,yes
/mnt/spirit-8tb/media/tempTwitter/BABYLING ♡ - do you love it when i get naked for you？ 💖 [1906835117366009856].mp4,3103745,9.868481,"mov,mp4,m4a,3gp,3g2,mj2",h264,aac,1080,1920,2516087,moov-before-mdat,mobile-720p,yes
/mnt/spirit-8tb/media/tempTwitter/Bambithick - WATAA 💦 [1997123145455546368].mp4,3178260,5.15483,"mov,mp4,m4a,3gp,3g2,mj2",h264,aac,1440,2560,4932476,moov-before-mdat,mobile-720p,yes
/mnt/spirit-8tb/media/tempTwitter/♡ 𝐄𝐯𝐞 𝐃𝐚𝐫𝐥𝐢𝐧𝐠 ♡ - Trying my best to deepthroat @1BigSecretBoy's huge cock [1998107828222148608].mp4,3180162,28.490884,"mov,mp4,m4a,3gp,3g2,mj2",h264,aac,1280,720,892962,moov-before-mdat,remux-faststart-only,yes
/mnt/spirit-8tb/media/tempTwitter/Aaliyah Yasin - VID SOLD! Aaliyah Yasin invites a white guy to her hotel room 🔥 Check... [2021135231126798336].mp4,3188406,28.630204,"mov,mp4,m4a,3gp,3g2,mj2",h264,aac,1280,720,890920,moov-before-mdat,remux-faststart-only,yes
/mnt/spirit-8tb/media/tempTwitter/silly gooner - GREAT VIDEO [1969886125155115009].mp4,3190455,58.328526,"mov,mp4,m4a,3gp,3g2,mj2",h264,aac,360,638,437584,moov-before-mdat,remux-faststart-only,yes
/mnt/spirit-8tb/media/tempTwitter/TheSeductiveHotwife💕(Throat GOAT) - On the way to the gym I stopped by DD's place to prove I could still ... [1702670851923963905].mp4,3266089,21.46,"mov,mp4,m4a,3gp,3g2,mj2",h264,aac,720,1280,1217554,moov-before-mdat,remux-faststart-only,yes
/mnt/spirit-8tb/media/tempTwitter/hennie ：3 - Hehe asmr coochie back [1931045430550511616].mp4,3270832,12.074376,"mov,mp4,m4a,3gp,3g2,mj2",h264,aac,1920,1080,2167122,moov-before-mdat,mobile-720p,yes
/mnt/spirit-8tb/media/tempTwitter/ᕱ⑅ᕱ - i’m brainwashing you [1694596602810540032].mp4,3288167,25.354739,"mov,mp4,m4a,3gp,3g2,mj2",h264,aac,1280,720,1037491,moov-before-mdat,remux-faststart-only,yes
/mnt/spirit-8tb/media/tempTwitter/Unknown - https：⧸⧸t.co⧸umPxn6tMvd [2008703871741206528].mp4,3292739,22.337596,"mov,mp4,m4a,3gp,3g2,mj2",h264,aac,720,1280,1179263,moov-before-mdat,remux-faststart-only,yes
/mnt/spirit-8tb/media/tempTwitter/Bri - got a place for me to sit？ [1990468605918547968].mp4,3302260,21.710658,"mov,mp4,m4a,3gp,3g2,mj2",h264,aac,1280,672,1216825,moov-before-mdat,remux-faststart-only,yes
/mnt/spirit-8tb/media/tempTwitter/Julia 🩵 FREE OF - Julia 🩵 FREE OF - https：⧸⧸t.co⧸tTzGsI5zpb [2030983540830261248].mp4,3312222,14.558912,"mov,mp4,m4a,3gp,3g2,mj2",h264,aac,720,1280,1820038,moov-before-mdat,remux-faststart-only,yes
/mnt/spirit-8tb/media/tempTwitter/パイズリアーカイブス - ムッチムチの乳マ○コでノーハンドパイズリ挟射 [1987200736531558400].mp4,3357628,60.093243,"mov,mp4,m4a,3gp,3g2,mj2",h264,aac,640,360,446989,moov-before-mdat,remux-faststart-only,yes
/mnt/spirit-8tb/media/tempTwitter/Dani 🍑 - Wataa 💦 [1973523702990917632].mp4,3359160,18.599184,"mov,mp4,m4a,3gp,3g2,mj2",h264,aac,720,1280,1444863,moov-before-mdat,remux-faststart-only,yes
/mnt/spirit-8tb/media/tempTwitter/naomi! - CHUDAI [2020607116772278272].mp4,3362066,21.501678,"mov,mp4,m4a,3gp,3g2,mj2",h264,aac,1280,720,1250903,moov-before-mdat,remux-faststart-only,yes
/mnt/spirit-8tb/media/tempTwitter/stella👼 - i love nighttime facials 💗 [1760481077603487745].mp4,3367030,36.664308,"mov,mp4,m4a,3gp,3g2,mj2",h264,aac,540,960,734671,moov-before-mdat,remux-faststart-only,yes
/mnt/spirit-8tb/media/tempTwitter/Slvtty.bxnny - Had to be quiet for this one 🤭  #nsfwtwť  #squirting #goonette [1930876860889452544].mp4,3376185,23.150295,"mov,mp4,m4a,3gp,3g2,mj2",h264,aac,1280,720,1166701,moov-before-mdat,remux-faststart-only,yes
/mnt/spirit-8tb/media/tempTwitter/star - stuffed my mouth ᰔ‧₊˚⊹ [1829585542645727254].mp4,3427630,25.890249,"mov,mp4,m4a,3gp,3g2,mj2",h264,aac,1258,720,1059126,moov-before-mdat,remux-faststart-only,yes
/mnt/spirit-8tb/media/tempTwitter/Babydoll Hannah 🩷​ - Chudai 🥵 [1969446832074842112].mp4,3428967,4.295692,"mov,mp4,m4a,3gp,3g2,mj2",h264,aac,2160,3840,6385871,moov-before-mdat,mobile-720p,yes
/mnt/spirit-8tb/media/tempTwitter/Katie Vaynes 💋 - Chudai [2009592296140951552].mp4,3463222,6.385488,"mov,mp4,m4a,3gp,3g2,mj2",h264,aac,1920,1080,4338865,moov-before-mdat,mobile-720p,yes
/mnt/spirit-8tb/media/tempTwitter/𝙰𝚑𝚖a𝚍👻 - Learning how to be the ultimate wife in one easy course. [1993351124615659521].mp4,3480557,24.195193,"mov,mp4,m4a,3gp,3g2,mj2",h264,aac,720,1280,1150825,moov-before-mdat,remux-faststart-only,yes
/mnt/spirit-8tb/media/tempTwitter/Good Girl Kate 💗 - Good Girl Kate 💗 - https：⧸⧸t.co⧸MaidfGUiUW [2030063803292151808].mp4,3515671,25.37941,"mov,mp4,m4a,3gp,3g2,mj2",h264,aac,720,1280,1108196,moov-before-mdat,remux-faststart-only,yes
/mnt/spirit-8tb/media/tempTwitter/Slvtty.bxnny - Moaning + creaming 😋  #nsfwtwt #creamy #goonette [1930029509396312064].mp4,3532627,18.993923,"mov,mp4,m4a,3gp,3g2,mj2",h264,aac,1280,720,1487897,moov-before-mdat,remux-faststart-only,yes
/mnt/spirit-8tb/media/tempTwitter/✦ CUMSLUT ✦ - https：⧸⧸t.co⧸HhWxGanu4Q [2005678079671181314].mp4,3585145,21.130159,"mov,mp4,m4a,3gp,3g2,mj2",h264,aac,1280,720,1357356,moov-before-mdat,remux-faststart-only,yes
/mnt/spirit-8tb/media/tempTwitter/sexxual - bounce on it like this 😩😩😩 [1982523007881863168].mp4,3626969,51.36254,"mov,mp4,m4a,3gp,3g2,mj2",h264,aac,378,718,564920,moov-before-mdat,remux-faststart-only,yes
/mnt/spirit-8tb/media/tempTwitter/b i g - https：⧸⧸t.co⧸mjGVhy4eso [2003562517633630208].mp4,3727827,25.031111,"mov,mp4,m4a,3gp,3g2,mj2",h264,aac,720,1280,1191421,moov-before-mdat,remux-faststart-only,yes
/mnt/spirit-8tb/media/tempTwitter/Woe - dont zoom in 🚨 (i warned you) [1970220814889865216].mp4,3727827,25.031111,"mov,mp4,m4a,3gp,3g2,mj2",h264,aac,720,1280,1191421,moov-before-mdat,remux-faststart-only,yes
/mnt/spirit-8tb/media/tempTwitter/༺diosa༻ - wataa 💝 [2004281274479808513].mp4,3767826,10.518639,"mov,mp4,m4a,3gp,3g2,mj2",h264,aac,1920,1078,2865637,moov-before-mdat,mobile-720p,yes
/mnt/spirit-8tb/media/tempTwitter/Jessica Kinley - Chudai 💦 [1980414357767852032].mp4,3779751,18.738503,"mov,mp4,m4a,3gp,3g2,mj2",h264,aac,884,1564,1613683,moov-before-mdat,mobile-720p,yes
/mnt/spirit-8tb/media/tempTwitter/Cum Bunny - https：⧸⧸t.co⧸cLcOOctvjr [1997161542983299072].mp4,3792453,64.040635,"mov,mp4,m4a,3gp,3g2,mj2",h264,aac,384,640,473755,moov-before-mdat,remux-faststart-only,yes
/mnt/spirit-8tb/media/tempTwitter/Rita 🍓 - too much？ [1968787858699005952].mp4,3796431,12.260136,"mov,mp4,m4a,3gp,3g2,mj2",h264,aac,1080,1448,2477252,moov-before-mdat,mobile-720p,yes
/mnt/spirit-8tb/media/tempTwitter/༺diosa༻ - wataa 🤍 [2008308156204515328].mp4,3802215,4.066667,"mov,mp4,m4a,3gp,3g2,mj2",h264,,2160,2808,7479766,moov-before-mdat,mobile-720p,yes
/mnt/spirit-8tb/media/tempTwitter/Bibi - wataa [1986314414392213504].mp4,3859631,9.961361,"mov,mp4,m4a,3gp,3g2,mj2",h264,aac,1920,1080,3099681,moov-before-mdat,mobile-720p,yes
/mnt/spirit-8tb/media/tempTwitter/Katie Vaynes 💋 - Chudai [2011042910402125824].mp4,4019980,22.569796,"mov,mp4,m4a,3gp,3g2,mj2",h264,aac,1280,720,1424906,moov-before-mdat,remux-faststart-only,yes
/mnt/spirit-8tb/media/tempTwitter/Lina ♡ - Free use slut 🔅‼️ [1951816657896366080].mp4,4170125,15.046531,"mov,mp4,m4a,3gp,3g2,mj2",h264,aac,1440,1080,2217188,moov-before-mdat,mobile-720p,yes
/mnt/spirit-8tb/media/tempTwitter/I Love Cumwalks (250k) 🔞 - This epic @ArtemisCarmona cumwalk (featuring a huge load from @Plaste... [1914093291450060800].mp4,4178182,19.498667,"mov,mp4,m4a,3gp,3g2,mj2",h264,aac,1280,720,1714243,moov-before-mdat,remux-faststart-only,yes
/mnt/spirit-8tb/media/tempTwitter/singularity - singularity - https：⧸⧸t.co⧸nOTymAPLRW [2039898455334625280].mp4,4217521,37.059048,"mov,mp4,m4a,3gp,3g2,mj2",h264,aac,720,1280,910443,moov-before-mdat,remux-faststart-only,yes
/mnt/spirit-8tb/media/tempTwitter/SWOO ☆ - Wataa [1979928354707951617].mp4,4243872,18.784943,"mov,mp4,m4a,3gp,3g2,mj2",h264,aac,720,1280,1807350,moov-before-mdat,remux-faststart-only,yes
/mnt/spirit-8tb/media/tempTwitter/パイズリアーカイブス - ヌーブラパイズリで静かに挟射 [2017708794852360192].mp4,4265603,30.046621,"mov,mp4,m4a,3gp,3g2,mj2",h264,aac,1030,720,1135729,moov-before-mdat,remux-faststart-only,yes
"/mnt/spirit-8tb/media/tempTwitter/LilyKoti 🙀 - Here, some soft big titties for your start of the week 🥰 [2008176940864114688].mp4",4286117,17.472,"mov,mp4,m4a,3gp,3g2,mj2",h264,aac,1920,1080,1962507,moov-before-mdat,mobile-720p,yes
/mnt/spirit-8tb/media/tempTwitter/Ice Spice HQ - we moved on from this too fast [1973607598130712576].mp4,4294965,16.602268,"mov,mp4,m4a,3gp,3g2,mj2",h264,aac,720,1280,2069579,moov-before-mdat,remux-faststart-only,yes
/mnt/spirit-8tb/media/tempTwitter/Lina ♡ - Can I give u sloppy daddy？ 🥹👅 [1950679723966869504].mp4,4295489,19.086803,"mov,mp4,m4a,3gp,3g2,mj2",h264,aac,720,1280,1800401,moov-before-mdat,remux-faststart-only,yes
/mnt/spirit-8tb/media/tempTwitter/Bambithick - Wataa 💦 [1984678866837786624].mp4,4298563,3.552653,"mov,mp4,m4a,3gp,3g2,mj2",h264,aac,2160,3840,9679668,moov-before-mdat,mobile-720p,yes
/mnt/spirit-8tb/media/tempTwitter/Twerk Legends - Twerking and bending that phat ass booty over #twerk [1980852385481195520].mp4,4323078,20.68898,"mov,mp4,m4a,3gp,3g2,mj2",h264,aac,716,1280,1671644,moov-before-mdat,remux-faststart-only,yes
/mnt/spirit-8tb/media/tempTwitter/Rbbca - Wataa [1904946518005833728].mp4,4362806,32.438277,"mov,mp4,m4a,3gp,3g2,mj2",h264,aac,720,1158,1075964,moov-before-mdat,remux-faststart-only,yes
/mnt/spirit-8tb/media/tempTwitter/sienna rae - am I good enough for you？ [1852559606062428160].mp4,4412213,12.747755,"mov,mp4,m4a,3gp,3g2,mj2",h264,aac,1080,1920,2768934,moov-before-mdat,mobile-720p,yes
/mnt/spirit-8tb/media/tempTwitter/SWOO ☆ - Wataa [1977457971450744833].mp4,4431569,8.243084,"mov,mp4,m4a,3gp,3g2,mj2",h264,aac,1080,1920,4300884,moov-before-mdat,mobile-720p,yes
/mnt/spirit-8tb/media/tempTwitter/Barstool Sports - “How bad are the Dolphins？” [1983710537084207104].mp4,4449718,20.828299,"mov,mp4,m4a,3gp,3g2,mj2",h264,aac,720,1280,1709104,moov-before-mdat,remux-faststart-only,yes
/mnt/spirit-8tb/media/tempTwitter/Variety - #SydneySweeney arrives to Variety's #PowerOfWomen red carpet where sh... [1983710537084207104].mp4,4449718,20.828299,"mov,mp4,m4a,3gp,3g2,mj2",h264,aac,720,1280,1709104,moov-before-mdat,remux-faststart-only,yes
/mnt/spirit-8tb/media/tempTwitter/♠️ BBC ORGASM ♠️ 170K - The BBC will make your lover unrecognizable. You will witness for the... [2018756241900593153].mp4,4459928,15.11619,"mov,mp4,m4a,3gp,3g2,mj2",h264,aac,1080,1920,2360345,moov-before-mdat,mobile-720p,yes
/mnt/spirit-8tb/media/tempTwitter/𝙑𝙤𝙡𝙪𝙥𝙩𝙪𝙤𝙪𝙨 𝙑𝙮𝙗𝙚𝙯 💖(ᴾᵒʳⁿ ᴹᵒᵐᵐʸ ⁺)💫 - Wataa 💦 [1987066296333217792].mp4,4470649,31.973878,"mov,mp4,m4a,3gp,3g2,mj2",h264,aac,720,1280,1118575,moov-before-mdat,remux-faststart-only,yes
/mnt/spirit-8tb/media/tempTwitter/SWOO ☆ - Wataa [1979228503947014144].mp4,4514000,22.337596,"mov,mp4,m4a,3gp,3g2,mj2",h264,aac,720,1280,1616646,moov-before-mdat,remux-faststart-only,yes
/mnt/spirit-8tb/media/tempTwitter/C A L A M I T Y ! - WATAA 👅 [1988643816807559171].mp4,4520952,20.57288,"mov,mp4,m4a,3gp,3g2,mj2",h264,aac,1080,1440,1758023,moov-before-mdat,mobile-720p,yes
/mnt/spirit-8tb/media/tempTwitter/Katie Vaynes 💋 - How rough would you be with me？ [2013756552323248128].mp4,4603262,11.772517,"mov,mp4,m4a,3gp,3g2,mj2",h264,aac,1920,1080,3128141,moov-before-mdat,mobile-720p,yes
/mnt/spirit-8tb/media/tempTwitter/༺diosa༻ - wataa 💗 [2012643835713576960].mp4,4604504,8.02,"mov,mp4,m4a,3gp,3g2,mj2",h264,,1920,1080,4593021,moov-before-mdat,mobile-720p,yes
/mnt/spirit-8tb/media/tempTwitter/b i g - 🔗 - @NowFaceBaby [1986834393004904448].mp4,4618183,53.243356,"mov,mp4,m4a,3gp,3g2,mj2",h264,aac,608,1080,693898,moov-before-mdat,remux-faststart-only,yes
/mnt/spirit-8tb/media/tempTwitter/パイズリアーカイブス - サキュバス姉さん最高すぎる… パイズリ挟射で全部搾り取って…🥵💦🥵💦🥵 [1990254872130883584].mp4,4619557,96.223492,"mov,mp4,m4a,3gp,3g2,mj2",h264,aac,640,360,384068,moov-before-mdat,remux-faststart-only,yes
/mnt/spirit-8tb/media/tempTwitter/😵‍💫 D.P Lovecraft - https：⧸⧸t.co⧸QPZjLTEXOC [1980685750053031936].mp4,4619931,29.952,"mov,mp4,m4a,3gp,3g2,mj2",h264,aac,1280,720,1233955,moov-before-mdat,remux-faststart-only,yes
/mnt/spirit-8tb/media/tempTwitter/Goonin4pawgs - Wataa💦 [1974010929982459905].mp4,4623328,51.919819,"mov,mp4,m4a,3gp,3g2,mj2",h264,aac,720,1192,712379,moov-before-mdat,remux-faststart-only,yes
/mnt/spirit-8tb/media/tempTwitter/パイズリアーカイブス - Hitomi姉さんのすごいパイ圧のパイズリ挟射！ [1990080237074538496].mp4,4656030,27.654966,"mov,mp4,m4a,3gp,3g2,mj2",h264,aac,1280,720,1346891,moov-before-mdat,remux-faststart-only,yes
/mnt/spirit-8tb/media/tempTwitter/UniqueSora - UniqueSora - A little motivation ❤️ [2037280829970538498].mp4,4683239,11.935057,"mov,mp4,m4a,3gp,3g2,mj2",h264,aac,1080,1920,3139148,moov-before-mdat,mobile-720p,yes
/mnt/spirit-8tb/media/tempTwitter/Cum Bunny - https：⧸⧸t.co⧸5TcBqK2zST [2006876688865464320].mp4,4741700,47.995646,"mov,mp4,m4a,3gp,3g2,mj2",h264,aac,1290,864,790355,moov-before-mdat,mobile-720p,yes
/mnt/spirit-8tb/media/tempTwitter/Ashley G - Come smack it on [1979786096268505088].mp4,4770948,13.026395,"mov,mp4,m4a,3gp,3g2,mj2",h264,aac,1080,1920,2930018,moov-before-mdat,mobile-720p,yes
/mnt/spirit-8tb/media/tempTwitter/Derly Rodríguez 🩷 - https：⧸⧸t.co⧸afSy2MUkAq [2006175477438808065].mp4,4777180,5.06195,"mov,mp4,m4a,3gp,3g2,mj2",h264,aac,2160,3840,7549944,moov-before-mdat,mobile-720p,yes
/mnt/spirit-8tb/media/tempTwitter/Throne 🍑 - Be honest with me 😋 you wanna push your tongue against that screen so... [2006333973010554880].mp4,4790407,21.524898,"mov,mp4,m4a,3gp,3g2,mj2",h264,aac,1280,720,1780415,moov-before-mdat,remux-faststart-only,yes
/mnt/spirit-8tb/media/tempTwitter/AvaAlex No PPV!!❤️ - My makeup guru 😉 [1878093537935310848].mp4,4793654,27.84,"mov,mp4,m4a,3gp,3g2,mj2",h264,aac,720,1280,1377486,moov-before-mdat,remux-faststart-only,yes
/mnt/spirit-8tb/media/tempTwitter/hennie ：3 - creaming btw [1980719182581755904].mp4,4811192,23.103855,"mov,mp4,m4a,3gp,3g2,mj2",h264,aac,1920,1088,1665935,moov-before-mdat,mobile-720p,yes
/mnt/spirit-8tb/media/tempTwitter/かみぱっぱ - かみぱっぱ - こんなに大きな重りを付けているのに何という体幹だ…  地面になりたい [2030875714594201601].mp4,4898092,29.70196,"mov,mp4,m4a,3gp,3g2,mj2",h264,aac,720,1280,1319264,moov-before-mdat,remux-faststart-only,yes
/mnt/spirit-8tb/media/tempTwitter/gloryLex - Lexy BBy - CHUDAI [1970580055387496448].mp4,4899264,40.79746,"mov,mp4,m4a,3gp,3g2,mj2",h264,aac,1278,720,960699,moov-before-mdat,remux-faststart-only,yes
/mnt/spirit-8tb/media/tempTwitter/𝒞𝓊𝓇𝓋𝓎 𝒞𝒽ℯ𝓇𝓇𝓎 🍒 NO PPV VIP⇩ - Wataa ♡︎ [1989773493366386688].mp4,4902945,8.933333,"mov,mp4,m4a,3gp,3g2,mj2",h264,,2160,1388,4390697,moov-before-mdat,mobile-720p,yes
/mnt/spirit-8tb/media/tempTwitter/Goddess Barbie to you ｜ 👑🇨🇦 - wataa [1968863803166048256].mp4,4913279,27.144127,"mov,mp4,m4a,3gp,3g2,mj2",h264,aac,720,1280,1448056,moov-before-mdat,remux-faststart-only,yes
/mnt/spirit-8tb/media/tempTwitter/Throne 🍑 - Be honest with me 😋 you wanna push your tongue against that screen so... [1989749681635594240].mp4,4944495,21.501678,"mov,mp4,m4a,3gp,3g2,mj2",h264,aac,1280,720,1839668,moov-before-mdat,remux-faststart-only,yes
/mnt/spirit-8tb/media/tempTwitter/l u c i ⪩⪨ - touching to my horny thoughts☺️💕💭 [1915567545861427200].mp4,4990886,20.41034,"mov,mp4,m4a,3gp,3g2,mj2",h264,aac,1280,720,1956218,moov-before-mdat,remux-faststart-only,yes
/mnt/spirit-8tb/media/tempTwitter/Katie Vaynes 💋 - Wataa 💦 [2002001312263675905].mp4,5102863,31.300499,"mov,mp4,m4a,3gp,3g2,mj2",h264,aac,1242,720,1304225,moov-before-mdat,remux-faststart-only,yes
/mnt/spirit-8tb/media/tempTwitter/Isabella - Squirting from my sex machine #solo #dildo #PAWG #fatass [1980184534701199360].mp4,5177061,67.988027,"mov,mp4,m4a,3gp,3g2,mj2",h264,aac,1166,644,609173,moov-before-mdat,remux-faststart-only,yes
"/mnt/spirit-8tb/media/tempTwitter/𝑳𝙞𝒍𝙡𝒚 ♱ - NNN Day 3：  Think I'm gonna make this a daily thing, ya know, checkin... [1985159429419933697].mp4",5188619,21.408798,"mov,mp4,m4a,3gp,3g2,mj2",h264,aac,1280,720,1938873,moov-before-mdat,remux-faststart-only,yes
/mnt/spirit-8tb/media/tempTwitter/Just JiDion - SNEAKO Defends EDP445 on JiDion Stream #shorts [sFlDc4Mq1N4].mp4,5197609,17.614,"mov,mp4,m4a,3gp,3g2,mj2",vp9,opus,1080,1920,2360671,moov-before-mdat,mobile-720p,yes
/mnt/spirit-8tb/media/tempTwitter/star - you next？ ₊˚⊹ ᰔ [1802403975771090944].mp4,5237196,20.201361,"mov,mp4,m4a,3gp,3g2,mj2",h264,aac,1080,1310,2073997,moov-before-mdat,mobile-720p,yes
/mnt/spirit-8tb/media/tempTwitter/giddy - This clip of India Love is going VIRAL 👀😳 [1986205273204101120].mp4,5581766,21.130159,"mov,mp4,m4a,3gp,3g2,mj2",h264,aac,1920,1080,2113288,moov-before-mdat,mobile-720p,yes
/mnt/spirit-8tb/media/tempTwitter/sloppygoonettes - Wataa 💦 [1964929593225134080].mp4,5740105,55.658667,"mov,mp4,m4a,3gp,3g2,mj2",h264,aac,1000,720,825043,moov-before-mdat,remux-faststart-only,yes
/mnt/spirit-8tb/media/tempTwitter/Ms Nasty💦🥂 - Chudai 👾 [1989112119988543488].mp4,5750520,32.716916,"mov,mp4,m4a,3gp,3g2,mj2",h264,aac,720,1230,1406127,moov-before-mdat,remux-faststart-only,yes
/mnt/spirit-8tb/media/tempTwitter/hennie ：3 - wataa 🍒 [1998907372736307200].mp4,5796030,17.113107,"mov,mp4,m4a,3gp,3g2,mj2",h264,aac,1918,1080,2709516,moov-before-mdat,mobile-720p,yes
/mnt/spirit-8tb/media/tempTwitter/FernandaShows🎀 - 🥸 [2006901313347768320].mp4,5815454,13.026395,"mov,mp4,m4a,3gp,3g2,mj2",h264,aac,1080,1920,3571489,moov-before-mdat,mobile-720p,yes
/mnt/spirit-8tb/media/tempTwitter/Rita 🍓 - all i want is to get to pixar mom level [1950302422653685761].mp4,6142163,20.38712,"mov,mp4,m4a,3gp,3g2,mj2",h264,aac,1080,1548,2410213,moov-before-mdat,mobile-720p,yes
/mnt/spirit-8tb/media/tempTwitter/⋆ Blowjob Queen ⋆ - https：⧸⧸t.co⧸j5MduzXNml [2005760039890427904].mp4,6153537,49.365624,"mov,mp4,m4a,3gp,3g2,mj2",h264,aac,720,1278,997218,moov-before-mdat,remux-faststart-only,yes
/mnt/spirit-8tb/media/tempTwitter/Rita 🍓 - wataa [1966235901933268992].mp4,6182311,29.651882,"mov,mp4,m4a,3gp,3g2,mj2",h264,aac,1080,1406,1667971,moov-before-mdat,mobile-720p,yes
/mnt/spirit-8tb/media/tempTwitter/𝑨𝒏𝒂 💗 $3 OF 🇧🇷 - me chupa em público？ 😈  se tiver bastante rt eu faço um pack gozando ... [1363982303274352641].mp4,6214571,26.752,"mov,mp4,m4a,3gp,3g2,mj2",h264,aac,1280,720,1858424,moov-before-mdat,remux-faststart-only,yes
/mnt/spirit-8tb/media/tempTwitter/༺diosa༻ - wataa [2015158834134720512].mp4,6266834,3.97,"mov,mp4,m4a,3gp,3g2,mj2",h264,,2160,3840,12628380,moov-before-mdat,mobile-720p,yes
/mnt/spirit-8tb/media/tempTwitter/Ashley G - Dm me papi 💋⬇️ [1979361954192842752].mp4,6277441,14.628571,"mov,mp4,m4a,3gp,3g2,mj2",h264,aac,1080,1920,3432975,moov-before-mdat,mobile-720p,yes
/mnt/spirit-8tb/media/tempTwitter/Isabella - #solo #dildo [1980178605893201920].mp4,6302223,35.503311,"mov,mp4,m4a,3gp,3g2,mj2",h264,aac,888,1562,1420086,moov-before-mdat,mobile-720p,yes
/mnt/spirit-8tb/media/tempTwitter/Rita 🍓 - these are my best pants hands down [1994554111422074884].mp4,6323998,13.165714,"mov,mp4,m4a,3gp,3g2,mj2",h264,aac,1440,1080,3842707,moov-before-mdat,mobile-720p,yes
/mnt/spirit-8tb/media/tempTwitter/LilyKoti 🙀 - Oops... I think I forgot to leave that zoom meeting 🙀 [2008191112771465216].mp4,6328114,8.96,"mov,mp4,m4a,3gp,3g2,mj2",h264,aac,1920,1080,5650101,moov-before-mdat,mobile-720p,yes
/mnt/spirit-8tb/media/tempTwitter/Aaliyah Yasin - VID SOLD! The Pakistani girl next door 🔥 Check it out! #MVSales @many... [2021378025183690752].mp4,6370599,28.932063,"mov,mp4,m4a,3gp,3g2,mj2",h264,aac,1280,720,1761533,moov-before-mdat,remux-faststart-only,yes
/mnt/spirit-8tb/media/tempTwitter/Isabella - https：⧸⧸t.co⧸puPJEp2E01 [1977544895167393792].mp4,6478667,42.283537,"mov,mp4,m4a,3gp,3g2,mj2",h264,aac,888,1450,1225756,moov-before-mdat,mobile-720p,yes
/mnt/spirit-8tb/media/tempTwitter/PAG 💕 - https：⧸⧸t.co⧸hUSQHRhFsc [2018955073569562624].mp4,6491332,92.717279,"mov,mp4,m4a,3gp,3g2,mj2",h264,aac,480,640,560096,moov-before-mdat,remux-faststart-only,yes
/mnt/spirit-8tb/media/tempTwitter/giddy - giddy - Pokimane knows pretty well what she was doing here 💀 [2030796356760268800].mp4,6577750,36.919728,"mov,mp4,m4a,3gp,3g2,mj2",h264,aac,1080,1320,1425308,moov-before-mdat,mobile-720p,yes
/mnt/spirit-8tb/media/tempTwitter/Rita 🍓 - one word： bouncy [1993816904939835392].mp4,6696060,26.354649,"mov,mp4,m4a,3gp,3g2,mj2",h264,aac,1514,1076,2032600,moov-before-mdat,mobile-720p,yes
/mnt/spirit-8tb/media/tempTwitter/Rita 🍓 - here's a new planet to add to the solar system [2018444967824220160].mp4,6896835,18.552744,"mov,mp4,m4a,3gp,3g2,mj2",h264,aac,1878,1078,2973936,moov-before-mdat,mobile-720p,yes
/mnt/spirit-8tb/media/tempTwitter/zoey! - $500k or get stuck in this elevator w me？ [1988982041384194048].mp4,6944388,5.828209,"mov,mp4,m4a,3gp,3g2,mj2",h264,aac,2160,3840,9532105,moov-before-mdat,mobile-720p,yes
/mnt/spirit-8tb/media/tempTwitter/パイズリアーカイブス - https：⧸⧸t.co⧸fIMm5rDJU5 [1955281925394010113].mp4,7023513,136.254694,"mov,mp4,m4a,3gp,3g2,mj2",h264,aac,700,420,412375,moov-before-mdat,remux-faststart-only,yes
/mnt/spirit-8tb/media/tempTwitter/༺diosa༻ - wataa [2015519906981199872].mp4,7054346,6.568333,"mov,mp4,m4a,3gp,3g2,mj2",h264,,3478,2154,8591946,moov-before-mdat,mobile-720p,yes
/mnt/spirit-8tb/media/tempTwitter/Mili - Wataa ❄️ [1999557232418279424].mp4,7059545,6.478367,"mov,mp4,m4a,3gp,3g2,mj2",h264,aac,3840,2160,8717684,moov-before-mdat,mobile-720p,yes
/mnt/spirit-8tb/media/tempTwitter/Kiri -`♡´- 20% Off Onlyfans! - leaking throatpie 🥵 [1898470776203853824].mp4,7302412,25.959909,"mov,mp4,m4a,3gp,3g2,mj2",h264,aac,1080,1920,2250365,moov-before-mdat,mobile-720p,yes
/mnt/spirit-8tb/media/tempTwitter/༺diosa༻ - wataa [2005344592028135424].mp4,7325767,8.637823,"mov,mp4,m4a,3gp,3g2,mj2",h264,aac,3840,2160,6784827,moov-before-mdat,mobile-720p,yes
/mnt/spirit-8tb/media/tempTwitter/ℂ𝕦𝕞 𝔸𝕕𝕕𝕚𝕔𝕥𝕖𝕕 𝕊𝕝𝕦𝕥 - https：⧸⧸t.co⧸iZi6pk7Dqz [2004028055098896384].mp4,7326721,45.348571,"mov,mp4,m4a,3gp,3g2,mj2",h264,aac,608,1080,1292516,moov-before-mdat,remux-faststart-only,yes
/mnt/spirit-8tb/media/tempTwitter/༺diosa༻ - wataa 💓 [2011550927640219648].mp4,7428295,6.9,"mov,mp4,m4a,3gp,3g2,mj2",h264,,2160,2620,8612515,moov-before-mdat,mobile-720p,yes
/mnt/spirit-8tb/media/tempTwitter/sienna rae - Wataa💦 [1840677588978585600].mp4,7527836,18.901043,"mov,mp4,m4a,3gp,3g2,mj2",h264,aac,1920,1080,3186209,moov-before-mdat,mobile-720p,yes
/mnt/spirit-8tb/media/tempTwitter/Katie Vaynes 💋 - How bad do you want to put your mouth around these？ [2016284124839858176].mp4,7689119,15.836009,"mov,mp4,m4a,3gp,3g2,mj2",h264,aac,1920,1080,3884372,moov-before-mdat,mobile-720p,yes
/mnt/spirit-8tb/media/tempTwitter/Aaliyah Yasin - Wataa [2018419579194613762].mp4,7833631,13.76,"mov,mp4,m4a,3gp,3g2,mj2",h264,aac,2160,3838,4554436,moov-before-mdat,mobile-720p,yes
/mnt/spirit-8tb/media/tempTwitter/༺diosa༻ - wataa [1998481501990653952].mp4,7875431,6.311667,"mov,mp4,m4a,3gp,3g2,mj2",h264,,3840,2160,9982061,moov-before-mdat,mobile-720p,yes
/mnt/spirit-8tb/media/tempTwitter/⋆ Blowjob Queen ⋆ - https：⧸⧸t.co⧸mqAeVh1yxa [2005986976600633344].mp4,7911068,56.42449,"mov,mp4,m4a,3gp,3g2,mj2",h264,aac,720,1278,1121650,moov-before-mdat,remux-faststart-only,yes
/mnt/spirit-8tb/media/tempTwitter/stella👼 - i love being used &lt;3 [1788646286629195776].mp4,8008130,50.851701,"mov,mp4,m4a,3gp,3g2,mj2",h264,aac,720,1280,1259840,moov-before-mdat,remux-faststart-only,yes
/mnt/spirit-8tb/media/tempTwitter/😵‍💫 D.P Lovecraft - https：⧸⧸t.co⧸ObzfB0RMj4 [1993474865253232640].mp4,8020544,37.337687,"mov,mp4,m4a,3gp,3g2,mj2",h264,aac,1080,1856,1718487,moov-before-mdat,mobile-720p,yes
/mnt/spirit-8tb/media/tempTwitter/Cum 💦 Cravers 🌶️ - 📛💦 [2002865665968054272].mp4,8126412,59.071565,"mov,mp4,m4a,3gp,3g2,mj2",h264,aac,720,1204,1100551,moov-before-mdat,remux-faststart-only,yes
/mnt/spirit-8tb/media/tempTwitter/PrematureGooner - He didn’t even last 30 seconds inside of her                         ... [1995278962638073856].mp4,8214008,58.8,"mov,mp4,m4a,3gp,3g2,mj2",h264,,1280,720,1117552,moov-before-mdat,remux-faststart-only,yes
/mnt/spirit-8tb/media/tempTwitter/༺diosa༻ - wataa [2019183740409278464].mp4,8230144,7.2,"mov,mp4,m4a,3gp,3g2,mj2",h264,,2160,3014,9144604,moov-before-mdat,mobile-720p,yes
/mnt/spirit-8tb/media/tempTwitter/Rita 🍓 - popped a few stitches trying to get this over my hips [1999606345826467841].mp4,8451181,28.072925,"mov,mp4,m4a,3gp,3g2,mj2",h264,aac,1080,1540,2408350,moov-before-mdat,mobile-720p,yes
/mnt/spirit-8tb/media/tempTwitter/sloppygoonettes - Wataa 💦 [1982158478228455424].mp4,9014193,49.690703,"mov,mp4,m4a,3gp,3g2,mj2",h264,aac,720,1280,1451248,moov-before-mdat,remux-faststart-only,yes
/mnt/spirit-8tb/media/tempTwitter/Ash 🫧 - I understood the assignment [2004000226646827008].mp4,9282639,47.113288,"mov,mp4,m4a,3gp,3g2,mj2",h264,aac,720,1280,1576224,moov-before-mdat,remux-faststart-only,yes
/mnt/spirit-8tb/media/tempTwitter/𝗙𝗿𝗮𝗻𝗸 𝗖𝘂𝘁𝗲𝘅 💫 - Which soda is the fizziest ？ 😳😳😳 [1982076952241434624].mp4,9305626,55.217052,"mov,mp4,m4a,3gp,3g2,mj2",h264,aac,720,1280,1348224,moov-before-mdat,remux-faststart-only,yes
/mnt/spirit-8tb/media/tempTwitter/Rita 🍓 - it's an absolute weapon [1949937520013197312].mp4,9379639,30.51102,"mov,mp4,m4a,3gp,3g2,mj2",h264,aac,1880,1078,2459344,moov-before-mdat,mobile-720p,yes
/mnt/spirit-8tb/media/tempTwitter/21+ - juicy booty goon compilation 🙏💦💕 [1873102726772465664].mp4,9586868,29.953741,"mov,mp4,m4a,3gp,3g2,mj2",h264,aac,1920,1080,2560446,moov-before-mdat,mobile-720p,yes
/mnt/spirit-8tb/media/tempTwitter/Ashley G - Talk to me 🫦🫦🫦 ✨✨✨ [1980828566062268416].mp4,9602333,21.989297,"mov,mp4,m4a,3gp,3g2,mj2",h264,aac,1080,1920,3493457,moov-before-mdat,mobile-720p,yes
/mnt/spirit-8tb/media/tempTwitter/Rbbca - Wataa [1966187962615627776].mp4,9712184,30.325261,"mov,mp4,m4a,3gp,3g2,mj2",h264,aac,1920,1080,2562136,moov-before-mdat,mobile-720p,yes
"/mnt/spirit-8tb/media/tempTwitter/ACE‼️ 🇵🇸 (indefinite hiatus) - go on gooner, pump that needy cock. wrap your hand around the base an... [1992630783442395136].mp4",9729502,58.374966,"mov,mp4,m4a,3gp,3g2,mj2",h264,aac,1280,720,1333380,moov-before-mdat,remux-faststart-only,yes
/mnt/spirit-8tb/media/tempTwitter/C A L A M I T Y ! - wataa 🥵 [1947784819619844096].mp4,9764687,13.212154,"mov,mp4,m4a,3gp,3g2,mj2",h264,aac,1080,1440,5912548,moov-before-mdat,mobile-720p,yes
/mnt/spirit-8tb/media/tempTwitter/stella👼 - wanna go explore？ 🌾🥰 [1766329299983122432].mp4,10017547,49.992562,"mov,mp4,m4a,3gp,3g2,mj2",h264,aac,540,960,1603045,moov-before-mdat,remux-faststart-only,yes
/mnt/spirit-8tb/media/tempTwitter/Rita 🍓 - wait for it... [1998163336715030528].mp4,10105130,23.730794,"mov,mp4,m4a,3gp,3g2,mj2",h264,aac,1080,1626,3406588,moov-before-mdat,mobile-720p,yes
/mnt/spirit-8tb/media/tempTwitter/Eden Ivy - Housewife training：) [2005754088114335744].mp4,10150548,23.986213,"mov,mp4,m4a,3gp,3g2,mj2",h264,aac,1320,1760,3385460,moov-before-mdat,mobile-720p,yes
/mnt/spirit-8tb/media/tempTwitter/Valorie 💕 (Face on OF) - i just can't contain my boobs 😂 can you use your mouth to make them s... [2017210404838236161].mp4,10197153,23.823673,"mov,mp4,m4a,3gp,3g2,mj2",h264,aac,1080,1920,3424208,moov-before-mdat,mobile-720p,yes
/mnt/spirit-8tb/media/tempTwitter/パイズリアーカイブス - しおりんの乳マ○コに馬乗りパイズリしたら 大量ザーメン放出しすぎて笑われちゃった☺️ [1980738569200132096].mp4,10309399,81.060862,"mov,mp4,m4a,3gp,3g2,mj2",h264,aac,1280,720,1017447,moov-before-mdat,remux-faststart-only,yes
/mnt/spirit-8tb/media/tempTwitter/THE NUT EXTRACTOR 9000 - get TRIGGERED gooner [1995906765540491264].mp4,10720444,11.192018,"mov,mp4,m4a,3gp,3g2,mj2",h264,aac,1920,1440,7662921,moov-before-mdat,mobile-720p,yes
/mnt/spirit-8tb/media/tempTwitter/Wonderful Women - Sexy Full Striptease  @YourBustyDoll__ [2003775969245515777].mp4,10870359,55.193832,"mov,mp4,m4a,3gp,3g2,mj2",h264,aac,720,1280,1575590,moov-before-mdat,remux-faststart-only,yes
/mnt/spirit-8tb/media/tempTwitter/OWS - Friends playing [1773121889369550849].mp4,10876287,91.254422,"mov,mp4,m4a,3gp,3g2,mj2",h264,aac,692,1280,953491,moov-before-mdat,remux-faststart-only,yes
/mnt/spirit-8tb/media/tempTwitter/Rita 🍓 - my eyes are down here ;) [2002500167157886977].mp4,10876585,31.555918,"mov,mp4,m4a,3gp,3g2,mj2",h264,aac,1080,1768,2757412,moov-before-mdat,mobile-720p,yes
/mnt/spirit-8tb/media/tempTwitter/Gianna J - She loves playing with my big ass and I love sucking on her big tits ... [1980439071806627841].mp4,10885145,9.822041,"mov,mp4,m4a,3gp,3g2,mj2",h264,aac,3840,2160,8865892,moov-before-mdat,mobile-720p,yes
/mnt/spirit-8tb/media/tempTwitter/Ema - bounce [1993424158584127488].mp4,11240084,10.588299,"mov,mp4,m4a,3gp,3g2,mj2",h264,aac,3840,2154,8492456,moov-before-mdat,mobile-720p,yes
/mnt/spirit-8tb/media/tempTwitter/Jazmen - Me and Chloe Lamb did a thing 😈 [2016380344564428800].mp4,11279525,6.037188,"mov,mp4,m4a,3gp,3g2,mj2",h264,aac,3840,2160,14946726,moov-before-mdat,mobile-720p,yes
/mnt/spirit-8tb/media/tempTwitter/パイズリアーカイブス - お風呂でちゃぷちゃぷパイズリ挟射 [1987520007119745024].mp4,11456775,139.900227,"mov,mp4,m4a,3gp,3g2,mj2",h264,aac,842,472,655139,moov-before-mdat,remux-faststart-only,yes
/mnt/spirit-8tb/media/tempTwitter/⋆ Blowjob Queen ⋆ - https：⧸⧸t.co⧸CeX03CT5jR [1974228829821382656].mp4,11519237,60.093243,"mov,mp4,m4a,3gp,3g2,mj2",h264,aac,720,1340,1533515,moov-before-mdat,mobile-720p,yes
/mnt/spirit-8tb/media/tempTwitter/taeomi - bite me [1955011576030715904].mp4,11673859,28.421224,"mov,mp4,m4a,3gp,3g2,mj2",h264,aac,1920,1080,3285955,moov-before-mdat,mobile-720p,yes
"/mnt/spirit-8tb/media/tempTwitter/chula❤︎ - merry christmas eve, i leave y’all with two big presents for all of u... [2003993578327232514].mp4",11717223,62.020499,"mov,mp4,m4a,3gp,3g2,mj2",h264,aac,1280,720,1511400,moov-before-mdat,remux-faststart-only,yes
/mnt/spirit-8tb/media/tempTwitter/♡ 𝐄𝐯𝐞 𝐃𝐚𝐫𝐥𝐢𝐧𝐠 ♡ - wataaaa [1932898990808604672].mp4,11889847,53.717333,"mov,mp4,m4a,3gp,3g2,mj2",h264,aac,720,1280,1770727,moov-before-mdat,remux-faststart-only,yes
/mnt/spirit-8tb/media/tempTwitter/mia 🎀 - wataa 👅💦🍑 [1971289965964169216].mp4,12021279,32.925896,"mov,mp4,m4a,3gp,3g2,mj2",h264,aac,1920,1080,2920808,moov-before-mdat,mobile-720p,yes
/mnt/spirit-8tb/media/tempTwitter/Isabella - Fatass Thread 🪡   Drop them 🍑 [1976146429438570496].mp4,12038788,15.952109,"mov,mp4,m4a,3gp,3g2,mj2",h264,aac,1620,2574,6037465,moov-before-mdat,mobile-720p,yes
/mnt/spirit-8tb/media/tempTwitter/Eden Ivy - Does this video count as my girlfriend resume？ [1997036543400116224].mp4,12177154,31.834558,"mov,mp4,m4a,3gp,3g2,mj2",h264,aac,1320,1760,3060109,moov-before-mdat,mobile-720p,yes
/mnt/spirit-8tb/media/tempTwitter/Dreamz - Wattttaa💦😋🍆 [2006112682592657408].mp4,12226240,139.993107,"mov,mp4,m4a,3gp,3g2,mj2",h264,aac,598,830,698676,moov-before-mdat,remux-faststart-only,yes
/mnt/spirit-8tb/media/tempTwitter/Isabella - PAWG in red fish nets riding BBC #solo #PAWG #fatass #dildo [1980102405980086272].mp4,12297593,62.949297,"mov,mp4,m4a,3gp,3g2,mj2",h264,aac,1558,772,1562856,moov-before-mdat,mobile-720p,yes
/mnt/spirit-8tb/media/tempTwitter/Ash 🫧 - Your new thicc gf [1994957014183632896].mp4,12422467,59.350204,"mov,mp4,m4a,3gp,3g2,mj2",h264,aac,720,1226,1674463,moov-before-mdat,remux-faststart-only,yes
/mnt/spirit-8tb/media/tempTwitter/White girl booty 🍑🤍 - Oiled up booty smashed by bbc 🍆  #ass #butt #bigass #thicc #bigbooty ... [1972174061506596864].mp4,12444994,5.712109,"mov,mp4,m4a,3gp,3g2,mj2",h264,aac,3840,2160,17429630,moov-before-mdat,mobile-720p,yes
/mnt/spirit-8tb/media/tempTwitter/⋆ Blowjob Queen ⋆ - https：⧸⧸t.co⧸pyrZUhF7Hk [1988153906711412736].mp4,12679542,59.396644,"mov,mp4,m4a,3gp,3g2,mj2",h264,aac,720,1280,1707778,moov-before-mdat,remux-faststart-only,yes
/mnt/spirit-8tb/media/tempTwitter/MARINA MAYA 🖤 - “Out with the girls” 🤫 [1994124209610514432].mp4,12985051,53.847075,"mov,mp4,m4a,3gp,3g2,mj2",h264,aac,1920,1080,1929174,moov-before-mdat,mobile-720p,yes
/mnt/spirit-8tb/media/tempTwitter/Katie Vaynes 💋 - Wataa [2008880128521019392].mp4,13322419,16.906667,"mov,mp4,m4a,3gp,3g2,mj2",h264,,2160,2452,6303983,moov-before-mdat,mobile-720p,yes
/mnt/spirit-8tb/media/tempTwitter/flora. - i FUCKING LOVE this video so much [1964353936678060032].mp4,13408979,13.955193,"mov,mp4,m4a,3gp,3g2,mj2",h264,aac,3840,2160,7686875,moov-before-mdat,mobile-720p,yes
/mnt/spirit-8tb/media/tempTwitter/༺diosa༻ - wataa 💗 [1980785065245245440].mp4,13608579,7.935,"mov,mp4,m4a,3gp,3g2,mj2",h264,,3840,2160,13720054,moov-before-mdat,mobile-720p,yes
/mnt/spirit-8tb/media/tempTwitter/Valorie 💕 (Face on OF) - wanna know what my yummy boobs taste like？ 😉 [2013958049804021761].mp4,13633406,33.599274,"mov,mp4,m4a,3gp,3g2,mj2",h264,aac,1080,1920,3246119,moov-before-mdat,mobile-720p,yes
/mnt/spirit-8tb/media/tempTwitter/SavigeStudio - Chudai 💦 [2003260901378461697].mp4,13658559,15.046531,"mov,mp4,m4a,3gp,3g2,mj2",h264,aac,2160,3840,7262037,moov-before-mdat,mobile-720p,yes
/mnt/spirit-8tb/media/tempTwitter/Rbbca - Wataa [1906758192803299328].mp4,13829790,36.803628,"mov,mp4,m4a,3gp,3g2,mj2",h264,aac,1080,1920,3006179,moov-before-mdat,mobile-720p,yes
"/mnt/spirit-8tb/media/tempTwitter/Ruined Orgasm ⧸ Femdom - As a pet, you can only cum when you are allowed to, and I will ruin y... [1984931412064239616].mp4",14007865,80.704,"mov,mp4,m4a,3gp,3g2,mj2",h264,aac,1280,720,1388567,moov-before-mdat,remux-faststart-only,yes
/mnt/spirit-8tb/media/tempTwitter/༺diosa༻ - wataa 💝 [2008309439850225664].mp4,14259500,7.528333,"mov,mp4,m4a,3gp,3g2,mj2",h264,aac,3840,2160,15152889,moov-before-mdat,mobile-720p,yes
"/mnt/spirit-8tb/media/tempTwitter/Isabella - Trying on my new leggings, how do they look？ [1996851642403049472].mp4",14328796,64.806893,"mov,mp4,m4a,3gp,3g2,mj2",h264,aac,886,1568,1768799,moov-before-mdat,mobile-720p,yes
/mnt/spirit-8tb/media/tempTwitter/Gothprincess - Chudai 😈 [1978910535572660224].mp4,14650271,30.519843,"mov,mp4,m4a,3gp,3g2,mj2",h264,aac,1080,1920,3840195,moov-before-mdat,mobile-720p,yes
/mnt/spirit-8tb/media/tempTwitter/Milly Bloom - wataa [1996676788307603456].mp4,15035551,14.048073,"mov,mp4,m4a,3gp,3g2,mj2",h264,aac,2160,3840,8562342,moov-before-mdat,mobile-720p,yes
/mnt/spirit-8tb/media/tempTwitter/Petiteviv ♡ - Wataa [1978898759925813248].mp4,15059190,13.397914,"mov,mp4,m4a,3gp,3g2,mj2",h264,aac,2160,3312,8991960,moov-before-mdat,mobile-720p,yes
/mnt/spirit-8tb/media/tempTwitter/sexxual - sloppy toppy 🤤🤤🤤 [2002120237903171584].mp4,15083864,66.200091,"mov,mp4,m4a,3gp,3g2,mj2",h264,aac,960,1280,1822820,moov-before-mdat,remux-faststart-only,yes
/mnt/spirit-8tb/media/tempTwitter/Katie Vaynes 💋 - Chudai [2001218955185172483].mp4,15837276,47.322268,"mov,mp4,m4a,3gp,3g2,mj2",h264,aac,1920,1078,2677348,moov-before-mdat,mobile-720p,yes
/mnt/spirit-8tb/media/tempTwitter/Katie Vaynes 💋 - It’s Titty Tuesday 😜 lets play 😈 [1973020083531169792].mp4,15868505,36.571429,"mov,mp4,m4a,3gp,3g2,mj2",h264,aac,1664,1080,3471235,moov-before-mdat,mobile-720p,yes
/mnt/spirit-8tb/media/tempTwitter/silly gooner - 😵‍💫😵‍💫😵‍💫 [1947735863749640192].mp4,16016385,59.326984,"mov,mp4,m4a,3gp,3g2,mj2",h264,aac,1920,1036,2159743,moov-before-mdat,mobile-720p,yes
/mnt/spirit-8tb/media/tempTwitter/Rbbca - Wataa [1909654005950902272].mp4,16067343,38.359365,"mov,mp4,m4a,3gp,3g2,mj2",h264,aac,1920,1080,3350909,moov-before-mdat,mobile-720p,yes
/mnt/spirit-8tb/media/tempTwitter/パイズリアーカイブス - クソエロ看護婦さんがパイズリフェラで癒してくれる病院に入院したい…🥵🏥🥵 [1985089267908165632].mp4,16115616,139.925333,"mov,mp4,m4a,3gp,3g2,mj2",h264,aac,1280,720,921383,moov-before-mdat,remux-faststart-only,yes
/mnt/spirit-8tb/media/tempTwitter/Isabella - Doggy style dildo riding #nsfw #creamy #solo #dildo [1967061314288689152].mp4,16693856,117.65551,"mov,mp4,m4a,3gp,3g2,mj2",h264,aac,1554,830,1135100,moov-before-mdat,mobile-720p,yes
/mnt/spirit-8tb/media/tempTwitter/playful_Innocence - Cum walk while clubbing💦🥵 [1982520637890482176].mp4,17283300,59.373424,"mov,mp4,m4a,3gp,3g2,mj2",h264,aac,720,1280,2328759,moov-before-mdat,remux-faststart-only,yes
/mnt/spirit-8tb/media/tempTwitter/Tilly - Tilly - I think the slipper complete the look.   Does this outfit make me loo... [2033139920391311360].mp4,18081082,14.791111,"mov,mp4,m4a,3gp,3g2,mj2",h264,aac,2160,3840,9779431,moov-before-mdat,mobile-720p,yes
/mnt/spirit-8tb/media/tempTwitter/パイズリアーカイブス - https：⧸⧸t.co⧸OLO7eNFlUz [1955284889563172865].mp4,19023226,140.132426,"mov,mp4,m4a,3gp,3g2,mj2",h264,aac,1280,720,1086014,moov-before-mdat,remux-faststart-only,yes
/mnt/spirit-8tb/media/tempTwitter/Althea - Chudai 🍔 [1972694165826764800].mp4,19027185,12.422676,"mov,mp4,m4a,3gp,3g2,mj2",h264,aac,2160,3840,12253195,moov-before-mdat,mobile-720p,yes
/mnt/spirit-8tb/media/tempTwitter/パイズリアーカイブス - Qカップの教え子にぶっこ抜いてもらうパイズリ挟射🥵💦 [1969225684817231872].mp4,19692020,136.896,"mov,mp4,m4a,3gp,3g2,mj2",h264,aac,1280,720,1150772,moov-before-mdat,remux-faststart-only,yes
/mnt/spirit-8tb/media/tempTwitter/パイズリアーカイブス - 大量噴射母乳パイズリ挟射 [1989578532272709632].mp4,21020430,107.067211,"mov,mp4,m4a,3gp,3g2,mj2",h264,aac,1280,720,1570634,moov-before-mdat,remux-faststart-only,yes
/mnt/spirit-8tb/media/tempTwitter/パイズリアーカイブス - いっぱい出してぇ♡ と言われた通りにいっぱい出たパイズリ挟射 [1981102627506065408].mp4,21274268,120.064,"mov,mp4,m4a,3gp,3g2,mj2",h264,aac,1280,720,1417528,moov-before-mdat,remux-faststart-only,yes
/mnt/spirit-8tb/media/tempTwitter/Isabella - Watch my Creamy Pussy Ride this Huge BBC #solo #dildo #fatass #creamy... [1977541287491272705].mp4,21568760,82.430839,"mov,mp4,m4a,3gp,3g2,mj2",h264,aac,888,1920,2093270,moov-before-mdat,mobile-720p,yes
/mnt/spirit-8tb/media/tempTwitter/パイズリアーカイブス - https：⧸⧸t.co⧸DKJ7IuBUpk [1958621986323931138].mp4,22192312,139.925333,"mov,mp4,m4a,3gp,3g2,mj2",h264,aac,1280,720,1268808,moov-before-mdat,remux-faststart-only,yes
/mnt/spirit-8tb/media/tempTwitter/Dreamz - https：⧸⧸t.co⧸F97CZoB0hc [2000819408277532676].mp4,23346889,155.178957,"mov,mp4,m4a,3gp,3g2,mj2",h264,aac,720,1226,1203611,moov-before-mdat,remux-faststart-only,yes
/mnt/spirit-8tb/media/tempTwitter/CLIP - https：⧸⧸t.co⧸AzOZwFtQzC [1991551499369877504].mp4,24278478,129.056508,"mov,mp4,m4a,3gp,3g2,mj2",h264,aac,720,1280,1504982,moov-before-mdat,remux-faststart-only,yes
/mnt/spirit-8tb/media/tempTwitter/Rita 🍓 - mini skirts are my favorite ：3 [2008296197124222982].mp4,24313271,49.063764,"mov,mp4,m4a,3gp,3g2,mj2",h264,aac,1078,1800,3964354,moov-before-mdat,mobile-720p,yes
/mnt/spirit-8tb/media/tempTwitter/Isabella - Punish me 😈 #PAWG #solo #fatass #dildo [1980177851044315136].mp4,26795010,162.098503,"mov,mp4,m4a,3gp,3g2,mj2",h264,aac,1548,828,1322406,moov-before-mdat,mobile-720p,yes
/mnt/spirit-8tb/media/tempTwitter/パイズリアーカイブス - イヤらしい全身網タイツ衣装のパイズリ挟射シリーズパート2 [1980737246828412928].mp4,26875695,120.047166,"mov,mp4,m4a,3gp,3g2,mj2",h264,aac,1280,720,1791009,moov-before-mdat,remux-faststart-only,yes
/mnt/spirit-8tb/media/tempTwitter/My Prejac Boyfriend - wataa 🤣 [1935827138331934720].mp4,27633827,119.280907,"mov,mp4,m4a,3gp,3g2,mj2",h264,aac,1080,1920,1853361,moov-before-mdat,mobile-720p,yes
/mnt/spirit-8tb/media/tempTwitter/GOONETTE WORSHIPPER🙏🏻🧎 - CUM WALKS ARE SO HOT! LIKE YEAH SHOW THE PEOPLE AROUND YOUR AREA HOW ... [1874895750137540608].mp4,27903552,123.994558,"mov,mp4,m4a,3gp,3g2,mj2",h264,aac,1276,720,1800308,moov-before-mdat,remux-faststart-only,yes
/mnt/spirit-8tb/media/tempTwitter/パイズリアーカイブス - ネクタイにザーメンをぶち当てるコスプレパイズリ挟射 [1979665815763890176].mp4,27931457,136.672653,"mov,mp4,m4a,3gp,3g2,mj2",h264,aac,1280,720,1634940,moov-before-mdat,remux-faststart-only,yes
/mnt/spirit-8tb/media/tempTwitter/パイズリアーカイブス - かわいい水着で永遠に搾り取られるパイズリ挟射 [1962606443288522752].mp4,28537049,139.946667,"mov,mp4,m4a,3gp,3g2,mj2",h264,aac,1280,700,1631309,moov-before-mdat,remux-faststart-only,yes
/mnt/spirit-8tb/media/tempTwitter/Throne 🍑 - No matter where Mommy Throne is I’ll always be there to start frying ... [1997827764813021184].mp4,28583791,61.41678,"mov,mp4,m4a,3gp,3g2,mj2",h264,aac,1080,1920,3723254,moov-before-mdat,mobile-720p,yes
/mnt/spirit-8tb/media/tempTwitter/Two Heads 🤤🫠 - How I low-key want my dick’s be cheated [1935027117462536194].mp4,28988089,204.82322,"mov,mp4,m4a,3gp,3g2,mj2",h264,aac,960,540,1132218,moov-before-mdat,remux-faststart-only,yes
/mnt/spirit-8tb/media/tempTwitter/Isabella - Student girl creams all over sex doll #creamy #solo #dildo #fatass [1966963731557961728].mp4,29631382,131.819683,"mov,mp4,m4a,3gp,3g2,mj2",h264,aac,1900,1018,1798297,moov-before-mdat,mobile-720p,yes
/mnt/spirit-8tb/media/tempTwitter/Aaliyah Yasin - Wataa [2021623990368751616].mp4,31227012,21.653333,"mov,mp4,m4a,3gp,3g2,mj2",h264,aac,2160,3838,11537073,moov-before-mdat,mobile-720p,yes
/mnt/spirit-8tb/media/tempTwitter/sexxual - chudai [1974914948665880576].mp4,33762726,281.37941,"mov,mp4,m4a,3gp,3g2,mj2",h264,aac,614,1186,959920,moov-before-mdat,remux-faststart-only,yes
/mnt/spirit-8tb/media/tempTwitter/Anton Harden - she loves heavy bbc💦 [1969992041464823808].mp4,34198094,24.195193,"mov,mp4,m4a,3gp,3g2,mj2",h264,aac,2160,3840,11307401,moov-before-mdat,mobile-720p,yes
/mnt/spirit-8tb/media/tempTwitter/LilyKoti 🙀 - My boobies wish you a warm and cosy weekend! 💕 [1973478048142876672].mp4,38932017,85.866667,"mov,mp4,m4a,3gp,3g2,mj2",h264,aac,1920,1080,3627206,moov-before-mdat,mobile-720p,yes
/mnt/spirit-8tb/media/tempTwitter/Vee’s Throat Trap is BACK 👅 - Wataa 😮‍💨 [2000248489372958720].mp4,42110569,22.732336,"mov,mp4,m4a,3gp,3g2,mj2",h264,aac,2100,3840,14819618,moov-before-mdat,mobile-720p,yes
/mnt/spirit-8tb/media/tempTwitter/国服第一瑶姬 - Chudai..🔞 [2020731447531933696].mp4,42942561,332.370431,"mov,mp4,m4a,3gp,3g2,mj2",h264,aac,720,1280,1033607,moov-before-mdat,remux-faststart-only,yes
/mnt/spirit-8tb/media/tempTwitter/ً - https：⧸⧸t.co⧸5O2zdAQWL6 [1995844560509964289].mp4,45236180,270.048073,"mov,mp4,m4a,3gp,3g2,mj2",h264,aac,720,1280,1340092,moov-before-mdat,remux-faststart-only,yes
/mnt/spirit-8tb/media/tempTwitter/Katie Vaynes 💋 - OMG! I am so worked up playing with myself 🥵 [2014835527845896194].mp4,46499134,29.419683,"mov,mp4,m4a,3gp,3g2,mj2",h264,aac,3840,2160,12644360,moov-before-mdat,mobile-720p,yes
/mnt/spirit-8tb/media/tempTwitter/Aaliyah Yasin - Wataa [2020812845026594816].mp4,46597004,29.930522,"mov,mp4,m4a,3gp,3g2,mj2",h264,aac,2160,3838,12454712,moov-before-mdat,mobile-720p,yes
"/mnt/spirit-8tb/media/tempTwitter/GoonYourBrain - When your daughter gives you your Christmas present, but she won’t le... [2003868077784494080].mp4",47508155,110.480544,"mov,mp4,m4a,3gp,3g2,mj2",h264,aac,1920,1080,3440110,moov-before-mdat,mobile-720p,yes
/mnt/spirit-8tb/media/tempTwitter/Aaliyah Yasin - Wataa [2020452998024200192].mp4,49516621,38.976,"mov,mp4,m4a,3gp,3g2,mj2",h264,aac,2160,3838,10163510,moov-before-mdat,mobile-720p,yes
/mnt/spirit-8tb/media/tempTwitter/The Azz Station 🍑⛽️ - pawg taking dick after the gym 😮‍💨 #ass #nsfwtwtًً #backshots [1974823725972217856].mp4,49995563,155.132517,"mov,mp4,m4a,3gp,3g2,mj2",h264,aac,1080,1838,2578211,moov-before-mdat,mobile-720p,yes
/mnt/spirit-8tb/media/tempTwitter/Aaliyah Yasin - Wataa [2021160380341592064].mp4,51045610,44.164354,"mov,mp4,m4a,3gp,3g2,mj2",h264,aac,2160,3838,9246481,moov-before-mdat,mobile-720p,yes
/mnt/spirit-8tb/media/tempTwitter/Ebonys R’ US - 😞 I Miss Her @TeannaTrump [1981968705530544130].mp4,53014633,278.430476,"mov,mp4,m4a,3gp,3g2,mj2",h264,aac,720,1176,1523242,moov-before-mdat,remux-faststart-only,yes
/mnt/spirit-8tb/media/tempTwitter/silly gooner - Goodnight Everyoneeeee [1954534118441492481].mp4,53713217,250.68263,"mov,mp4,m4a,3gp,3g2,mj2",h264,aac,720,1232,1714142,moov-before-mdat,remux-faststart-only,yes
/mnt/spirit-8tb/media/tempTwitter/HD FLIX - Watta 👅 [2018938186387587073].mp4,55153372,591.481905,"mov,mp4,m4a,3gp,3g2,mj2",h264,aac,720,720,745968,moov-before-mdat,remux-faststart-only,yes
/mnt/spirit-8tb/media/tempTwitter/Isabella - Listen to the claps 🍑 #pawg #solo #fatass [1995767258191118336].mp4,60191626,424.112472,"mov,mp4,m4a,3gp,3g2,mj2",h264,aac,720,1280,1135389,moov-before-mdat,remux-faststart-only,yes
"/mnt/spirit-8tb/media/tempTwitter/Wofaase👿 - Wofaase👿 - Cardi B’s BBL looks so real, I won’t lie. 😭 [2026678432273219584].mp4",68414758,101.819501,"mov,mp4,m4a,3gp,3g2,mj2",h264,aac,1080,1920,5375375,moov-before-mdat,mobile-720p,yes
/mnt/spirit-8tb/media/tempTwitter/PrematureGooner - Compilation of me continuously cumming while I fuck @dragunballtea 😩😩😩😩😩 [1976774822178045955].mp4,69279674,450.42068,"mov,mp4,m4a,3gp,3g2,mj2",h264,aac,1280,720,1230488,moov-before-mdat,remux-faststart-only,yes
/mnt/spirit-8tb/media/tempTwitter/HD FLIX - Watta 👅 [2018491723761262592].mp4,81065330,563.919819,"mov,mp4,m4a,3gp,3g2,mj2",h264,aac,720,1280,1150026,moov-before-mdat,remux-faststart-only,yes
/mnt/spirit-8tb/media/tempTwitter/sloppiananyc - Are you snoozing 😴 or waking up with me before sunrise for some slopp... [2014394554472947712].mp4,86915074,78.529887,"mov,mp4,m4a,3gp,3g2,mj2",h264,aac,3840,2160,8854216,moov-before-mdat,mobile-720p,yes
/mnt/spirit-8tb/media/tempTwitter/Sajjal Hussain - more coming 👅🍑🏋🏽‍♀️ [2005011621815468032].mp4,88406402,81.94322,"mov,mp4,m4a,3gp,3g2,mj2",h264,aac,2160,3840,8630991,moov-before-mdat,mobile-720p,yes
/mnt/spirit-8tb/media/tempTwitter/𝙊𝙗𝙚𝙙𝙞𝙚𝙣𝙩 𝙒𝙝𝙤𝙧𝙚𝙨 - #Obedientmonday #public  The guy wants his money from that chick that... [1960274370405793792].mp4,123674360,648.626213,"mov,mp4,m4a,3gp,3g2,mj2",h264,aac,720,1600,1525369,moov-before-mdat,mobile-720p,yes
/mnt/spirit-8tb/media/tempTwitter/Kazimirol - Again ❌https：⧸⧸t.co⧸VFHU9dvvJf [1914188875448082432].mp4,263112834,1600.551474,"mov,mp4,m4a,3gp,3g2,mj2",h264,aac,1280,720,1315110,moov-before-mdat,remux-faststart-only,yes
/mnt/spirit-8tb/media/tempTwitter/ً - https：⧸⧸t.co⧸2NsYvOmHrJ [1996575042314948608].mp4,315344865,938.179048,"mov,mp4,m4a,3gp,3g2,mj2",h264,aac,1080,1800,2688995,moov-before-mdat,mobile-720p,yes
/mnt/spirit-8tb/media/tempTwitter/Kazimirol - https：⧸⧸t.co⧸8htdYHtVUq [1879958955256057856].mp4,366616458,2269.982766,"mov,mp4,m4a,3gp,3g2,mj2",h264,aac,1080,1080,1292050,moov-before-mdat,remux-faststart-only,yes
/mnt/spirit-8tb/media/tempTwitter/shiva - our first date [2007892509700009984].mp4,732301252,2909.622857,"mov,mp4,m4a,3gp,3g2,mj2",h264,aac,1080,1080,2013460,moov-before-mdat,remux-faststart-only,yes
