path,filename,extension,size_bytes,modified_time,supported_video,ignored_incomplete,old_enough
/mnt/spirit-8tb/media/tempTwitter/21+ - Wataa 🎀 [1881816312693108736].mp4,21+ - Wataa 🎀 [1881816312693108736].mp4,.mp4,670000,2026-06-21T04:03:42.697Z,yes,no,yes
/mnt/spirit-8tb/media/tempTwitter/21+ - juicy booty goon compilation 🙏💦💕 [1873102726772465664].mp4,21+ - juicy booty goon compilation 🙏💦💕 [1873102726772465664].mp4,.mp4,9586868,2026-06-21T04:03:38.609Z,yes,no,yes
/mnt/spirit-8tb/media/tempTwitter/21+ - may i bounce on you like thiss!？😘💕 [1877082359645806592].mp4,21+ - may i bounce on you like thiss!？😘💕 [1877082359645806592].mp4,.mp4,2535005,2026-06-21T04:03:41.398Z,yes,no,yes
/mnt/spirit-8tb/media/tempTwitter/4’9 anal princess 👸 - Chudai？ 👃 [1981722506277933057].mp4,4’9 anal princess 👸 - Chudai？ 👃 [1981722506277933057].mp4,.mp4,1295543,2026-06-21T03:56:51.095Z,yes,no,yes
/mnt/spirit-8tb/media/tempTwitter/4’9 anal princess 👸 - Wataa 👄 [1978823238034640896].mp4,4’9 anal princess 👸 - Wataa 👄 [1978823238034640896].mp4,.mp4,552903,2026-06-21T03:56:49.574Z,yes,no,yes
/mnt/spirit-8tb/media/tempTwitter/813ARCHIVES - 休日出勤を頑張るあなたにオススメの1本！ 北嶋あんの爆乳を堪能して今日を頑張ろう💪 【PR】 [1986972133181079552].mp4,813ARCHIVES - 休日出勤を頑張るあなたにオススメの1本！ 北嶋あんの爆乳を堪能して今日を頑張ろう💪 【PR】 [1986972133181079552].mp4,.mp4,3069800,2026-06-21T03:53:18.762Z,yes,no,yes
"/mnt/spirit-8tb/media/tempTwitter/ACE‼️ 🇵🇸 (indefinite hiatus) - go on gooner, pump that needy cock. wrap your hand around the base an... [1992630783442395136].mp4","ACE‼️ 🇵🇸 (indefinite hiatus) - go on gooner, pump that needy cock. wrap your hand around the base an... [1992630783442395136].mp4",.mp4,9729502,2026-06-21T03:20:58.909Z,yes,no,yes
/mnt/spirit-8tb/media/tempTwitter/Aaliyah Yasin - VID SOLD! Aaliyah Yasin invites a white guy to her hotel room 🔥 Check... [2021135231126798336].mp4,Aaliyah Yasin - VID SOLD! Aaliyah Yasin invites a white guy to her hotel room 🔥 Check... [2021135231126798336].mp4,.mp4,3188406,2026-06-21T03:14:22.867Z,yes,no,yes
/mnt/spirit-8tb/media/tempTwitter/Aaliyah Yasin - VID SOLD! The Pakistani girl next door 🔥 Check it out! #MVSales @many... [2021378025183690752].mp4,Aaliyah Yasin - VID SOLD! The Pakistani girl next door 🔥 Check it out! #MVSales @many... [2021378025183690752].mp4,.mp4,6370599,2026-06-21T03:16:29.230Z,yes,no,yes
/mnt/spirit-8tb/media/tempTwitter/Aaliyah Yasin - Wataa [2018419579194613762].mp4,Aaliyah Yasin - Wataa [2018419579194613762].mp4,.mp4,7833631,2026-06-21T03:14:49.234Z,yes,no,yes
/mnt/spirit-8tb/media/tempTwitter/Aaliyah Yasin - Wataa [2020452998024200192].mp4,Aaliyah Yasin - Wataa [2020452998024200192].mp4,.mp4,49516621,2026-06-21T03:15:11.192Z,yes,no,yes
/mnt/spirit-8tb/media/tempTwitter/Aaliyah Yasin - Wataa [2020812845026594816].mp4,Aaliyah Yasin - Wataa [2020812845026594816].mp4,.mp4,46597004,2026-06-21T03:16:22.534Z,yes,no,yes
/mnt/spirit-8tb/media/tempTwitter/Aaliyah Yasin - Wataa [2021160380341592064].mp4,Aaliyah Yasin - Wataa [2021160380341592064].mp4,.mp4,51045610,2026-06-21T03:14:40.279Z,yes,no,yes
/mnt/spirit-8tb/media/tempTwitter/Aaliyah Yasin - Wataa [2021623990368751616].mp4,Aaliyah Yasin - Wataa [2021623990368751616].mp4,.mp4,31227012,2026-06-21T03:14:54.983Z,yes,no,yes
/mnt/spirit-8tb/media/tempTwitter/Adaora - It's a cræzy world 😔🤦🏻 [1990660660229816321].mp4,Adaora - It's a cræzy world 😔🤦🏻 [1990660660229816321].mp4,.mp4,1784997,2026-06-21T03:45:12.859Z,yes,no,yes
/mnt/spirit-8tb/media/tempTwitter/Addictedtoana - The question I get the most  “are u the waffle lady？”  Nope 🙂‍↔️ I’m ... [1995252864201965568].mp4,Addictedtoana - The question I get the most  “are u the waffle lady？”  Nope 🙂‍↔️ I’m ... [1995252864201965568].mp4,.mp4,2667985,2026-06-21T03:43:35.424Z,yes,no,yes
/mnt/spirit-8tb/media/tempTwitter/Althea - Chudai 🍔 [1972694165826764800].mp4,Althea - Chudai 🍔 [1972694165826764800].mp4,.mp4,19027185,2026-06-21T03:53:35.616Z,yes,no,yes
/mnt/spirit-8tb/media/tempTwitter/Amberny ♡ - hehe yea [1965909378416193536].mp4,Amberny ♡ - hehe yea [1965909378416193536].mp4,.mp4,1086019,2026-06-21T03:32:39.637Z,yes,no,yes
/mnt/spirit-8tb/media/tempTwitter/Amberny ♡ - say hi for a 🍑 in your dms [1995984143357014016].mp4,Amberny ♡ - say hi for a 🍑 in your dms [1995984143357014016].mp4,.mp4,806640,2026-06-21T03:32:41.097Z,yes,no,yes
/mnt/spirit-8tb/media/tempTwitter/Anton Harden - she loves heavy bbc💦 [1969992041464823808].mp4,Anton Harden - she loves heavy bbc💦 [1969992041464823808].mp4,.mp4,34198094,2026-06-21T03:35:09.782Z,yes,no,yes
/mnt/spirit-8tb/media/tempTwitter/Ash 🫧 - I understood the assignment [2004000226646827008].mp4,Ash 🫧 - I understood the assignment [2004000226646827008].mp4,.mp4,9282639,2026-06-21T03:33:08.404Z,yes,no,yes
/mnt/spirit-8tb/media/tempTwitter/Ash 🫧 - Your new thicc gf [1994957014183632896].mp4,Ash 🫧 - Your new thicc gf [1994957014183632896].mp4,.mp4,12422467,2026-06-21T03:39:47.727Z,yes,no,yes
/mnt/spirit-8tb/media/tempTwitter/Ashley G - Come smack it on [1979786096268505088].mp4,Ashley G - Come smack it on [1979786096268505088].mp4,.mp4,4770948,2026-06-21T03:57:22.104Z,yes,no,yes
/mnt/spirit-8tb/media/tempTwitter/Ashley G - Dm me papi 💋⬇️ [1979361954192842752].mp4,Ashley G - Dm me papi 💋⬇️ [1979361954192842752].mp4,.mp4,6277441,2026-06-21T03:57:19.563Z,yes,no,yes
"/mnt/spirit-8tb/media/tempTwitter/Ashley G - Let me give you some head in a hat🤭🙃🥰  FULL VIDEO IS IN MY OF, LINK B... [2002173737471193088].mp4","Ashley G - Let me give you some head in a hat🤭🙃🥰  FULL VIDEO IS IN MY OF, LINK B... [2002173737471193088].mp4",.mp4,2451200,2026-06-21T03:34:00.692Z,yes,no,yes
/mnt/spirit-8tb/media/tempTwitter/Ashley G - Talk to me 🫦🫦🫦 ✨✨✨ [1980828566062268416].mp4,Ashley G - Talk to me 🫦🫦🫦 ✨✨✨ [1980828566062268416].mp4,.mp4,9602333,2026-06-21T03:57:25.308Z,yes,no,yes
/mnt/spirit-8tb/media/tempTwitter/AvaAlex No PPV!!❤️ - My makeup guru 😉 [1878093537935310848].mp4,AvaAlex No PPV!!❤️ - My makeup guru 😉 [1878093537935310848].mp4,.mp4,4793654,2026-06-21T03:45:06.630Z,yes,no,yes
/mnt/spirit-8tb/media/tempTwitter/BABYLING ♡ - can I give you head while you game？ 🤭 @Tae_Jun10 [1906432362197524480].mp4,BABYLING ♡ - can I give you head while you game？ 🤭 @Tae_Jun10 [1906432362197524480].mp4,.mp4,1716233,2026-06-21T04:02:24.603Z,yes,no,yes
/mnt/spirit-8tb/media/tempTwitter/BABYLING ♡ - do you like receiving head or giving head？ 😽 [1907179978673807360].mp4,BABYLING ♡ - do you like receiving head or giving head？ 😽 [1907179978673807360].mp4,.mp4,234634,2026-06-21T04:02:28.177Z,yes,no,yes
/mnt/spirit-8tb/media/tempTwitter/BABYLING ♡ - do you love it when i get naked for you？ 💖 [1906835117366009856].mp4,BABYLING ♡ - do you love it when i get naked for you？ 💖 [1906835117366009856].mp4,.mp4,3103745,2026-06-21T04:02:26.789Z,yes,no,yes
/mnt/spirit-8tb/media/tempTwitter/BBW Queen Aaliyah 👑 - wataa 🐆 [1977860162007265280].mp4,BBW Queen Aaliyah 👑 - wataa 🐆 [1977860162007265280].mp4,.mp4,137686,2026-06-21T04:00:06.932Z,yes,no,yes
/mnt/spirit-8tb/media/tempTwitter/BBW Queen Aaliyah 👑 - wataa 🛗 [1978270013191532544].mp4,BBW Queen Aaliyah 👑 - wataa 🛗 [1978270013191532544].mp4,.mp4,1044564,2026-06-21T04:00:07.755Z,yes,no,yes
/mnt/spirit-8tb/media/tempTwitter/BBW Queen Aaliyah 👑 - wataa 🤍 [1976890667281321984].mp4,BBW Queen Aaliyah 👑 - wataa 🤍 [1976890667281321984].mp4,.mp4,498212,2026-06-21T04:00:05.749Z,yes,no,yes
/mnt/spirit-8tb/media/tempTwitter/Babydoll Hannah 🩷​ - Chudai 💦 [1957869905157480448].mp4,Babydoll Hannah 🩷​ - Chudai 💦 [1957869905157480448].mp4,.mp4,1252734,2026-06-21T03:45:39.807Z,yes,no,yes
/mnt/spirit-8tb/media/tempTwitter/Babydoll Hannah 🩷​ - Chudai 💦 [1980706510142308352].mp4,Babydoll Hannah 🩷​ - Chudai 💦 [1980706510142308352].mp4,.mp4,2089479,2026-06-21T03:45:43.099Z,yes,no,yes
/mnt/spirit-8tb/media/tempTwitter/Babydoll Hannah 🩷​ - Chudai 🥵 [1969446832074842112].mp4,Babydoll Hannah 🩷​ - Chudai 🥵 [1969446832074842112].mp4,.mp4,3428967,2026-06-21T03:45:41.411Z,yes,no,yes
/mnt/spirit-8tb/media/tempTwitter/Bambithick - WATAA 💦 [1997123145455546368].mp4,Bambithick - WATAA 💦 [1997123145455546368].mp4,.mp4,3178260,2026-06-21T03:34:52.799Z,yes,no,yes
/mnt/spirit-8tb/media/tempTwitter/Bambithick - WATAA 😮‍💨 [1980826340946284544].mp4,Bambithick - WATAA 😮‍💨 [1980826340946284544].mp4,.mp4,871931,2026-06-21T03:52:28.245Z,yes,no,yes
/mnt/spirit-8tb/media/tempTwitter/Bambithick - Wataa 💦 [1984678866837786624].mp4,Bambithick - Wataa 💦 [1984678866837786624].mp4,.mp4,4298563,2026-06-21T03:52:29.920Z,yes,no,yes
/mnt/spirit-8tb/media/tempTwitter/Barstool Sports - “How bad are the Dolphins？” [1983710537084207104].mp4,Barstool Sports - “How bad are the Dolphins？” [1983710537084207104].mp4,.mp4,4449718,2026-06-21T03:55:34.762Z,yes,no,yes
/mnt/spirit-8tb/media/tempTwitter/Bibi - wataa [1986314414392213504].mp4,Bibi - wataa [1986314414392213504].mp4,.mp4,3859631,2026-06-21T03:53:28.944Z,yes,no,yes
/mnt/spirit-8tb/media/tempTwitter/Bibi - wataa [1987891851718746112].mp4,Bibi - wataa [1987891851718746112].mp4,.mp4,438282,2026-06-21T03:47:52.147Z,yes,no,yes
/mnt/spirit-8tb/media/tempTwitter/Bibi - wataa [1992993669394178050].mp4,Bibi - wataa [1992993669394178050].mp4,.mp4,1115727,2026-06-21T03:43:37.097Z,yes,no,yes
/mnt/spirit-8tb/media/tempTwitter/Bibi - wataa 💦 [1887143026398535680].mp4,Bibi - wataa 💦 [1887143026398535680].mp4,.mp4,337729,2026-06-21T03:53:27.240Z,yes,no,yes
/mnt/spirit-8tb/media/tempTwitter/Boobies Public Flashing 🍒 - WATAA💦💦 [1965495741058568193].mp4,Boobies Public Flashing 🍒 - WATAA💦💦 [1965495741058568193].mp4,.mp4,2812938,2026-06-21T03:51:31.289Z,yes,no,yes
/mnt/spirit-8tb/media/tempTwitter/Bri - got a place for me to sit？ [1990468605918547968].mp4,Bri - got a place for me to sit？ [1990468605918547968].mp4,.mp4,3302260,2026-06-21T03:18:34.987Z,yes,no,yes
/mnt/spirit-8tb/media/tempTwitter/C A L A M I T Y ! - WATAA 👅 [1988643816807559171].mp4,C A L A M I T Y ! - WATAA 👅 [1988643816807559171].mp4,.mp4,4520952,2026-06-21T03:19:50.802Z,yes,no,yes
/mnt/spirit-8tb/media/tempTwitter/C A L A M I T Y ! - wataa 🥵 [1947784819619844096].mp4,C A L A M I T Y ! - wataa 🥵 [1947784819619844096].mp4,.mp4,9764687,2026-06-21T03:19:40.944Z,yes,no,yes
/mnt/spirit-8tb/media/tempTwitter/CLIP - https：⧸⧸t.co⧸AzOZwFtQzC [1991551499369877504].mp4,CLIP - https：⧸⧸t.co⧸AzOZwFtQzC [1991551499369877504].mp4,.mp4,24278478,2026-06-21T03:24:51.355Z,yes,no,yes
/mnt/spirit-8tb/media/tempTwitter/Cum Bunny - https：⧸⧸t.co⧸5TcBqK2zST [2006876688865464320].mp4,Cum Bunny - https：⧸⧸t.co⧸5TcBqK2zST [2006876688865464320].mp4,.mp4,4741700,2026-06-21T03:24:19.599Z,yes,no,yes
/mnt/spirit-8tb/media/tempTwitter/Cum Bunny - https：⧸⧸t.co⧸Q6MeGhwlO4 [2004183612753670145].mp4,Cum Bunny - https：⧸⧸t.co⧸Q6MeGhwlO4 [2004183612753670145].mp4,.mp4,5468128,2026-06-21T03:25:32.700Z,yes,no,yes
/mnt/spirit-8tb/media/tempTwitter/Cum Bunny - https：⧸⧸t.co⧸TgzFPl4HdU [1791068218653601792].mp4,Cum Bunny - https：⧸⧸t.co⧸TgzFPl4HdU [1791068218653601792].mp4,.mp4,2581853,2026-06-21T03:25:12.184Z,yes,no,yes
/mnt/spirit-8tb/media/tempTwitter/Cum Bunny - https：⧸⧸t.co⧸cLcOOctvjr [1997161542983299072].mp4,Cum Bunny - https：⧸⧸t.co⧸cLcOOctvjr [1997161542983299072].mp4,.mp4,3792453,2026-06-21T03:35:18.965Z,yes,no,yes
/mnt/spirit-8tb/media/tempTwitter/Cum Bunny - https：⧸⧸t.co⧸mfjxeTQrGe [1970727513866240000].mp4,Cum Bunny - https：⧸⧸t.co⧸mfjxeTQrGe [1970727513866240000].mp4,.mp4,797887,2026-06-21T03:24:41.073Z,yes,no,yes
/mnt/spirit-8tb/media/tempTwitter/Cum 💦 Cravers 🌶️ - 📛💦 [2002865665968054272].mp4,Cum 💦 Cravers 🌶️ - 📛💦 [2002865665968054272].mp4,.mp4,8126412,2026-06-21T03:32:22.680Z,yes,no,yes
/mnt/spirit-8tb/media/tempTwitter/DAY 🕷️ - chudai [1999517687160987648].mp4,DAY 🕷️ - chudai [1999517687160987648].mp4,.mp4,488374,2026-06-21T03:35:05.180Z,yes,no,yes
/mnt/spirit-8tb/media/tempTwitter/DAY 🕷️ - wataa [1955412293010808832].mp4,DAY 🕷️ - wataa [1955412293010808832].mp4,.mp4,1777320,2026-06-21T03:21:49.746Z,yes,no,yes
/mnt/spirit-8tb/media/tempTwitter/DAY 🕷️ - who wanna eat my ass next？ 👀 [1999517687160987648].mp4,DAY 🕷️ - who wanna eat my ass next？ 👀 [1999517687160987648].mp4,.mp4,488374,2026-06-21T03:25:10.430Z,yes,no,yes
/mnt/spirit-8tb/media/tempTwitter/Dani 🍑 - Chudai 💦 [1960889847528165376].mp4,Dani 🍑 - Chudai 💦 [1960889847528165376].mp4,.mp4,2917034,2026-06-21T03:47:23.433Z,yes,no,yes
/mnt/spirit-8tb/media/tempTwitter/Dani 🍑 - Wataa 💦 [1973523702990917632].mp4,Dani 🍑 - Wataa 💦 [1973523702990917632].mp4,.mp4,3359160,2026-06-21T03:54:00.579Z,yes,no,yes
/mnt/spirit-8tb/media/tempTwitter/Derly Rodríguez 🩷 - https：⧸⧸t.co⧸afSy2MUkAq [2006175477438808065].mp4,Derly Rodríguez 🩷 - https：⧸⧸t.co⧸afSy2MUkAq [2006175477438808065].mp4,.mp4,4777180,2026-06-21T03:31:58.435Z,yes,no,yes
"/mnt/spirit-8tb/media/tempTwitter/Dr. Clown, PhD - Wait... What the fvck is this!？ [2002010187389878272].mp4","Dr. Clown, PhD - Wait... What the fvck is this!？ [2002010187389878272].mp4",.mp4,2371923,2026-06-21T03:33:43.808Z,yes,no,yes
/mnt/spirit-8tb/media/tempTwitter/Dreamz - Wattttaa💦😋🍆 [2006112682592657408].mp4,Dreamz - Wattttaa💦😋🍆 [2006112682592657408].mp4,.mp4,12226240,2026-06-21T03:22:44.698Z,yes,no,yes
/mnt/spirit-8tb/media/tempTwitter/Dreamz - https：⧸⧸t.co⧸F97CZoB0hc [2000819408277532676].mp4,Dreamz - https：⧸⧸t.co⧸F97CZoB0hc [2000819408277532676].mp4,.mp4,23346889,2026-06-21T03:32:59.244Z,yes,no,yes
/mnt/spirit-8tb/media/tempTwitter/EMmanuel🇳🇬 ⧸ AI Imagery - this is crazy 😭😭😭 [1996910196438769664].mp4,EMmanuel🇳🇬 ⧸ AI Imagery - this is crazy 😭😭😭 [1996910196438769664].mp4,.mp4,2414679,2026-06-21T03:39:30.283Z,yes,no,yes
/mnt/spirit-8tb/media/tempTwitter/Ebonys R’ US - 😞 I Miss Her @TeannaTrump [1981968705530544130].mp4,Ebonys R’ US - 😞 I Miss Her @TeannaTrump [1981968705530544130].mp4,.mp4,53014633,2026-06-21T03:47:05.339Z,yes,no,yes
/mnt/spirit-8tb/media/tempTwitter/Eden Ivy - Does this video count as my girlfriend resume？ [1997036543400116224].mp4,Eden Ivy - Does this video count as my girlfriend resume？ [1997036543400116224].mp4,.mp4,12177154,2026-06-21T03:37:17.746Z,yes,no,yes
/mnt/spirit-8tb/media/tempTwitter/Eden Ivy - Housewife training：) [2005754088114335744].mp4,Eden Ivy - Housewife training：) [2005754088114335744].mp4,.mp4,10150548,2026-06-21T03:23:15.056Z,yes,no,yes
/mnt/spirit-8tb/media/tempTwitter/Ema - Hi = 🍒 Heyy = 🍑 Then check ur messages 👀 [1977813597850849280].mp4,Ema - Hi = 🍒 Heyy = 🍑 Then check ur messages 👀 [1977813597850849280].mp4,.mp4,1055880,2026-06-21T03:34:45.839Z,yes,no,yes
/mnt/spirit-8tb/media/tempTwitter/Ema - bounce [1993424158584127488].mp4,Ema - bounce [1993424158584127488].mp4,.mp4,11240084,2026-06-21T03:34:50.627Z,yes,no,yes
/mnt/spirit-8tb/media/tempTwitter/FernandaShows🎀 - 🥸 [2006901313347768320].mp4,FernandaShows🎀 - 🥸 [2006901313347768320].mp4,.mp4,5815454,2026-06-21T03:18:38.050Z,yes,no,yes
"/mnt/spirit-8tb/media/tempTwitter/G00NER GIRL🎀 - OOPS, I DROPPED MY KEYS👀🎀😵‍💫 [1968128350079377408].mp4","G00NER GIRL🎀 - OOPS, I DROPPED MY KEYS👀🎀😵‍💫 [1968128350079377408].mp4",.mp4,1342409,2026-06-21T03:37:21.065Z,yes,no,yes
/mnt/spirit-8tb/media/tempTwitter/GOONETTE WORSHIPPER🙏🏻🧎 - CUM WALKS ARE SO HOT! LIKE YEAH SHOW THE PEOPLE AROUND YOUR AREA HOW ... [1874895750137540608].mp4,GOONETTE WORSHIPPER🙏🏻🧎 - CUM WALKS ARE SO HOT! LIKE YEAH SHOW THE PEOPLE AROUND YOUR AREA HOW ... [1874895750137540608].mp4,.mp4,27903552,2026-06-21T03:46:02.475Z,yes,no,yes
/mnt/spirit-8tb/media/tempTwitter/GOONETTE WORSHIPPER🙏🏻🧎 - YOURE SO SICK AND PERVERTED ARENT YOU🤭 I BET YOURE IMAGINING FUCKING ... [1989937734966779904].mp4,GOONETTE WORSHIPPER🙏🏻🧎 - YOURE SO SICK AND PERVERTED ARENT YOU🤭 I BET YOURE IMAGINING FUCKING ... [1989937734966779904].mp4,.mp4,2267581,2026-06-21T03:45:15.707Z,yes,no,yes
/mnt/spirit-8tb/media/tempTwitter/Gianna J - Chudai 🥵 [2010206448291045376].mp4,Gianna J - Chudai 🥵 [2010206448291045376].mp4,.mp4,1178400,2026-06-21T03:25:08.864Z,yes,no,yes
/mnt/spirit-8tb/media/tempTwitter/Gianna J - Does my ass look better in leggings or out？ 🤔 [1990611883624112128].mp4,Gianna J - Does my ass look better in leggings or out？ 🤔 [1990611883624112128].mp4,.mp4,1747018,2026-06-21T03:37:42.090Z,yes,no,yes
/mnt/spirit-8tb/media/tempTwitter/Gianna J - She loves playing with my big ass and I love sucking on her big tits ... [1980439071806627841].mp4,Gianna J - She loves playing with my big ass and I love sucking on her big tits ... [1980439071806627841].mp4,.mp4,10885145,2026-06-21T03:59:03.937Z,yes,no,yes
/mnt/spirit-8tb/media/tempTwitter/Girls Finnishing theJob - https：⧸⧸t.co⧸RrMah2UiKw [1968259466614161408].mp4,Girls Finnishing theJob - https：⧸⧸t.co⧸RrMah2UiKw [1968259466614161408].mp4,.mp4,3087096,2026-06-21T03:33:13.981Z,yes,no,yes
/mnt/spirit-8tb/media/tempTwitter/Goddess Barbie to you ｜ 👑🇨🇦 - wataa [1968863803166048256].mp4,Goddess Barbie to you ｜ 👑🇨🇦 - wataa [1968863803166048256].mp4,.mp4,4913279,2026-06-21T03:57:05.295Z,yes,no,yes
/mnt/spirit-8tb/media/tempTwitter/Good Girl Kate 💗 - Good Girl Kate 💗 - https：⧸⧸t.co⧸MaidfGUiUW [2030063803292151808].mp4,Good Girl Kate 💗 - Good Girl Kate 💗 - https：⧸⧸t.co⧸MaidfGUiUW [2030063803292151808].mp4,.mp4,3515671,2026-06-30T04:18:25.719Z,yes,no,yes
"/mnt/spirit-8tb/media/tempTwitter/GoonYourBrain - When your daughter gives you your Christmas present, but she won’t le... [2003868077784494080].mp4","GoonYourBrain - When your daughter gives you your Christmas present, but she won’t le... [2003868077784494080].mp4",.mp4,47508155,2026-06-21T03:32:08.816Z,yes,no,yes
/mnt/spirit-8tb/media/tempTwitter/Goonin4pawgs - Wataa💦 [1974010929982459905].mp4,Goonin4pawgs - Wataa💦 [1974010929982459905].mp4,.mp4,4623328,2026-06-21T03:37:12.608Z,yes,no,yes
/mnt/spirit-8tb/media/tempTwitter/Gothprincess - Chudai 😈 [1978910535572660224].mp4,Gothprincess - Chudai 😈 [1978910535572660224].mp4,.mp4,14650271,2026-06-21T03:55:39.335Z,yes,no,yes
/mnt/spirit-8tb/media/tempTwitter/HD FLIX - Watta 👅 [2018491723761262592].mp4,HD FLIX - Watta 👅 [2018491723761262592].mp4,.mp4,81065330,2026-06-21T03:13:38.601Z,yes,no,yes
/mnt/spirit-8tb/media/tempTwitter/HD FLIX - Watta 👅 [2018938186387587073].mp4,HD FLIX - Watta 👅 [2018938186387587073].mp4,.mp4,55153372,2026-06-21T03:15:40.284Z,yes,no,yes
/mnt/spirit-8tb/media/tempTwitter/He 𓆈 21+ - Let my lips empty you 💋💦💦 [2002298401384529920].mp4,He 𓆈 21+ - Let my lips empty you 💋💦💦 [2002298401384529920].mp4,.mp4,1361140,2026-06-21T03:32:51.208Z,yes,no,yes
/mnt/spirit-8tb/media/tempTwitter/I Love Cumwalks (250k) 🔞 - This epic @ArtemisCarmona cumwalk (featuring a huge load from @Plaste... [1914093291450060800].mp4,I Love Cumwalks (250k) 🔞 - This epic @ArtemisCarmona cumwalk (featuring a huge load from @Plaste... [1914093291450060800].mp4,.mp4,4178182,2026-06-21T03:46:21.571Z,yes,no,yes
/mnt/spirit-8tb/media/tempTwitter/ICuckoldress ｜ Top 0.12% on onlyfans - Why do the smallest little cucks always make the most mess？ [1981903935024553985].mp4,ICuckoldress ｜ Top 0.12% on onlyfans - Why do the smallest little cucks always make the most mess？ [1981903935024553985].mp4,.mp4,1537484,2026-06-21T03:30:51.190Z,yes,no,yes
/mnt/spirit-8tb/media/tempTwitter/Ice Spice HQ - we moved on from this too fast [1973607598130712576].mp4,Ice Spice HQ - we moved on from this too fast [1973607598130712576].mp4,.mp4,4294965,2026-06-21T03:34:13.359Z,yes,no,yes
/mnt/spirit-8tb/media/tempTwitter/Isabella - #solo #dildo [1980178605893201920].mp4,Isabella - #solo #dildo [1980178605893201920].mp4,.mp4,6302223,2026-06-21T03:58:36.981Z,yes,no,yes
/mnt/spirit-8tb/media/tempTwitter/Isabella - Doggy style dildo riding #nsfw #creamy #solo #dildo [1967061314288689152].mp4,Isabella - Doggy style dildo riding #nsfw #creamy #solo #dildo [1967061314288689152].mp4,.mp4,16693856,2026-06-21T03:57:35.596Z,yes,no,yes
/mnt/spirit-8tb/media/tempTwitter/Isabella - Fatass Thread 🪡   Drop them 🍑 [1976146429438570496].mp4,Isabella - Fatass Thread 🪡   Drop them 🍑 [1976146429438570496].mp4,.mp4,12038788,2026-06-21T03:58:43.009Z,yes,no,yes
/mnt/spirit-8tb/media/tempTwitter/Isabella - Listen to the claps 🍑 #pawg #solo #fatass [1995767258191118336].mp4,Isabella - Listen to the claps 🍑 #pawg #solo #fatass [1995767258191118336].mp4,.mp4,60191626,2026-06-21T03:39:02.715Z,yes,no,yes
/mnt/spirit-8tb/media/tempTwitter/Isabella - PAWG in red fish nets riding BBC #solo #PAWG #fatass #dildo [1980102405980086272].mp4,Isabella - PAWG in red fish nets riding BBC #solo #PAWG #fatass #dildo [1980102405980086272].mp4,.mp4,12297593,2026-06-21T03:58:06.699Z,yes,no,yes
/mnt/spirit-8tb/media/tempTwitter/Isabella - Punish me 😈 #PAWG #solo #fatass #dildo [1980177851044315136].mp4,Isabella - Punish me 😈 #PAWG #solo #fatass #dildo [1980177851044315136].mp4,.mp4,26795010,2026-06-21T03:58:22.716Z,yes,no,yes
/mnt/spirit-8tb/media/tempTwitter/Isabella - Squirting from my sex machine #solo #dildo #PAWG #fatass [1980184534701199360].mp4,Isabella - Squirting from my sex machine #solo #dildo #PAWG #fatass [1980184534701199360].mp4,.mp4,5177061,2026-06-21T03:58:47.725Z,yes,no,yes
/mnt/spirit-8tb/media/tempTwitter/Isabella - Student girl creams all over sex doll #creamy #solo #dildo #fatass [1966963731557961728].mp4,Isabella - Student girl creams all over sex doll #creamy #solo #dildo #fatass [1966963731557961728].mp4,.mp4,29631382,2026-06-21T03:56:20.868Z,yes,no,yes
"/mnt/spirit-8tb/media/tempTwitter/Isabella - Trying on my new leggings, how do they look？ [1996851642403049472].mp4","Isabella - Trying on my new leggings, how do they look？ [1996851642403049472].mp4",.mp4,14328796,2026-06-21T03:39:38.888Z,yes,no,yes
/mnt/spirit-8tb/media/tempTwitter/Isabella - Watch my Creamy Pussy Ride this Huge BBC #solo #dildo #fatass #creamy... [1977541287491272705].mp4,Isabella - Watch my Creamy Pussy Ride this Huge BBC #solo #dildo #fatass #creamy... [1977541287491272705].mp4,.mp4,21568760,2026-06-21T03:57:50.806Z,yes,no,yes
/mnt/spirit-8tb/media/tempTwitter/Isabella - https：⧸⧸t.co⧸puPJEp2E01 [1977544895167393792].mp4,Isabella - https：⧸⧸t.co⧸puPJEp2E01 [1977544895167393792].mp4,.mp4,6478667,2026-06-21T03:57:58.579Z,yes,no,yes
/mnt/spirit-8tb/media/tempTwitter/Jayde - wataa [1972851083153166336].mp4,Jayde - wataa [1972851083153166336].mp4,.mp4,2517053,2026-06-21T03:57:02.391Z,yes,no,yes
/mnt/spirit-8tb/media/tempTwitter/Jazmen - Bigger than my head [2013874954522238979].mp4,Jazmen - Bigger than my head [2013874954522238979].mp4,.mp4,867131,2026-06-21T03:21:26.010Z,yes,no,yes
/mnt/spirit-8tb/media/tempTwitter/Jazmen - Me and Chloe Lamb did a thing 😈 [2016380344564428800].mp4,Jazmen - Me and Chloe Lamb did a thing 😈 [2016380344564428800].mp4,.mp4,11279525,2026-06-21T03:21:27.797Z,yes,no,yes
/mnt/spirit-8tb/media/tempTwitter/Jessica Kinley - Chudai 💦 [1980414357767852032].mp4,Jessica Kinley - Chudai 💦 [1980414357767852032].mp4,.mp4,3779751,2026-06-21T03:54:59.539Z,yes,no,yes
/mnt/spirit-8tb/media/tempTwitter/Jessy ren - WATAA 💦 [1975395494466584576].mp4,Jessy ren - WATAA 💦 [1975395494466584576].mp4,.mp4,455429,2026-06-21T03:56:41.471Z,yes,no,yes
/mnt/spirit-8tb/media/tempTwitter/Jey Lilli - Wataa [2019795638834114560].mp4,Jey Lilli - Wataa [2019795638834114560].mp4,.mp4,1423418,2026-06-21T03:19:46.349Z,yes,no,yes
/mnt/spirit-8tb/media/tempTwitter/Julia 🩵 FREE OF - Julia 🩵 FREE OF - https：⧸⧸t.co⧸tTzGsI5zpb [2030983540830261248].mp4,Julia 🩵 FREE OF - Julia 🩵 FREE OF - https：⧸⧸t.co⧸tTzGsI5zpb [2030983540830261248].mp4,.mp4,3312222,2026-06-30T04:18:41.347Z,yes,no,yes
/mnt/spirit-8tb/media/tempTwitter/Just JiDion - SNEAKO Defends EDP445 on JiDion Stream #shorts [sFlDc4Mq1N4].mp4,Just JiDion - SNEAKO Defends EDP445 on JiDion Stream #shorts [sFlDc4Mq1N4].mp4,.mp4,5197609,2026-06-30T04:24:00.829Z,yes,no,yes
/mnt/spirit-8tb/media/tempTwitter/Katie Vaynes 💋 - @MissBNasty [1942628508552790016].mp4,Katie Vaynes 💋 - @MissBNasty [1942628508552790016].mp4,.mp4,2543766,2026-06-21T03:22:22.143Z,yes,no,yes
/mnt/spirit-8tb/media/tempTwitter/Katie Vaynes 💋 - Chudai [2001218955185172483].mp4,Katie Vaynes 💋 - Chudai [2001218955185172483].mp4,.mp4,15837276,2026-06-21T03:34:43.001Z,yes,no,yes
/mnt/spirit-8tb/media/tempTwitter/Katie Vaynes 💋 - Chudai [2009592296140951552].mp4,Katie Vaynes 💋 - Chudai [2009592296140951552].mp4,.mp4,3463222,2026-06-21T03:23:43.266Z,yes,no,yes
/mnt/spirit-8tb/media/tempTwitter/Katie Vaynes 💋 - Chudai [2011042910402125824].mp4,Katie Vaynes 💋 - Chudai [2011042910402125824].mp4,.mp4,4019980,2026-06-21T03:23:45.614Z,yes,no,yes
/mnt/spirit-8tb/media/tempTwitter/Katie Vaynes 💋 - How bad do you want to put your mouth around these？ [2016284124839858176].mp4,Katie Vaynes 💋 - How bad do you want to put your mouth around these？ [2016284124839858176].mp4,.mp4,7689119,2026-06-21T03:22:26.413Z,yes,no,yes
/mnt/spirit-8tb/media/tempTwitter/Katie Vaynes 💋 - How rough would you be with me？ [2013756552323248128].mp4,Katie Vaynes 💋 - How rough would you be with me？ [2013756552323248128].mp4,.mp4,4603262,2026-06-21T03:23:50.117Z,yes,no,yes
/mnt/spirit-8tb/media/tempTwitter/Katie Vaynes 💋 - It’s Titty Tuesday 😜 lets play 😈 [1973020083531169792].mp4,Katie Vaynes 💋 - It’s Titty Tuesday 😜 lets play 😈 [1973020083531169792].mp4,.mp4,15868505,2026-06-21T03:23:31.633Z,yes,no,yes
/mnt/spirit-8tb/media/tempTwitter/Katie Vaynes 💋 - OMG! I am so worked up playing with myself 🥵 [2014835527845896194].mp4,Katie Vaynes 💋 - OMG! I am so worked up playing with myself 🥵 [2014835527845896194].mp4,.mp4,46499134,2026-06-21T03:24:02.048Z,yes,no,yes
/mnt/spirit-8tb/media/tempTwitter/Katie Vaynes 💋 - Wataa [2008880128521019392].mp4,Katie Vaynes 💋 - Wataa [2008880128521019392].mp4,.mp4,13322419,2026-06-21T03:23:42.381Z,yes,no,yes
/mnt/spirit-8tb/media/tempTwitter/Katie Vaynes 💋 - Wataa [2013020596376903680].mp4,Katie Vaynes 💋 - Wataa [2013020596376903680].mp4,.mp4,3009211,2026-06-21T03:23:48.092Z,yes,no,yes
/mnt/spirit-8tb/media/tempTwitter/Katie Vaynes 💋 - Wataa 💦 [2002001312263675905].mp4,Katie Vaynes 💋 - Wataa 💦 [2002001312263675905].mp4,.mp4,5102863,2026-06-21T03:23:38.458Z,yes,no,yes
/mnt/spirit-8tb/media/tempTwitter/Kazimirol - Again ❌https：⧸⧸t.co⧸VFHU9dvvJf [1914188875448082432].mp4,Kazimirol - Again ❌https：⧸⧸t.co⧸VFHU9dvvJf [1914188875448082432].mp4,.mp4,263112834,2026-06-21T03:49:44.801Z,yes,no,yes
/mnt/spirit-8tb/media/tempTwitter/Kazimirol - https：⧸⧸t.co⧸8htdYHtVUq [1879958955256057856].mp4,Kazimirol - https：⧸⧸t.co⧸8htdYHtVUq [1879958955256057856].mp4,.mp4,366616458,2026-06-21T03:41:29.110Z,yes,no,yes
/mnt/spirit-8tb/media/tempTwitter/Kiri -`♡´- 20% Off Onlyfans! - leaking throatpie 🥵 [1898470776203853824].mp4,Kiri -`♡´- 20% Off Onlyfans! - leaking throatpie 🥵 [1898470776203853824].mp4,.mp4,7302412,2026-06-21T03:23:09.065Z,yes,no,yes
/mnt/spirit-8tb/media/tempTwitter/Lee🕸️ - wataa [1975029638238748672].mp4,Lee🕸️ - wataa [1975029638238748672].mp4,.mp4,633411,2026-06-21T03:54:15.493Z,yes,no,yes
"/mnt/spirit-8tb/media/tempTwitter/LilyKoti 🙀 - Here, some soft big titties for your start of the week 🥰 [2008176940864114688].mp4","LilyKoti 🙀 - Here, some soft big titties for your start of the week 🥰 [2008176940864114688].mp4",.mp4,4286117,2026-06-21T03:21:13.254Z,yes,no,yes
/mnt/spirit-8tb/media/tempTwitter/LilyKoti 🙀 - My boobies wish you a warm and cosy weekend! 💕 [1973478048142876672].mp4,LilyKoti 🙀 - My boobies wish you a warm and cosy weekend! 💕 [1973478048142876672].mp4,.mp4,38932017,2026-06-21T03:55:14.240Z,yes,no,yes
/mnt/spirit-8tb/media/tempTwitter/LilyKoti 🙀 - Oops... I think I forgot to leave that zoom meeting 🙀 [2008191112771465216].mp4,LilyKoti 🙀 - Oops... I think I forgot to leave that zoom meeting 🙀 [2008191112771465216].mp4,.mp4,6328114,2026-06-21T03:20:34.222Z,yes,no,yes
/mnt/spirit-8tb/media/tempTwitter/LilyKoti 🙀 - What am I up to 😇 [2008177263666233345].mp4,LilyKoti 🙀 - What am I up to 😇 [2008177263666233345].mp4,.mp4,2150771,2026-06-21T03:21:17.106Z,yes,no,yes
/mnt/spirit-8tb/media/tempTwitter/Lina ♡ - Can I give u sloppy daddy？ 🥹👅 [1950679723966869504].mp4,Lina ♡ - Can I give u sloppy daddy？ 🥹👅 [1950679723966869504].mp4,.mp4,4295489,2026-06-21T03:56:53.533Z,yes,no,yes
/mnt/spirit-8tb/media/tempTwitter/Lina ♡ - Dm 4 menu [1955831774447366144].mp4,Lina ♡ - Dm 4 menu [1955831774447366144].mp4,.mp4,837972,2026-06-21T03:56:58.434Z,yes,no,yes
/mnt/spirit-8tb/media/tempTwitter/Lina ♡ - Free use slut 🔅‼️ [1951816657896366080].mp4,Lina ♡ - Free use slut 🔅‼️ [1951816657896366080].mp4,.mp4,4170125,2026-06-21T03:56:56.427Z,yes,no,yes
/mnt/spirit-8tb/media/tempTwitter/Lina ♡ - Lil bimbo lips 👄💕✨ [1976163185142136833].mp4,Lina ♡ - Lil bimbo lips 👄💕✨ [1976163185142136833].mp4,.mp4,2715195,2026-06-21T03:57:00.392Z,yes,no,yes
/mnt/spirit-8tb/media/tempTwitter/Linchen1207 - https：⧸⧸t.co⧸OrZJqvbIQT [1981773682528616448].mp4,Linchen1207 - https：⧸⧸t.co⧸OrZJqvbIQT [1981773682528616448].mp4,.mp4,752897,2026-06-21T03:56:43.141Z,yes,no,yes
/mnt/spirit-8tb/media/tempTwitter/Liv - rawr [1930397911210233856].mp4,Liv - rawr [1930397911210233856].mp4,.mp4,928446,2026-06-21T04:01:10.037Z,yes,no,yes
/mnt/spirit-8tb/media/tempTwitter/MARINA MAYA 🖤 - “Out with the girls” 🤫 [1994124209610514432].mp4,MARINA MAYA 🖤 - “Out with the girls” 🤫 [1994124209610514432].mp4,.mp4,12985051,2026-06-21T03:16:07.398Z,yes,no,yes
/mnt/spirit-8tb/media/tempTwitter/Mili - Wataa ❄️ [1999557232418279424].mp4,Mili - Wataa ❄️ [1999557232418279424].mp4,.mp4,7059545,2026-06-21T03:25:19.015Z,yes,no,yes
/mnt/spirit-8tb/media/tempTwitter/Mili - Wataa 🥰 [1992664028326592512].mp4,Mili - Wataa 🥰 [1992664028326592512].mp4,.mp4,1308574,2026-06-21T03:25:16.818Z,yes,no,yes
/mnt/spirit-8tb/media/tempTwitter/Milly Bloom - wataa [1996676788307603456].mp4,Milly Bloom - wataa [1996676788307603456].mp4,.mp4,15035551,2026-06-21T03:24:32.929Z,yes,no,yes
/mnt/spirit-8tb/media/tempTwitter/Miranda Randa - wataa [2019052151532556288].mp4,Miranda Randa - wataa [2019052151532556288].mp4,.mp4,753622,2026-06-21T03:20:28.910Z,yes,no,yes
/mnt/spirit-8tb/media/tempTwitter/Mittens - Mittens - Small forehead ones have a special place in my heart [2024542299502333952].mp4,Mittens - Mittens - Small forehead ones have a special place in my heart [2024542299502333952].mp4,.mp4,1420482,2026-06-30T04:23:29.725Z,yes,no,yes
/mnt/spirit-8tb/media/tempTwitter/Miyu Marzipan NSFW - First date went well.. [1981235097446629376].mp4,Miyu Marzipan NSFW - First date went well.. [1981235097446629376].mp4,.mp4,1496428,2026-06-21T04:00:09.536Z,yes,no,yes
/mnt/spirit-8tb/media/tempTwitter/Ms Nasty💦🥂 - Chudai 👾 [1989112119988543488].mp4,Ms Nasty💦🥂 - Chudai 👾 [1989112119988543488].mp4,.mp4,5750520,2026-06-21T03:47:20.491Z,yes,no,yes
/mnt/spirit-8tb/media/tempTwitter/Mulan - Morning routine？ Just a little bit of mint and a lot of glow [1900254312602771457].mp4,Mulan - Morning routine？ Just a little bit of mint and a lot of glow [1900254312602771457].mp4,.mp4,2571613,2026-06-21T03:24:13.351Z,yes,no,yes
/mnt/spirit-8tb/media/tempTwitter/My Prejac Boyfriend - wataa 🤣 [1935827138331934720].mp4,My Prejac Boyfriend - wataa 🤣 [1935827138331934720].mp4,.mp4,27633827,2026-06-21T03:43:44.498Z,yes,no,yes
/mnt/spirit-8tb/media/tempTwitter/NASTY MEDIA 📺 - Wataa [1957438314077908992].mp4,NASTY MEDIA 📺 - Wataa [1957438314077908992].mp4,.mp4,1931658,2026-06-21T03:37:35.484Z,yes,no,yes
/mnt/spirit-8tb/media/tempTwitter/NATALIE 🍒 ROXANNE - Wataa 💦 [1874861486327422976].mp4,NATALIE 🍒 ROXANNE - Wataa 💦 [1874861486327422976].mp4,.mp4,968140,2026-06-21T04:03:35.939Z,yes,no,yes
/mnt/spirit-8tb/media/tempTwitter/Nickii - CHUDAI 💦 [1939396019579457536].mp4,Nickii - CHUDAI 💦 [1939396019579457536].mp4,.mp4,1594157,2026-06-21T03:32:31.040Z,yes,no,yes
/mnt/spirit-8tb/media/tempTwitter/Nickii - Chudai 🤎 [2002249697696649216].mp4,Nickii - Chudai 🤎 [2002249697696649216].mp4,.mp4,810678,2026-06-21T03:32:32.258Z,yes,no,yes
/mnt/spirit-8tb/media/tempTwitter/No PPV Bella - Wataa [1960523108604911618].mp4,No PPV Bella - Wataa [1960523108604911618].mp4,.mp4,1556195,2026-06-21T03:33:21.189Z,yes,no,yes
/mnt/spirit-8tb/media/tempTwitter/OWS - Friends playing [1773121889369550849].mp4,OWS - Friends playing [1773121889369550849].mp4,.mp4,10876287,2026-06-21T03:54:06.100Z,yes,no,yes
/mnt/spirit-8tb/media/tempTwitter/PAG 💕 - https：⧸⧸t.co⧸hUSQHRhFsc [2018955073569562624].mp4,PAG 💕 - https：⧸⧸t.co⧸hUSQHRhFsc [2018955073569562624].mp4,.mp4,6491332,2026-06-21T03:20:24.480Z,yes,no,yes
"/mnt/spirit-8tb/media/tempTwitter/Pearl ✿ - Build like an hourglass, with some extra sand at the bottom! 🥰☃️ [2003829811752370176].mp4","Pearl ✿ - Build like an hourglass, with some extra sand at the bottom! 🥰☃️ [2003829811752370176].mp4",.mp4,2185969,2026-06-21T03:32:48.717Z,yes,no,yes
"/mnt/spirit-8tb/media/tempTwitter/Pearl ✿ - Bye bye shorts, hello booottyyy!! [2006714277994868736].mp4","Pearl ✿ - Bye bye shorts, hello booottyyy!! [2006714277994868736].mp4",.mp4,2003510,2026-06-21T03:32:16.474Z,yes,no,yes
"/mnt/spirit-8tb/media/tempTwitter/Pearl ✿ - Bye bye shorts, hello booty! [2003478459717128192].mp4","Pearl ✿ - Bye bye shorts, hello booty! [2003478459717128192].mp4",.mp4,905588,2026-06-21T03:32:45.055Z,yes,no,yes
/mnt/spirit-8tb/media/tempTwitter/Pearl ✿ - Get behind this! [2001997547846438912].mp4,Pearl ✿ - Get behind this! [2001997547846438912].mp4,.mp4,841689,2026-06-21T03:32:42.648Z,yes,no,yes
/mnt/spirit-8tb/media/tempTwitter/Pearl ✿ - Just doing what I love 🤤💜 [2002490267362865152].mp4,Pearl ✿ - Just doing what I love 🤤💜 [2002490267362865152].mp4,.mp4,665255,2026-06-21T03:32:44.034Z,yes,no,yes
/mnt/spirit-8tb/media/tempTwitter/Pearl ✿ - The perfect place for your face! [2009383333445148672].mp4,Pearl ✿ - The perfect place for your face! [2009383333445148672].mp4,.mp4,2500541,2026-06-21T03:24:22.937Z,yes,no,yes
/mnt/spirit-8tb/media/tempTwitter/Pearl ✿ - Your view right before I sit on your face! 🤗 [2003576924304482304].mp4,Pearl ✿ - Your view right before I sit on your face! 🤗 [2003576924304482304].mp4,.mp4,3048160,2026-06-21T03:32:46.194Z,yes,no,yes
/mnt/spirit-8tb/media/tempTwitter/Petiteviv ♡ - Wataa [1978898759925813248].mp4,Petiteviv ♡ - Wataa [1978898759925813248].mp4,.mp4,15059190,2026-06-21T03:57:16.706Z,yes,no,yes
/mnt/spirit-8tb/media/tempTwitter/PrematureGooner - Compilation of me continuously cumming while I fuck @dragunballtea 😩😩😩😩😩 [1976774822178045955].mp4,PrematureGooner - Compilation of me continuously cumming while I fuck @dragunballtea 😩😩😩😩😩 [1976774822178045955].mp4,.mp4,69279674,2026-06-21T03:38:16.081Z,yes,no,yes
/mnt/spirit-8tb/media/tempTwitter/PrematureGooner - He didn’t even last 30 seconds inside of her                         ... [1995278962638073856].mp4,PrematureGooner - He didn’t even last 30 seconds inside of her                         ... [1995278962638073856].mp4,.mp4,8214008,2026-06-21T03:37:44.253Z,yes,no,yes
/mnt/spirit-8tb/media/tempTwitter/ROXANNE 🖤 - Can you tell I love sucking @_daddyhokage cock 🍆💦🤍 [1795155162841088000].mp4,ROXANNE 🖤 - Can you tell I love sucking @_daddyhokage cock 🍆💦🤍 [1795155162841088000].mp4,.mp4,1265454,2026-06-21T04:02:59.053Z,yes,no,yes
/mnt/spirit-8tb/media/tempTwitter/ROXANNE 🖤 - Huge balls 😳💦 + big dick 🍆 #1 [1900691194310782977].mp4,ROXANNE 🖤 - Huge balls 😳💦 + big dick 🍆 #1 [1900691194310782977].mp4,.mp4,1460947,2026-06-21T04:03:33.683Z,yes,no,yes
/mnt/spirit-8tb/media/tempTwitter/ROXANNE 🖤 - Huge balls 😳💦 + big dick 🍆 #2 [1900691194294005762].mp4,ROXANNE 🖤 - Huge balls 😳💦 + big dick 🍆 #2 [1900691194294005762].mp4,.mp4,652975,2026-06-21T04:03:34.824Z,yes,no,yes
/mnt/spirit-8tb/media/tempTwitter/ROXANNE 🖤 - I need another cock after this nice face fuck 😩👅 from @_daddyhokage 🍆 [1766527733344223232].mp4,ROXANNE 🖤 - I need another cock after this nice face fuck 😩👅 from @_daddyhokage 🍆 [1766527733344223232].mp4,.mp4,674607,2026-06-21T04:02:57.638Z,yes,no,yes
/mnt/spirit-8tb/media/tempTwitter/ROXANNE 🖤 - Wataa 🤓 [1881405491903172608].mp4,ROXANNE 🖤 - Wataa 🤓 [1881405491903172608].mp4,.mp4,2225057,2026-06-21T04:03:32.053Z,yes,no,yes
/mnt/spirit-8tb/media/tempTwitter/ROXANNE 🖤 - Whos up next ？ [1706392919001927683].mp4,ROXANNE 🖤 - Whos up next ？ [1706392919001927683].mp4,.mp4,1148378,2026-06-21T04:03:30.204Z,yes,no,yes
/mnt/spirit-8tb/media/tempTwitter/ROXANNE 🖤 - booty vs head 😳🍆💦 [1866897633023012864].mp4,ROXANNE 🖤 - booty vs head 😳🍆💦 [1866897633023012864].mp4,.mp4,830524,2026-06-21T04:03:00.654Z,yes,no,yes
/mnt/spirit-8tb/media/tempTwitter/Rbbca - Wataa [1904946518005833728].mp4,Rbbca - Wataa [1904946518005833728].mp4,.mp4,4362806,2026-06-21T04:02:35.431Z,yes,no,yes
/mnt/spirit-8tb/media/tempTwitter/Rbbca - Wataa [1906758192803299328].mp4,Rbbca - Wataa [1906758192803299328].mp4,.mp4,13829790,2026-06-21T04:02:39.570Z,yes,no,yes
/mnt/spirit-8tb/media/tempTwitter/Rbbca - Wataa [1909654005950902272].mp4,Rbbca - Wataa [1909654005950902272].mp4,.mp4,16067343,2026-06-21T04:02:45.207Z,yes,no,yes
/mnt/spirit-8tb/media/tempTwitter/Rbbca - Wataa [1966187962615627776].mp4,Rbbca - Wataa [1966187962615627776].mp4,.mp4,9712184,2026-06-21T04:00:32.332Z,yes,no,yes
/mnt/spirit-8tb/media/tempTwitter/Rita 🍓 - all i want is to get to pixar mom level [1950302422653685761].mp4,Rita 🍓 - all i want is to get to pixar mom level [1950302422653685761].mp4,.mp4,6142163,2026-06-21T03:33:35.721Z,yes,no,yes
/mnt/spirit-8tb/media/tempTwitter/Rita 🍓 - here's a new planet to add to the solar system [2018444967824220160].mp4,Rita 🍓 - here's a new planet to add to the solar system [2018444967824220160].mp4,.mp4,6896835,2026-06-21T03:21:07.569Z,yes,no,yes
/mnt/spirit-8tb/media/tempTwitter/Rita 🍓 - i can keep your face warm [2000693968145874944].mp4,Rita 🍓 - i can keep your face warm [2000693968145874944].mp4,.mp4,3078586,2026-06-21T03:33:55.078Z,yes,no,yes
/mnt/spirit-8tb/media/tempTwitter/Rita 🍓 - it's an absolute weapon [1949937520013197312].mp4,Rita 🍓 - it's an absolute weapon [1949937520013197312].mp4,.mp4,9379639,2026-06-21T03:33:30.637Z,yes,no,yes
/mnt/spirit-8tb/media/tempTwitter/Rita 🍓 - mini skirts are my favorite ：3 [2008296197124222982].mp4,Rita 🍓 - mini skirts are my favorite ：3 [2008296197124222982].mp4,.mp4,24313271,2026-06-21T03:31:01.669Z,yes,no,yes
/mnt/spirit-8tb/media/tempTwitter/Rita 🍓 - my eyes are down here ;) [2002500167157886977].mp4,Rita 🍓 - my eyes are down here ;) [2002500167157886977].mp4,.mp4,10876585,2026-06-21T03:33:57.550Z,yes,no,yes
/mnt/spirit-8tb/media/tempTwitter/Rita 🍓 - one word： bouncy [1993816904939835392].mp4,Rita 🍓 - one word： bouncy [1993816904939835392].mp4,.mp4,6696060,2026-06-21T03:33:41.357Z,yes,no,yes
/mnt/spirit-8tb/media/tempTwitter/Rita 🍓 - popped a few stitches trying to get this over my hips [1999606345826467841].mp4,Rita 🍓 - popped a few stitches trying to get this over my hips [1999606345826467841].mp4,.mp4,8451181,2026-06-21T03:33:52.486Z,yes,no,yes
/mnt/spirit-8tb/media/tempTwitter/Rita 🍓 - sheesh [1991624940366200832].mp4,Rita 🍓 - sheesh [1991624940366200832].mp4,.mp4,3098442,2026-06-21T03:33:38.122Z,yes,no,yes
/mnt/spirit-8tb/media/tempTwitter/Rita 🍓 - these are my best pants hands down [1994554111422074884].mp4,Rita 🍓 - these are my best pants hands down [1994554111422074884].mp4,.mp4,6323998,2026-06-21T03:33:45.913Z,yes,no,yes
/mnt/spirit-8tb/media/tempTwitter/Rita 🍓 - too much？ [1968787858699005952].mp4,Rita 🍓 - too much？ [1968787858699005952].mp4,.mp4,3796431,2026-06-21T03:34:54.668Z,yes,no,yes
"/mnt/spirit-8tb/media/tempTwitter/Rita 🍓 - vanilla cake is on the menu, sound good？ [2009041459392167936].mp4","Rita 🍓 - vanilla cake is on the menu, sound good？ [2009041459392167936].mp4",.mp4,2246206,2026-06-21T03:31:05.554Z,yes,no,yes
/mnt/spirit-8tb/media/tempTwitter/Rita 🍓 - wait for it... [1998163336715030528].mp4,Rita 🍓 - wait for it... [1998163336715030528].mp4,.mp4,10105130,2026-06-21T03:33:48.790Z,yes,no,yes
/mnt/spirit-8tb/media/tempTwitter/Rita 🍓 - wataa [1966235901933268992].mp4,Rita 🍓 - wataa [1966235901933268992].mp4,.mp4,6182311,2026-06-21T03:33:18.713Z,yes,no,yes
/mnt/spirit-8tb/media/tempTwitter/Rubi ✨ - Innocent puppy🤩🤩 [1986786973839949824].mp4,Rubi ✨ - Innocent puppy🤩🤩 [1986786973839949824].mp4,.mp4,2413840,2026-06-21T03:52:03.426Z,yes,no,yes
"/mnt/spirit-8tb/media/tempTwitter/Ruined Orgasm ⧸ Femdom - As a pet, you can only cum when you are allowed to, and I will ruin y... [1984931412064239616].mp4","Ruined Orgasm ⧸ Femdom - As a pet, you can only cum when you are allowed to, and I will ruin y... [1984931412064239616].mp4",.mp4,14007865,2026-06-21T03:22:58.950Z,yes,no,yes
/mnt/spirit-8tb/media/tempTwitter/SNEAKO Defends EDP445 on JiDion Stream #shorts [sFlDc4Mq1N4].webm,SNEAKO Defends EDP445 on JiDion Stream #shorts [sFlDc4Mq1N4].webm,.webm,5189934,2026-06-21T03:11:02.282Z,no,no,yes
/mnt/spirit-8tb/media/tempTwitter/SWOO ☆ - Wataa [1977457971450744833].mp4,SWOO ☆ - Wataa [1977457971450744833].mp4,.mp4,4431569,2026-06-21T03:57:08.317Z,yes,no,yes
/mnt/spirit-8tb/media/tempTwitter/SWOO ☆ - Wataa [1979228503947014144].mp4,SWOO ☆ - Wataa [1979228503947014144].mp4,.mp4,4514000,2026-06-21T03:57:10.465Z,yes,no,yes
/mnt/spirit-8tb/media/tempTwitter/SWOO ☆ - Wataa [1979928354707951617].mp4,SWOO ☆ - Wataa [1979928354707951617].mp4,.mp4,4243872,2026-06-21T03:57:13.228Z,yes,no,yes
/mnt/spirit-8tb/media/tempTwitter/Sajjal Hussain - more coming 👅🍑🏋🏽‍♀️ [2005011621815468032].mp4,Sajjal Hussain - more coming 👅🍑🏋🏽‍♀️ [2005011621815468032].mp4,.mp4,88406402,2026-06-21T03:31:49.919Z,yes,no,yes
/mnt/spirit-8tb/media/tempTwitter/Sarah Shaye ♡ - Correct me if I'm wrong but your face belongs in between my cheeks [1996128216981860352].mp4,Sarah Shaye ♡ - Correct me if I'm wrong but your face belongs in between my cheeks [1996128216981860352].mp4,.mp4,17899606,2026-06-21T03:22:18.379Z,yes,no,yes
/mnt/spirit-8tb/media/tempTwitter/Sarah Shaye ♡ - Tits are meant to be braless anyway [1973633806415396864].mp4,Sarah Shaye ♡ - Tits are meant to be braless anyway [1973633806415396864].mp4,.mp4,3029016,2026-06-21T03:22:11.983Z,yes,no,yes
/mnt/spirit-8tb/media/tempTwitter/SavigeStudio - Chudai 💦 [2003260901378461697].mp4,SavigeStudio - Chudai 💦 [2003260901378461697].mp4,.mp4,13658559,2026-06-21T03:33:26.379Z,yes,no,yes
/mnt/spirit-8tb/media/tempTwitter/Slvtty.bxnny - Had to be quiet for this one 🤭  #nsfwtwť  #squirting #goonette [1930876860889452544].mp4,Slvtty.bxnny - Had to be quiet for this one 🤭  #nsfwtwť  #squirting #goonette [1930876860889452544].mp4,.mp4,3376185,2026-06-21T03:56:34.171Z,yes,no,yes
/mnt/spirit-8tb/media/tempTwitter/Slvtty.bxnny - Moaning + creaming 😋  #nsfwtwt #creamy #goonette [1930029509396312064].mp4,Slvtty.bxnny - Moaning + creaming 😋  #nsfwtwt #creamy #goonette [1930029509396312064].mp4,.mp4,3532627,2026-06-21T03:56:38.571Z,yes,no,yes
/mnt/spirit-8tb/media/tempTwitter/Summer - Chudai [1971646665783164928].mp4,Summer - Chudai [1971646665783164928].mp4,.mp4,2144993,2026-06-21T03:58:59.653Z,yes,no,yes
/mnt/spirit-8tb/media/tempTwitter/THE NUT EXTRACTOR 9000 - get TRIGGERED gooner [1995906765540491264].mp4,THE NUT EXTRACTOR 9000 - get TRIGGERED gooner [1995906765540491264].mp4,.mp4,10720444,2026-06-21T03:14:59.727Z,yes,no,yes
/mnt/spirit-8tb/media/tempTwitter/The Azz Station 🍑⛽️ - pawg taking dick after the gym 😮‍💨 #ass #nsfwtwtًً #backshots [1974823725972217856].mp4,The Azz Station 🍑⛽️ - pawg taking dick after the gym 😮‍💨 #ass #nsfwtwtًً #backshots [1974823725972217856].mp4,.mp4,49995563,2026-06-21T03:46:33.416Z,yes,no,yes
/mnt/spirit-8tb/media/tempTwitter/TheSeductiveHotwife💕(Throat GOAT) - On the way to the gym I stopped by DD's place to prove I could still ... [1702670851923963905].mp4,TheSeductiveHotwife💕(Throat GOAT) - On the way to the gym I stopped by DD's place to prove I could still ... [1702670851923963905].mp4,.mp4,3266089,2026-06-21T03:31:07.750Z,yes,no,yes
/mnt/spirit-8tb/media/tempTwitter/Throne 🍑 - Be honest with me 😋 you wanna push your tongue against that screen so... [1989749681635594240].mp4,Throne 🍑 - Be honest with me 😋 you wanna push your tongue against that screen so... [1989749681635594240].mp4,.mp4,4944495,2026-06-21T03:45:47.889Z,yes,no,yes
/mnt/spirit-8tb/media/tempTwitter/Throne 🍑 - Be honest with me 😋 you wanna push your tongue against that screen so... [2006333973010554880].mp4,Throne 🍑 - Be honest with me 😋 you wanna push your tongue against that screen so... [2006333973010554880].mp4,.mp4,4790407,2026-06-21T03:32:18.687Z,yes,no,yes
/mnt/spirit-8tb/media/tempTwitter/Throne 🍑 - Before you go to bed jerk your dick to this PHAT white ass 😍 [2010888532827504640].mp4,Throne 🍑 - Before you go to bed jerk your dick to this PHAT white ass 😍 [2010888532827504640].mp4,.mp4,386070,2026-06-21T03:25:14.354Z,yes,no,yes
/mnt/spirit-8tb/media/tempTwitter/Throne 🍑 - I bet those balls are so fucking full right now 😵‍💫 Let me see how fa... [1989093348460662784].mp4,Throne 🍑 - I bet those balls are so fucking full right now 😵‍💫 Let me see how fa... [1989093348460662784].mp4,.mp4,2518673,2026-06-21T03:47:25.231Z,yes,no,yes
/mnt/spirit-8tb/media/tempTwitter/Throne 🍑 - No matter where Mommy Throne is I’ll always be there to start frying ... [1997827764813021184].mp4,Throne 🍑 - No matter where Mommy Throne is I’ll always be there to start frying ... [1997827764813021184].mp4,.mp4,28583791,2026-06-21T03:37:49.944Z,yes,no,yes
/mnt/spirit-8tb/media/tempTwitter/Throne 🍑 - Stay up late tonight and let me just trigger you with ass I never wan... [1987275642782494720].mp4,Throne 🍑 - Stay up late tonight and let me just trigger you with ass I never wan... [1987275642782494720].mp4,.mp4,1260745,2026-06-21T03:47:27.349Z,yes,no,yes
/mnt/spirit-8tb/media/tempTwitter/Tiffany Fong - we’re so cooked. [2002010187389878272].mp4,Tiffany Fong - we’re so cooked. [2002010187389878272].mp4,.mp4,2371923,2026-06-21T03:33:33.425Z,yes,no,yes
/mnt/spirit-8tb/media/tempTwitter/Tilly - Tilly - I think the slipper complete the look.   Does this outfit make me loo... [2033139920391311360].mp4,Tilly - Tilly - I think the slipper complete the look.   Does this outfit make me loo... [2033139920391311360].mp4,.mp4,18081082,2026-06-30T04:08:57.053Z,yes,no,yes
/mnt/spirit-8tb/media/tempTwitter/Twerk Legends - Twerking and bending that phat ass booty over #twerk [1980852385481195520].mp4,Twerk Legends - Twerking and bending that phat ass booty over #twerk [1980852385481195520].mp4,.mp4,4323078,2026-06-21T03:58:55.572Z,yes,no,yes
/mnt/spirit-8tb/media/tempTwitter/Two Heads 🤤🫠 - How I low-key want my dick’s be cheated [1935027117462536194].mp4,Two Heads 🤤🫠 - How I low-key want my dick’s be cheated [1935027117462536194].mp4,.mp4,28988089,2026-06-21T03:14:12.069Z,yes,no,yes
/mnt/spirit-8tb/media/tempTwitter/UniqueSora - UniqueSora - A little motivation ❤️ [2037280829970538498].mp4,UniqueSora - UniqueSora - A little motivation ❤️ [2037280829970538498].mp4,.mp4,4683239,2026-06-30T04:11:30.598Z,yes,no,yes
/mnt/spirit-8tb/media/tempTwitter/Unknown - https：⧸⧸t.co⧸umPxn6tMvd [2008703871741206528].mp4,Unknown - https：⧸⧸t.co⧸umPxn6tMvd [2008703871741206528].mp4,.mp4,3292739,2026-06-21T03:30:24.081Z,yes,no,yes
/mnt/spirit-8tb/media/tempTwitter/Valorie 💕 (Face on OF) - i just can't contain my boobs 😂 can you use your mouth to make them s... [2017210404838236161].mp4,Valorie 💕 (Face on OF) - i just can't contain my boobs 😂 can you use your mouth to make them s... [2017210404838236161].mp4,.mp4,10197153,2026-06-21T03:21:37.267Z,yes,no,yes
/mnt/spirit-8tb/media/tempTwitter/Valorie 💕 (Face on OF) - wanna know what my yummy boobs taste like？ 😉 [2013958049804021761].mp4,Valorie 💕 (Face on OF) - wanna know what my yummy boobs taste like？ 😉 [2013958049804021761].mp4,.mp4,13633406,2026-06-21T03:21:45.823Z,yes,no,yes
/mnt/spirit-8tb/media/tempTwitter/Variety - #SydneySweeney arrives to Variety's #PowerOfWomen red carpet where sh... [1983710537084207104].mp4,Variety - #SydneySweeney arrives to Variety's #PowerOfWomen red carpet where sh... [1983710537084207104].mp4,.mp4,4449718,2026-06-21T03:55:50.411Z,yes,no,yes
/mnt/spirit-8tb/media/tempTwitter/Vee’s Throat Trap is BACK 👅 - Wataa 😮‍💨 [2000248489372958720].mp4,Vee’s Throat Trap is BACK 👅 - Wataa 😮‍💨 [2000248489372958720].mp4,.mp4,42110569,2026-06-21T03:35:01.860Z,yes,no,yes
/mnt/spirit-8tb/media/tempTwitter/Venus🔮📿 - made a mess! [1859347804960804864].mp4,Venus🔮📿 - made a mess! [1859347804960804864].mp4,.mp4,272088,2026-06-21T04:02:19.658Z,yes,no,yes
"/mnt/spirit-8tb/media/tempTwitter/Vuvu Videos - The guy at the back, with a red hoodie😭😭😭 #videosvuvu [1997806530473734144].mp4","Vuvu Videos - The guy at the back, with a red hoodie😭😭😭 #videosvuvu [1997806530473734144].mp4",.mp4,2445107,2026-06-21T03:35:23.334Z,yes,no,yes
/mnt/spirit-8tb/media/tempTwitter/White girl booty 🍑🤍 - Hot white chick sucking dick 😋  #blowjob #dicksuck #suck #deepthroat ... [1962444480843587585].mp4,White girl booty 🍑🤍 - Hot white chick sucking dick 😋  #blowjob #dicksuck #suck #deepthroat ... [1962444480843587585].mp4,.mp4,1954071,2026-06-21T03:32:34.578Z,yes,no,yes
/mnt/spirit-8tb/media/tempTwitter/White girl booty 🍑🤍 - Oiled up booty smashed by bbc 🍆  #ass #butt #bigass #thicc #bigbooty ... [1972174061506596864].mp4,White girl booty 🍑🤍 - Oiled up booty smashed by bbc 🍆  #ass #butt #bigass #thicc #bigbooty ... [1972174061506596864].mp4,.mp4,12444994,2026-06-21T03:58:53.176Z,yes,no,yes
/mnt/spirit-8tb/media/tempTwitter/Wild content - Brooo [1982467502568243200].mp4,Wild content - Brooo [1982467502568243200].mp4,.mp4,1892182,2026-06-21T03:55:45.820Z,yes,no,yes
/mnt/spirit-8tb/media/tempTwitter/Woe - dont zoom in 🚨 (i warned you) [1970220814889865216].mp4,Woe - dont zoom in 🚨 (i warned you) [1970220814889865216].mp4,.mp4,3727827,2026-06-21T03:45:09.863Z,yes,no,yes
"/mnt/spirit-8tb/media/tempTwitter/Wofaase👿 - Wofaase👿 - Cardi B’s BBL looks so real, I won’t lie. 😭 [2026678432273219584].mp4","Wofaase👿 - Wofaase👿 - Cardi B’s BBL looks so real, I won’t lie. 😭 [2026678432273219584].mp4",.mp4,68414758,2026-06-30T04:22:44.856Z,yes,no,yes
/mnt/spirit-8tb/media/tempTwitter/Wonderful Women - Sexy Full Striptease  @YourBustyDoll__ [2003775969245515777].mp4,Wonderful Women - Sexy Full Striptease  @YourBustyDoll__ [2003775969245515777].mp4,.mp4,10870359,2026-06-21T03:21:53.640Z,yes,no,yes
/mnt/spirit-8tb/media/tempTwitter/anikauwu - face reveal [1992505882522099712].mp4,anikauwu - face reveal [1992505882522099712].mp4,.mp4,540178,2026-06-21T03:43:55.237Z,yes,no,yes
/mnt/spirit-8tb/media/tempTwitter/axify - Pokimane counted down from 10 and chat started WILDING😭💀 [2009705425596264448].mp4,axify - Pokimane counted down from 10 and chat started WILDING😭💀 [2009705425596264448].mp4,.mp4,2963527,2026-06-21T03:25:36.849Z,yes,no,yes
/mnt/spirit-8tb/media/tempTwitter/b i g - https：⧸⧸t.co⧸mjGVhy4eso [2003562517633630208].mp4,b i g - https：⧸⧸t.co⧸mjGVhy4eso [2003562517633630208].mp4,.mp4,3727827,2026-06-21T03:24:15.919Z,yes,no,yes
/mnt/spirit-8tb/media/tempTwitter/b i g - 🔗 - @NowFaceBaby [1986834393004904448].mp4,b i g - 🔗 - @NowFaceBaby [1986834393004904448].mp4,.mp4,4618183,2026-06-21T03:30:19.614Z,yes,no,yes
/mnt/spirit-8tb/media/tempTwitter/blowjobs - #blowjob #carsex [1977736483084582912].mp4,blowjobs - #blowjob #carsex [1977736483084582912].mp4,.mp4,2880487,2026-06-21T03:35:14.746Z,yes,no,yes
/mnt/spirit-8tb/media/tempTwitter/bookmarksList.txt,bookmarksList.txt,.txt,59740,2026-06-21T00:10:51.343Z,no,no,yes
/mnt/spirit-8tb/media/tempTwitter/bun - can you hold eye contact？ [2012658869571551232].mp4,bun - can you hold eye contact？ [2012658869571551232].mp4,.mp4,294787,2026-06-21T03:24:57.978Z,yes,no,yes
"/mnt/spirit-8tb/media/tempTwitter/chula❤︎ - merry christmas eve, i leave y’all with two big presents for all of u... [2003993578327232514].mp4","chula❤︎ - merry christmas eve, i leave y’all with two big presents for all of u... [2003993578327232514].mp4",.mp4,11717223,2026-06-21T03:22:06.953Z,yes,no,yes
/mnt/spirit-8tb/media/tempTwitter/clair ꨄ - come take it off ：p [1941845157768245248].mp4,clair ꨄ - come take it off ：p [1941845157768245248].mp4,.mp4,155952,2026-06-21T03:22:29.774Z,yes,no,yes
/mnt/spirit-8tb/media/tempTwitter/clair ：3 - fuck my throat？？？ pls？？ #nsfwtwt [1995231427106107392].mp4,clair ：3 - fuck my throat？？？ pls？？ #nsfwtwt [1995231427106107392].mp4,.mp4,200617,2026-06-21T03:23:25.088Z,yes,no,yes
/mnt/spirit-8tb/media/tempTwitter/clair ：3 - let me be ur toy ？？？ ：333  #nsfwtwt [1993698583963713536].mp4,clair ：3 - let me be ur toy ？？？ ：333  #nsfwtwt [1993698583963713536].mp4,.mp4,349493,2026-06-21T03:23:23.755Z,yes,no,yes
/mnt/spirit-8tb/media/tempTwitter/clair ：3 - play w me #nsfwtwt [1938463222224580608].mp4,clair ：3 - play w me #nsfwtwt [1938463222224580608].mp4,.mp4,1153259,2026-06-21T03:23:22.099Z,yes,no,yes
/mnt/spirit-8tb/media/tempTwitter/clair ：3 - ：3 #nsfwtwt [1995230663654703104].mp4,clair ：3 - ：3 #nsfwtwt [1995230663654703104].mp4,.mp4,857872,2026-06-21T03:23:26.763Z,yes,no,yes
/mnt/spirit-8tb/media/tempTwitter/flora. - i FUCKING LOVE this video so much [1964353936678060032].mp4,flora. - i FUCKING LOVE this video so much [1964353936678060032].mp4,.mp4,13408979,2026-06-21T04:00:38.616Z,yes,no,yes
/mnt/spirit-8tb/media/tempTwitter/giddy - India Love shows her INSANE talent on stream 👀🔥 [1986547564741562368].mp4,giddy - India Love shows her INSANE talent on stream 👀🔥 [1986547564741562368].mp4,.mp4,1593499,2026-06-21T03:53:31.013Z,yes,no,yes
/mnt/spirit-8tb/media/tempTwitter/giddy - This clip of India Love is going VIRAL 👀😳 [1986205273204101120].mp4,giddy - This clip of India Love is going VIRAL 👀😳 [1986205273204101120].mp4,.mp4,5581766,2026-06-21T03:54:13.529Z,yes,no,yes
/mnt/spirit-8tb/media/tempTwitter/giddy - giddy - Pokimane knows pretty well what she was doing here 💀 [2030796356760268800].mp4,giddy - giddy - Pokimane knows pretty well what she was doing here 💀 [2030796356760268800].mp4,.mp4,6577750,2026-06-30T04:19:21.096Z,yes,no,yes
/mnt/spirit-8tb/media/tempTwitter/gloryLex - Lexy BBy - CHUDAI [1970580055387496448].mp4,gloryLex - Lexy BBy - CHUDAI [1970580055387496448].mp4,.mp4,4899264,2026-06-21T03:37:38.233Z,yes,no,yes
/mnt/spirit-8tb/media/tempTwitter/hennie ：3 - @ me if I should I take it off ^_^ [1761158904493535232].mp4,hennie ：3 - @ me if I should I take it off ^_^ [1761158904493535232].mp4,.mp4,233507,2026-06-21T04:00:15.415Z,yes,no,yes
/mnt/spirit-8tb/media/tempTwitter/hennie ：3 - A little more asmr ⋆𐙚₊ [1755379002145972224].mp4,hennie ：3 - A little more asmr ⋆𐙚₊ [1755379002145972224].mp4,.mp4,235647,2026-06-21T03:59:49.239Z,yes,no,yes
/mnt/spirit-8tb/media/tempTwitter/hennie ：3 - Coochie asmr hehe &gt;~&lt; [1885409018044440578].mp4,hennie ：3 - Coochie asmr hehe &gt;~&lt; [1885409018044440578].mp4,.mp4,2481603,2026-06-21T04:00:12.526Z,yes,no,yes
/mnt/spirit-8tb/media/tempTwitter/hennie ：3 - Creampie？ ：3 [1933222419722088449].mp4,hennie ：3 - Creampie？ ：3 [1933222419722088449].mp4,.mp4,521465,2026-06-21T04:00:04.310Z,yes,no,yes
/mnt/spirit-8tb/media/tempTwitter/hennie ：3 - Gm coochie asmr ：333 [1750531357430931456].mp4,hennie ：3 - Gm coochie asmr ：333 [1750531357430931456].mp4,.mp4,320415,2026-06-21T03:59:41.235Z,yes,no,yes
/mnt/spirit-8tb/media/tempTwitter/hennie ：3 - Hehe asmr &lt;3 [1753906184019714048].mp4,hennie ：3 - Hehe asmr &lt;3 [1753906184019714048].mp4,.mp4,332243,2026-06-21T03:59:47.148Z,yes,no,yes
/mnt/spirit-8tb/media/tempTwitter/hennie ：3 - Hehe asmr coochie back [1931045430550511616].mp4,hennie ：3 - Hehe asmr coochie back [1931045430550511616].mp4,.mp4,3270832,2026-06-21T04:00:24.939Z,yes,no,yes
/mnt/spirit-8tb/media/tempTwitter/hennie ：3 - Hehe don’t turn volume up [1827423432272969728].mp4,hennie ：3 - Hehe don’t turn volume up [1827423432272969728].mp4,.mp4,585186,2026-06-21T04:00:20.227Z,yes,no,yes
/mnt/spirit-8tb/media/tempTwitter/hennie ：3 - Hehe don’t watch in public [1872385504630751232].mp4,hennie ：3 - Hehe don’t watch in public [1872385504630751232].mp4,.mp4,955795,2026-06-21T03:59:59.951Z,yes,no,yes
/mnt/spirit-8tb/media/tempTwitter/hennie ：3 - Hehe then the audio up ：3 [1753163706710839296].mp4,hennie ：3 - Hehe then the audio up ：3 [1753163706710839296].mp4,.mp4,268545,2026-06-21T03:59:45.749Z,yes,no,yes
/mnt/spirit-8tb/media/tempTwitter/hennie ：3 - Jiggly booty &gt;~&lt; [1753522057919479808].mp4,hennie ：3 - Jiggly booty &gt;~&lt; [1753522057919479808].mp4,.mp4,124822,2026-06-21T03:59:48.253Z,yes,no,yes
/mnt/spirit-8tb/media/tempTwitter/hennie ：3 - Listen closely ₍ᐢ.  ̫.ᐢ₎ [1772369749835702272].mp4,hennie ：3 - Listen closely ₍ᐢ.  ̫.ᐢ₎ [1772369749835702272].mp4,.mp4,212712,2026-06-21T04:00:17.381Z,yes,no,yes
/mnt/spirit-8tb/media/tempTwitter/hennie ：3 - Marconi noises ：333 [1750833507117805568].mp4,hennie ：3 - Marconi noises ：333 [1750833507117805568].mp4,.mp4,695880,2026-06-21T03:59:39.931Z,yes,no,yes
/mnt/spirit-8tb/media/tempTwitter/hennie ：3 - Nut here？ `⎚⩊⎚´ [1806789763233640448].mp4,hennie ：3 - Nut here？ `⎚⩊⎚´ [1806789763233640448].mp4,.mp4,440926,2026-06-21T04:00:19.362Z,yes,no,yes
/mnt/spirit-8tb/media/tempTwitter/hennie ：3 - Put them in ur mouth？ ：0 [1831007797254991872].mp4,hennie ：3 - Put them in ur mouth？ ：0 [1831007797254991872].mp4,.mp4,165173,2026-06-21T03:59:56.317Z,yes,no,yes
/mnt/spirit-8tb/media/tempTwitter/hennie ：3 - R they big enough for u ？ [1874879053637050368].mp4,hennie ：3 - R they big enough for u ？ [1874879053637050368].mp4,.mp4,1084231,2026-06-21T04:00:01.541Z,yes,no,yes
/mnt/spirit-8tb/media/tempTwitter/hennie ：3 - The best type of asmr [1751316993805037568].mp4,hennie ：3 - The best type of asmr [1751316993805037568].mp4,.mp4,350508,2026-06-21T03:59:38.552Z,yes,no,yes
/mnt/spirit-8tb/media/tempTwitter/hennie ：3 - Ur fav asmr 𖦹๋࣭ ⭑ (blushing) [1762971334290931713].mp4,hennie ：3 - Ur fav asmr 𖦹๋࣭ ⭑ (blushing) [1762971334290931713].mp4,.mp4,118029,2026-06-21T04:00:15.826Z,yes,no,yes
/mnt/spirit-8tb/media/tempTwitter/hennie ：3 - Wata 💦 [1978913422709268481].mp4,hennie ：3 - Wata 💦 [1978913422709268481].mp4,.mp4,1043934,2026-06-21T04:00:26.775Z,yes,no,yes
/mnt/spirit-8tb/media/tempTwitter/hennie ：3 - Wataa &gt;~&lt; [1897088506708791296].mp4,hennie ：3 - Wataa &gt;~&lt; [1897088506708791296].mp4,.mp4,811675,2026-06-21T04:00:21.676Z,yes,no,yes
/mnt/spirit-8tb/media/tempTwitter/hennie ：3 - Wataa ;) [1899918798888521728].mp4,hennie ：3 - Wataa ;) [1899918798888521728].mp4,.mp4,1050659,2026-06-21T04:00:23.137Z,yes,no,yes
/mnt/spirit-8tb/media/tempTwitter/hennie ：3 - Wataa 🍒 [1992789864547516417].mp4,hennie ：3 - Wataa 🍒 [1992789864547516417].mp4,.mp4,2795721,2026-06-21T03:22:30.687Z,yes,no,yes
/mnt/spirit-8tb/media/tempTwitter/hennie ：3 - Wataa 🍒 [1993503856429613056].mp4,hennie ：3 - Wataa 🍒 [1993503856429613056].mp4,.mp4,1615978,2026-06-21T03:43:50.726Z,yes,no,yes
/mnt/spirit-8tb/media/tempTwitter/hennie ：3 - What good macaroni sounds like •ﻌ• [1758989866464169984].mp4,hennie ：3 - What good macaroni sounds like •ﻌ• [1758989866464169984].mp4,.mp4,168816,2026-06-21T03:59:52.019Z,yes,no,yes
/mnt/spirit-8tb/media/tempTwitter/hennie ：3 - What’s ur volume at hehehe &gt;~&lt; [1886965981542801408].mp4,hennie ：3 - What’s ur volume at hehehe &gt;~&lt; [1886965981542801408].mp4,.mp4,863985,2026-06-21T04:00:02.980Z,yes,no,yes
/mnt/spirit-8tb/media/tempTwitter/hennie ：3 - Who needs sum pillows ᡣ𐭩 [1756883440581169152].mp4,hennie ：3 - Who needs sum pillows ᡣ𐭩 [1756883440581169152].mp4,.mp4,495551,2026-06-21T03:59:50.644Z,yes,no,yes
/mnt/spirit-8tb/media/tempTwitter/hennie ：3 - creaming btw [1980719182581755904].mp4,hennie ：3 - creaming btw [1980719182581755904].mp4,.mp4,4811192,2026-06-21T04:00:28.892Z,yes,no,yes
/mnt/spirit-8tb/media/tempTwitter/hennie ：3 - creamy coochie 🤧 [1752440773721858048].mp4,hennie ：3 - creamy coochie 🤧 [1752440773721858048].mp4,.mp4,553229,2026-06-21T03:59:42.828Z,yes,no,yes
/mnt/spirit-8tb/media/tempTwitter/hennie ：3 - cum in my mouth or on my boobies？ [1877435734904418306].mp4,hennie ：3 - cum in my mouth or on my boobies？ [1877435734904418306].mp4,.mp4,2743908,2026-06-21T04:00:10.593Z,yes,no,yes
/mnt/spirit-8tb/media/tempTwitter/hennie ：3 - oh hey I’m back ;-) [1761066122802278400].mp4,hennie ：3 - oh hey I’m back ;-) [1761066122802278400].mp4,.mp4,217164,2026-06-21T03:59:52.995Z,yes,no,yes
/mnt/spirit-8tb/media/tempTwitter/hennie ：3 - oh no my boobies r out 👾 [1814401870921904128].mp4,hennie ：3 - oh no my boobies r out 👾 [1814401870921904128].mp4,.mp4,83256,2026-06-21T03:59:55.541Z,yes,no,yes
/mnt/spirit-8tb/media/tempTwitter/hennie ：3 - should I take it off say ‘yes’ ^_^ [1765494928392826880].mp4,hennie ：3 - should I take it off say ‘yes’ ^_^ [1765494928392826880].mp4,.mp4,108788,2026-06-21T04:00:16.741Z,yes,no,yes
/mnt/spirit-8tb/media/tempTwitter/hennie ：3 - since yall love coochie asmr&lt;3 [1752774178439331843].mp4,hennie ：3 - since yall love coochie asmr&lt;3 [1752774178439331843].mp4,.mp4,594815,2026-06-21T03:59:37.230Z,yes,no,yes
/mnt/spirit-8tb/media/tempTwitter/hennie ：3 - the best macaroni &lt;3 [1752122022984052736].mp4,hennie ：3 - the best macaroni &lt;3 [1752122022984052736].mp4,.mp4,553651,2026-06-21T03:59:44.496Z,yes,no,yes
/mnt/spirit-8tb/media/tempTwitter/hennie ：3 - this ur fav type of asmr？ [1806403360574369792].mp4,hennie ：3 - this ur fav type of asmr？ [1806403360574369792].mp4,.mp4,519007,2026-06-21T03:59:54.212Z,yes,no,yes
/mnt/spirit-8tb/media/tempTwitter/hennie ：3 - wataa 🍒 [1998907372736307200].mp4,hennie ：3 - wataa 🍒 [1998907372736307200].mp4,.mp4,5796030,2026-06-21T03:22:33.875Z,yes,no,yes
/mnt/spirit-8tb/media/tempTwitter/hennie ：3 - what’s ur volume turned up too ;) [1867662125885534210].mp4,hennie ：3 - what’s ur volume turned up too ;) [1867662125885534210].mp4,.mp4,463843,2026-06-21T03:59:58.632Z,yes,no,yes
/mnt/spirit-8tb/media/tempTwitter/hennie ：3 - who’s awake ：x [1759799209501552640].mp4,hennie ：3 - who’s awake ：x [1759799209501552640].mp4,.mp4,405131,2026-06-21T04:00:14.177Z,yes,no,yes
/mnt/spirit-8tb/media/tempTwitter/hennie ：3 - 🍝 [1790835142753439744].mp4,hennie ：3 - 🍝 [1790835142753439744].mp4,.mp4,345375,2026-06-21T04:00:18.546Z,yes,no,yes
/mnt/spirit-8tb/media/tempTwitter/hennie ：3 - 🎤 hello is this thing on… Asmr is back😩 [1863981284663631872].mp4,hennie ：3 - 🎤 hello is this thing on… Asmr is back😩 [1863981284663631872].mp4,.mp4,1305959,2026-06-21T03:59:57.204Z,yes,no,yes
"/mnt/spirit-8tb/media/tempTwitter/kimchi.delight - I told him no gifts for Valentine’s day, all i wanted was some good d... [1890571210645229568].mp4","kimchi.delight - I told him no gifts for Valentine’s day, all i wanted was some good d... [1890571210645229568].mp4",.mp4,2566741,2026-06-21T04:02:22.906Z,yes,no,yes
/mnt/spirit-8tb/media/tempTwitter/kimchi.delight - he wanted it slow ：p [1903026066773463040].mp4,kimchi.delight - he wanted it slow ：p [1903026066773463040].mp4,.mp4,1150074,2026-06-21T04:02:21.233Z,yes,no,yes
/mnt/spirit-8tb/media/tempTwitter/l u c i ⪩⪨ - are you pulling out？ [1857498388364738560].mp4,l u c i ⪩⪨ - are you pulling out？ [1857498388364738560].mp4,.mp4,3086813,2026-06-21T03:24:07.485Z,yes,no,yes
/mnt/spirit-8tb/media/tempTwitter/l u c i ⪩⪨ - creamy gf💦 [2002500089818816513].mp4,l u c i ⪩⪨ - creamy gf💦 [2002500089818816513].mp4,.mp4,1065743,2026-06-21T03:25:27.636Z,yes,no,yes
/mnt/spirit-8tb/media/tempTwitter/l u c i ⪩⪨ - horny gf vibes ;p 💦 [1871348900352638976].mp4,l u c i ⪩⪨ - horny gf vibes ;p 💦 [1871348900352638976].mp4,.mp4,1794841,2026-06-21T03:25:20.886Z,yes,no,yes
/mnt/spirit-8tb/media/tempTwitter/l u c i ⪩⪨ - insert face here ;c 🤍 [1820263362342666240].mp4,l u c i ⪩⪨ - insert face here ;c 🤍 [1820263362342666240].mp4,.mp4,1000444,2026-06-21T03:24:11.179Z,yes,no,yes
/mnt/spirit-8tb/media/tempTwitter/l u c i ⪩⪨ - mornin hornyy [1874141547047895040].mp4,l u c i ⪩⪨ - mornin hornyy [1874141547047895040].mp4,.mp4,628274,2026-06-21T03:24:08.808Z,yes,no,yes
/mnt/spirit-8tb/media/tempTwitter/l u c i ⪩⪨ - needy + creamy asf💕! [1853145189801672704].mp4,l u c i ⪩⪨ - needy + creamy asf💕! [1853145189801672704].mp4,.mp4,1184759,2026-06-21T03:24:06.017Z,yes,no,yes
/mnt/spirit-8tb/media/tempTwitter/l u c i ⪩⪨ - ripped fishnets + mini skirt💦💕 [2004340470160228353].mp4,l u c i ⪩⪨ - ripped fishnets + mini skirt💦💕 [2004340470160228353].mp4,.mp4,877702,2026-06-21T03:24:09.908Z,yes,no,yes
/mnt/spirit-8tb/media/tempTwitter/l u c i ⪩⪨ - touching to my horny thoughts☺️💕💭 [1915567545861427200].mp4,l u c i ⪩⪨ - touching to my horny thoughts☺️💕💭 [1915567545861427200].mp4,.mp4,4990886,2026-06-21T03:25:23.568Z,yes,no,yes
/mnt/spirit-8tb/media/tempTwitter/l u c i ⪩⪨ - yoga pants tease ;p💕 [1966261140620550145].mp4,l u c i ⪩⪨ - yoga pants tease ;p💕 [1966261140620550145].mp4,.mp4,2282344,2026-06-21T03:25:26.147Z,yes,no,yes
/mnt/spirit-8tb/media/tempTwitter/l u c i ⪩⪨ - 👅watch closely [2003882782695583744].mp4,l u c i ⪩⪨ - 👅watch closely [2003882782695583744].mp4,.mp4,1922210,2026-06-21T03:25:29.329Z,yes,no,yes
/mnt/spirit-8tb/media/tempTwitter/lauren marie - wataa 👧🏼🍌 [1991651849355583488].mp4,lauren marie - wataa 👧🏼🍌 [1991651849355583488].mp4,.mp4,1864992,2026-06-21T03:24:39.160Z,yes,no,yes
/mnt/spirit-8tb/media/tempTwitter/li wei ~ neet little sister - oh hii mister i hope you dont mind but i caught a glimpse of you chan... [1991587951633907712].mp4,li wei ~ neet little sister - oh hii mister i hope you dont mind but i caught a glimpse of you chan... [1991587951633907712].mp4,.mp4,2055221,2026-06-21T03:20:53.517Z,yes,no,yes
/mnt/spirit-8tb/media/tempTwitter/lil cutie kay 💞 - WATAA 🍑  🔗👇 [1980728194110984192].mp4,lil cutie kay 💞 - WATAA 🍑  🔗👇 [1980728194110984192].mp4,.mp4,1356227,2026-06-21T03:56:46.207Z,yes,no,yes
/mnt/spirit-8tb/media/tempTwitter/mae - 123 for gf [1999504172576849920].mp4,mae - 123 for gf [1999504172576849920].mp4,.mp4,1366841,2026-06-21T03:19:20.909Z,yes,no,yes
/mnt/spirit-8tb/media/tempTwitter/mae - anyone awake ？ ：3 [1733658432732110848].mp4,mae - anyone awake ？ ：3 [1733658432732110848].mp4,.mp4,918421,2026-06-21T03:19:00.441Z,yes,no,yes
/mnt/spirit-8tb/media/tempTwitter/mae - be honest does my ass look fat [1970274157222076416].mp4,mae - be honest does my ass look fat [1970274157222076416].mp4,.mp4,1271896,2026-06-21T03:19:16.997Z,yes,no,yes
/mnt/spirit-8tb/media/tempTwitter/mae - can i show you something [1997880350589300736].mp4,mae - can i show you something [1997880350589300736].mp4,.mp4,419985,2026-06-21T03:31:19.722Z,yes,no,yes
"/mnt/spirit-8tb/media/tempTwitter/mae - do it for mommy .. ♡   ( audio , moan , moaning , audios , nsfw ) [1906212398446551040].mp4","mae - do it for mommy .. ♡   ( audio , moan , moaning , audios , nsfw ) [1906212398446551040].mp4",.mp4,2469898,2026-06-21T03:19:07.434Z,yes,no,yes
/mnt/spirit-8tb/media/tempTwitter/mae - fine goth mommy in the black dress imma delete this later 😭 [1984699429014921216].mp4,mae - fine goth mommy in the black dress imma delete this later 😭 [1984699429014921216].mp4,.mp4,1189127,2026-06-21T03:19:18.935Z,yes,no,yes
/mnt/spirit-8tb/media/tempTwitter/mae - hello is this thing on [1924460169452294144].mp4,mae - hello is this thing on [1924460169452294144].mp4,.mp4,444248,2026-06-21T03:19:13.579Z,yes,no,yes
/mnt/spirit-8tb/media/tempTwitter/mae - hey ( twitter is dying ) [1694429122804723712].mp4,mae - hey ( twitter is dying ) [1694429122804723712].mp4,.mp4,571909,2026-06-21T03:18:40.165Z,yes,no,yes
/mnt/spirit-8tb/media/tempTwitter/mae - hey nsfwtwt do u miss me ：3 [1780405869580255232].mp4,mae - hey nsfwtwt do u miss me ：3 [1780405869580255232].mp4,.mp4,244655,2026-06-21T03:19:02.839Z,yes,no,yes
/mnt/spirit-8tb/media/tempTwitter/mae - i bounce [1995688420723884035].mp4,mae - i bounce [1995688420723884035].mp4,.mp4,2341776,2026-06-21T03:31:17.986Z,yes,no,yes
/mnt/spirit-8tb/media/tempTwitter/mae - i do need a seat… [2005657273755123712].mp4,mae - i do need a seat… [2005657273755123712].mp4,.mp4,845921,2026-06-21T03:31:22.524Z,yes,no,yes
/mnt/spirit-8tb/media/tempTwitter/mae - looking for backshots ：3 [1679326247896350720].mp4,mae - looking for backshots ：3 [1679326247896350720].mp4,.mp4,192805,2026-06-21T03:18:41.769Z,yes,no,yes
/mnt/spirit-8tb/media/tempTwitter/mae - mae juice ：3 [1808921179979460610].mp4,mae - mae juice ：3 [1808921179979460610].mp4,.mp4,245660,2026-06-21T03:19:03.152Z,yes,no,yes
/mnt/spirit-8tb/media/tempTwitter/mae - my ass ate my shorts again 😐 [2012743586794586112].mp4,mae - my ass ate my shorts again 😐 [2012743586794586112].mp4,.mp4,554901,2026-06-21T03:19:33.494Z,yes,no,yes
/mnt/spirit-8tb/media/tempTwitter/mae - my ass ate my shorts 😐 [2006992521725890560].mp4,mae - my ass ate my shorts 😐 [2006992521725890560].mp4,.mp4,994214,2026-06-21T03:19:30.170Z,yes,no,yes
/mnt/spirit-8tb/media/tempTwitter/mae - ok can i sit on someones face [2013090193901838336].mp4,mae - ok can i sit on someones face [2013090193901838336].mp4,.mp4,508419,2026-06-21T03:19:34.905Z,yes,no,yes
/mnt/spirit-8tb/media/tempTwitter/mae - ok i learned i can make it clap [2006220290322534400].mp4,mae - ok i learned i can make it clap [2006220290322534400].mp4,.mp4,906374,2026-06-21T03:31:23.821Z,yes,no,yes
/mnt/spirit-8tb/media/tempTwitter/mae - oops didn’t know my mic was on [2002458670207254528].mp4,mae - oops didn’t know my mic was on [2002458670207254528].mp4,.mp4,2356318,2026-06-21T03:19:27.196Z,yes,no,yes
/mnt/spirit-8tb/media/tempTwitter/mae - oops didn’t mean to post this [2011714328635002880].mp4,mae - oops didn’t mean to post this [2011714328635002880].mp4,.mp4,1902043,2026-06-21T03:19:31.916Z,yes,no,yes
/mnt/spirit-8tb/media/tempTwitter/mae - ready to sit on someone (‘-‘＊ゞ [1577785502602006528].mp4,mae - ready to sit on someone (‘-‘＊ゞ [1577785502602006528].mp4,.mp4,1182851,2026-06-21T03:18:45.732Z,yes,no,yes
/mnt/spirit-8tb/media/tempTwitter/mae - spanking and whimpering combo maxxing [1992703038751133696].mp4,mae - spanking and whimpering combo maxxing [1992703038751133696].mp4,.mp4,1576335,2026-06-21T03:21:57.980Z,yes,no,yes
/mnt/spirit-8tb/media/tempTwitter/mae - type 123 if u want a gf [1925240026096369664].mp4,mae - type 123 if u want a gf [1925240026096369664].mp4,.mp4,439453,2026-06-21T03:19:15.014Z,yes,no,yes
/mnt/spirit-8tb/media/tempTwitter/mae - who up rn playing w they worm [1570344136716480513].mp4,mae - who up rn playing w they worm [1570344136716480513].mp4,.mp4,1140697,2026-06-21T03:18:43.365Z,yes,no,yes
/mnt/spirit-8tb/media/tempTwitter/mae - who wants dinner ？ ：3 [1709090552757800960].mp4,mae - who wants dinner ？ ：3 [1709090552757800960].mp4,.mp4,296795,2026-06-21T03:18:47.523Z,yes,no,yes
/mnt/spirit-8tb/media/tempTwitter/mae - yes i can make it jiggle [2000349373579063296].mp4,mae - yes i can make it jiggle [2000349373579063296].mp4,.mp4,1982264,2026-06-21T03:19:24.353Z,yes,no,yes
/mnt/spirit-8tb/media/tempTwitter/mae - ★ nsfw audio ｜ cw： mommy gf  • kisses &amp; whispers • good boy prais... [1729626059489079296].mp4,mae - ★ nsfw audio ｜ cw： mommy gf  • kisses &amp; whispers • good boy prais... [1729626059489079296].mp4,.mp4,2570120,2026-06-21T03:18:52.414Z,yes,no,yes
/mnt/spirit-8tb/media/tempTwitter/mae - ＊grinds on you＊ [2002927243660873728].mp4,mae - ＊grinds on you＊ [2002927243660873728].mp4,.mp4,982311,2026-06-21T03:19:28.810Z,yes,no,yes
/mnt/spirit-8tb/media/tempTwitter/mae - ＊rides u＊ [2004730975218241536].mp4,mae - ＊rides u＊ [2004730975218241536].mp4,.mp4,1948933,2026-06-21T03:31:20.980Z,yes,no,yes
/mnt/spirit-8tb/media/tempTwitter/mai ♡ - did anyone ask for a gooner gf with a fat 🐱 for valentine’s day？ ：3 [2019867885099708416].mp4,mai ♡ - did anyone ask for a gooner gf with a fat 🐱 for valentine’s day？ ：3 [2019867885099708416].mp4,.mp4,2185121,2026-06-21T03:19:54.071Z,yes,no,yes
/mnt/spirit-8tb/media/tempTwitter/mai ♡ - groping ：p [1941284328580775936].mp4,mai ♡ - groping ：p [1941284328580775936].mp4,.mp4,831324,2026-06-21T03:19:55.771Z,yes,no,yes
/mnt/spirit-8tb/media/tempTwitter/mai ♡ - you next？ ;3 [1905376517586071552].mp4,mai ♡ - you next？ ;3 [1905376517586071552].mp4,.mp4,632945,2026-06-21T04:02:31.720Z,yes,no,yes
/mnt/spirit-8tb/media/tempTwitter/mia 🎀 - wataa 👅💦🍑 [1971289965964169216].mp4,mia 🎀 - wataa 👅💦🍑 [1971289965964169216].mp4,.mp4,12021279,2026-06-21T03:53:24.610Z,yes,no,yes
/mnt/spirit-8tb/media/tempTwitter/milktea - omg i need to recreate 😭 [1998631921882939392].mp4,milktea - omg i need to recreate 😭 [1998631921882939392].mp4,.mp4,1513132,2026-06-21T03:25:06.823Z,yes,no,yes
/mnt/spirit-8tb/media/tempTwitter/mishka ౨ৎ - pov： we corner you in the mall [2013376137045360640].mp4,mishka ౨ৎ - pov： we corner you in the mall [2013376137045360640].mp4,.mp4,1707048,2026-06-21T03:24:28.409Z,yes,no,yes
/mnt/spirit-8tb/media/tempTwitter/mother melons 🍉 - chudai [1984306219205402625].mp4,mother melons 🍉 - chudai [1984306219205402625].mp4,.mp4,869208,2026-06-21T03:55:23.292Z,yes,no,yes
/mnt/spirit-8tb/media/tempTwitter/moxie - did you get what you wanted for christmas？ [2004340181529219072].mp4,moxie - did you get what you wanted for christmas？ [2004340181529219072].mp4,.mp4,2242882,2026-06-21T03:32:37.919Z,yes,no,yes
/mnt/spirit-8tb/media/tempTwitter/my.cos🍃 - Good night my gooners 🖤 #alt #asia #egirl #fishnets #goth #goonette #... [2017156322467192832].mp4,my.cos🍃 - Good night my gooners 🖤 #alt #asia #egirl #fishnets #goth #goonette #... [2017156322467192832].mp4,.mp4,1325854,2026-06-21T03:19:56.719Z,yes,no,yes
/mnt/spirit-8tb/media/tempTwitter/naomi! - CHUDAI [2020607116772278272].mp4,naomi! - CHUDAI [2020607116772278272].mp4,.mp4,3362066,2026-06-21T03:17:04.285Z,yes,no,yes
/mnt/spirit-8tb/media/tempTwitter/natalie 🔅 - Chudai 😻 [1988272522388008962].mp4,natalie 🔅 - Chudai 😻 [1988272522388008962].mp4,.mp4,1255299,2026-06-21T03:21:24.566Z,yes,no,yes
/mnt/spirit-8tb/media/tempTwitter/non aesthetic things - This hotel in China sends a dancing girl with your meal [1982520965536894976].mp4,non aesthetic things - This hotel in China sends a dancing girl with your meal [1982520965536894976].mp4,.mp4,1788464,2026-06-21T03:56:05.683Z,yes,no,yes
/mnt/spirit-8tb/media/tempTwitter/paix - https：⧸⧸t.co⧸bkElyTpezR [2009705425596264448].mp4,paix - https：⧸⧸t.co⧸bkElyTpezR [2009705425596264448].mp4,.mp4,2963527,2026-06-21T03:30:49.378Z,yes,no,yes
/mnt/spirit-8tb/media/tempTwitter/playful_Innocence - Cum walk while clubbing💦🥵 [1982520637890482176].mp4,playful_Innocence - Cum walk while clubbing💦🥵 [1982520637890482176].mp4,.mp4,17283300,2026-06-21T03:46:16.778Z,yes,no,yes
/mnt/spirit-8tb/media/tempTwitter/ramie - fine u can squish them ：3 [1883170770588676096].mp4,ramie - fine u can squish them ：3 [1883170770588676096].mp4,.mp4,2077873,2026-06-21T04:02:30.450Z,yes,no,yes
/mnt/spirit-8tb/media/tempTwitter/ramie - id stop scrolling too [1819195447530909696].mp4,ramie - id stop scrolling too [1819195447530909696].mp4,.mp4,600251,2026-06-21T04:02:29.246Z,yes,no,yes
/mnt/spirit-8tb/media/tempTwitter/randy - a bi woman stuck in the 2000s once said “I could go brad or I could g... [1996910196438769664].mp4,randy - a bi woman stuck in the 2000s once said “I could go brad or I could g... [1996910196438769664].mp4,.mp4,2414679,2026-06-21T03:37:54.757Z,yes,no,yes
/mnt/spirit-8tb/media/tempTwitter/sexxual - bounce on it like this 😩😩😩 [1982523007881863168].mp4,sexxual - bounce on it like this 😩😩😩 [1982523007881863168].mp4,.mp4,3626969,2026-06-21T03:37:07.642Z,yes,no,yes
/mnt/spirit-8tb/media/tempTwitter/sexxual - chudai [1974914948665880576].mp4,sexxual - chudai [1974914948665880576].mp4,.mp4,33762726,2026-06-21T03:34:26.838Z,yes,no,yes
/mnt/spirit-8tb/media/tempTwitter/sexxual - sloppy toppy 🤤🤤🤤 [2002120237903171584].mp4,sexxual - sloppy toppy 🤤🤤🤤 [2002120237903171584].mp4,.mp4,15083864,2026-06-21T03:34:05.225Z,yes,no,yes
/mnt/spirit-8tb/media/tempTwitter/shiva - our first date [2007892509700009984].mp4,shiva - our first date [2007892509700009984].mp4,.mp4,732301252,2026-06-21T03:28:07.054Z,yes,no,yes
/mnt/spirit-8tb/media/tempTwitter/sienna rae - Wataa💦 [1840677588978585600].mp4,sienna rae - Wataa💦 [1840677588978585600].mp4,.mp4,7527836,2026-06-21T03:54:44.502Z,yes,no,yes
/mnt/spirit-8tb/media/tempTwitter/sienna rae - am I good enough for you？ [1852559606062428160].mp4,sienna rae - am I good enough for you？ [1852559606062428160].mp4,.mp4,4412213,2026-06-21T03:54:49.451Z,yes,no,yes
/mnt/spirit-8tb/media/tempTwitter/sienna rae - chudai？ [1918915311165685760].mp4,sienna rae - chudai？ [1918915311165685760].mp4,.mp4,2183959,2026-06-21T03:54:51.383Z,yes,no,yes
/mnt/spirit-8tb/media/tempTwitter/sienna rae - it tastes so yummy [1845227181821071378].mp4,sienna rae - it tastes so yummy [1845227181821071378].mp4,.mp4,1203812,2026-06-21T03:54:47.227Z,yes,no,yes
/mnt/spirit-8tb/media/tempTwitter/silly gooner - GREAT VIDEO [1969886125155115009].mp4,silly gooner - GREAT VIDEO [1969886125155115009].mp4,.mp4,3190455,2026-06-21T03:47:48.752Z,yes,no,yes
/mnt/spirit-8tb/media/tempTwitter/silly gooner - Goodnight Everyoneeeee [1954534118441492481].mp4,silly gooner - Goodnight Everyoneeeee [1954534118441492481].mp4,.mp4,53713217,2026-06-21T03:54:28.588Z,yes,no,yes
/mnt/spirit-8tb/media/tempTwitter/silly gooner - 😵‍💫😵‍💫😵‍💫 [1947735863749640192].mp4,silly gooner - 😵‍💫😵‍💫😵‍💫 [1947735863749640192].mp4,.mp4,16016385,2026-06-21T03:37:25.511Z,yes,no,yes
/mnt/spirit-8tb/media/tempTwitter/single mommyⓘi’m extremely horny - wataa 🐆 [1957289926489178112].mp4,single mommyⓘi’m extremely horny - wataa 🐆 [1957289926489178112].mp4,.mp4,137686,2026-06-21T03:55:42.427Z,yes,no,yes
/mnt/spirit-8tb/media/tempTwitter/singularity - singularity - https：⧸⧸t.co⧸nOTymAPLRW [2039898455334625280].mp4,singularity - singularity - https：⧸⧸t.co⧸nOTymAPLRW [2039898455334625280].mp4,.mp4,4217521,2026-06-30T04:10:14.742Z,yes,no,yes
/mnt/spirit-8tb/media/tempTwitter/sloppiananyc - Are you snoozing 😴 or waking up with me before sunrise for some slopp... [2014394554472947712].mp4,sloppiananyc - Are you snoozing 😴 or waking up with me before sunrise for some slopp... [2014394554472947712].mp4,.mp4,86915074,2026-06-21T03:16:52.883Z,yes,no,yes
/mnt/spirit-8tb/media/tempTwitter/sloppygoonettes - Wataa 💦 [1964929593225134080].mp4,sloppygoonettes - Wataa 💦 [1964929593225134080].mp4,.mp4,5740105,2026-06-21T03:47:34.004Z,yes,no,yes
/mnt/spirit-8tb/media/tempTwitter/sloppygoonettes - Wataa 💦 [1982158478228455424].mp4,sloppygoonettes - Wataa 💦 [1982158478228455424].mp4,.mp4,9014193,2026-06-21T03:37:31.975Z,yes,no,yes
/mnt/spirit-8tb/media/tempTwitter/star - Oiled them up for you ♡ [1879972641232048128].mp4,star - Oiled them up for you ♡ [1879972641232048128].mp4,.mp4,457857,2026-06-21T04:03:17.284Z,yes,no,yes
/mnt/spirit-8tb/media/tempTwitter/star - creamy girl ♡ [1905757413879545856].mp4,star - creamy girl ♡ [1905757413879545856].mp4,.mp4,2047596,2026-06-21T04:03:28.634Z,yes,no,yes
/mnt/spirit-8tb/media/tempTwitter/star - destroying my fu＊king throat ♡ [1897385556092272640].mp4,star - destroying my fu＊king throat ♡ [1897385556092272640].mp4,.mp4,1127545,2026-06-21T04:03:26.752Z,yes,no,yes
/mnt/spirit-8tb/media/tempTwitter/star - fill my mouth？ ᡣ𐭩•.＊+ [1800591943472164865].mp4,star - fill my mouth？ ᡣ𐭩•.＊+ [1800591943472164865].mp4,.mp4,1541438,2026-06-21T04:03:18.309Z,yes,no,yes
/mnt/spirit-8tb/media/tempTwitter/star - first date idea？  ₊˚⊹ᰔ [1815493609463934976].mp4,star - first date idea？  ₊˚⊹ᰔ [1815493609463934976].mp4,.mp4,2903565,2026-06-21T04:03:04.002Z,yes,no,yes
/mnt/spirit-8tb/media/tempTwitter/star - just the TIP !! &gt;：3 [1804213578796298242].mp4,star - just the TIP !! &gt;：3 [1804213578796298242].mp4,.mp4,762746,2026-06-21T04:03:01.976Z,yes,no,yes
/mnt/spirit-8tb/media/tempTwitter/star - made for throating ♡ [1876349619971530752].mp4,star - made for throating ♡ [1876349619971530752].mp4,.mp4,2325249,2026-06-21T04:03:15.402Z,yes,no,yes
/mnt/spirit-8tb/media/tempTwitter/star - my girlfriend application  ♡ [1886132641973325826].mp4,star - my girlfriend application  ♡ [1886132641973325826].mp4,.mp4,1534912,2026-06-21T04:03:25.184Z,yes,no,yes
/mnt/spirit-8tb/media/tempTwitter/star - so sticky ( ⸝⸝´꒳`⸝⸝) [1808562808629743616].mp4,star - so sticky ( ⸝⸝´꒳`⸝⸝) [1808562808629743616].mp4,.mp4,1681184,2026-06-21T04:03:23.329Z,yes,no,yes
/mnt/spirit-8tb/media/tempTwitter/star - stuffed my mouth ᰔ‧₊˚⊹ [1829585542645727254].mp4,star - stuffed my mouth ᰔ‧₊˚⊹ [1829585542645727254].mp4,.mp4,3427630,2026-06-21T04:03:08.718Z,yes,no,yes
/mnt/spirit-8tb/media/tempTwitter/star - stuffing my little throat ᰔ [1850966540834816000].mp4,star - stuffing my little throat ᰔ [1850966540834816000].mp4,.mp4,1756794,2026-06-21T04:03:13.301Z,yes,no,yes
/mnt/spirit-8tb/media/tempTwitter/star - suckable enough for you？ ♡ [1861493490762276865].mp4,star - suckable enough for you？ ♡ [1861493490762276865].mp4,.mp4,945006,2026-06-21T04:03:14.424Z,yes,no,yes
/mnt/spirit-8tb/media/tempTwitter/star - use my pretty mouth？ ౨ৎ [1840093337459490816].mp4,star - use my pretty mouth？ ౨ৎ [1840093337459490816].mp4,.mp4,2801773,2026-06-21T04:03:11.376Z,yes,no,yes
/mnt/spirit-8tb/media/tempTwitter/star - we almost got caught ˚. ᵎᵎ [1820521475423477760].mp4,star - we almost got caught ˚. ᵎᵎ [1820521475423477760].mp4,.mp4,1511231,2026-06-21T04:03:05.992Z,yes,no,yes
/mnt/spirit-8tb/media/tempTwitter/star - you next？ ₊˚⊹ ᰔ [1802403975771090944].mp4,star - you next？ ₊˚⊹ ᰔ [1802403975771090944].mp4,.mp4,5237196,2026-06-21T04:03:20.865Z,yes,no,yes
/mnt/spirit-8tb/media/tempTwitter/stella👼 - i love being used &lt;3 [1788646286629195776].mp4,stella👼 - i love being used &lt;3 [1788646286629195776].mp4,.mp4,8008130,2026-06-21T03:20:11.907Z,yes,no,yes
/mnt/spirit-8tb/media/tempTwitter/stella👼 - i love nighttime facials 💗 [1760481077603487745].mp4,stella👼 - i love nighttime facials 💗 [1760481077603487745].mp4,.mp4,3367030,2026-06-21T03:19:59.253Z,yes,no,yes
/mnt/spirit-8tb/media/tempTwitter/stella👼 - wanna go explore？ 🌾🥰 [1766329299983122432].mp4,stella👼 - wanna go explore？ 🌾🥰 [1766329299983122432].mp4,.mp4,10017547,2026-06-21T03:20:05.575Z,yes,no,yes
/mnt/spirit-8tb/media/tempTwitter/taeomi - bite me [1955011576030715904].mp4,taeomi - bite me [1955011576030715904].mp4,.mp4,11673859,2026-06-21T03:22:00.980Z,yes,no,yes
/mnt/spirit-8tb/media/tempTwitter/v 🪼 - chudai [1980303305352876032].mp4,v 🪼 - chudai [1980303305352876032].mp4,.mp4,376897,2026-06-21T03:56:45.030Z,yes,no,yes
/mnt/spirit-8tb/media/tempTwitter/violet ♡ (Free OF) - can I put them in ur face or whatever ：3 [1945355378687893504].mp4,violet ♡ (Free OF) - can I put them in ur face or whatever ：3 [1945355378687893504].mp4,.mp4,1285137,2026-06-21T03:55:33.153Z,yes,no,yes
/mnt/spirit-8tb/media/tempTwitter/violet ♡ (Free OF) - can I stroke you like this？ ：3 [1969924336107585536].mp4,violet ♡ (Free OF) - can I stroke you like this？ ：3 [1969924336107585536].mp4,.mp4,2608123,2026-06-21T04:00:08.967Z,yes,no,yes
/mnt/spirit-8tb/media/tempTwitter/zoey! - $500k or get stuck in this elevator w me？ [1988982041384194048].mp4,zoey! - $500k or get stuck in this elevator w me？ [1988982041384194048].mp4,.mp4,6944388,2026-06-21T03:47:30.372Z,yes,no,yes
/mnt/spirit-8tb/media/tempTwitter/zoey! - Messi or Ronaldo？ ⚽️ [1882527331333349376].mp4,zoey! - Messi or Ronaldo？ ⚽️ [1882527331333349376].mp4,.mp4,995658,2026-06-21T04:02:16.440Z,yes,no,yes
/mnt/spirit-8tb/media/tempTwitter/zoey! - do guys like when girls wear nylons？🫣 [1899884093355008000].mp4,zoey! - do guys like when girls wear nylons？🫣 [1899884093355008000].mp4,.mp4,423882,2026-06-21T04:02:15.319Z,yes,no,yes
/mnt/spirit-8tb/media/tempTwitter/zoey! - do u prefer shorts or no shorts？ 👀🍑 [1883725898748141568].mp4,zoey! - do u prefer shorts or no shorts？ 👀🍑 [1883725898748141568].mp4,.mp4,337267,2026-06-21T04:02:17.601Z,yes,no,yes
/mnt/spirit-8tb/media/tempTwitter/zoey! - eagles or chiefs？ [1888996722703007744].mp4,zoey! - eagles or chiefs？ [1888996722703007744].mp4,.mp4,285796,2026-06-21T04:02:18.711Z,yes,no,yes
/mnt/spirit-8tb/media/tempTwitter/zoey! - say hi for kitty in your DMs 🐈‍⬛ [1894074971883732994].mp4,zoey! - say hi for kitty in your DMs 🐈‍⬛ [1894074971883732994].mp4,.mp4,502247,2026-06-21T04:02:14.302Z,yes,no,yes
/mnt/spirit-8tb/media/tempTwitter/°. • 𓆩K𓆪 ✧ °. • - wataa [1984725299821469696].mp4,°. • 𓆩K𓆪 ✧ °. • - wataa [1984725299821469696].mp4,.mp4,380446,2026-06-21T03:45:38.721Z,yes,no,yes
/mnt/spirit-8tb/media/tempTwitter/°. • 𓆩K𓆪 ✧ °. • - wataa😝 [1989966363079675904].mp4,°. • 𓆩K𓆪 ✧ °. • - wataa😝 [1989966363079675904].mp4,.mp4,572882,2026-06-21T03:45:39.142Z,yes,no,yes
/mnt/spirit-8tb/media/tempTwitter/ً - https：⧸⧸t.co⧸2NsYvOmHrJ [1996575042314948608].mp4,ً - https：⧸⧸t.co⧸2NsYvOmHrJ [1996575042314948608].mp4,.mp4,315344865,2026-06-21T03:36:16.936Z,yes,no,yes
/mnt/spirit-8tb/media/tempTwitter/ً - https：⧸⧸t.co⧸5O2zdAQWL6 [1995844560509964289].mp4,ً - https：⧸⧸t.co⧸5O2zdAQWL6 [1995844560509964289].mp4,.mp4,45236180,2026-06-21T03:30:36.403Z,yes,no,yes
/mnt/spirit-8tb/media/tempTwitter/༺diosa༻ - wataa [1998481501990653952].mp4,༺diosa༻ - wataa [1998481501990653952].mp4,.mp4,7875431,2026-06-21T03:37:05.270Z,yes,no,yes
/mnt/spirit-8tb/media/tempTwitter/༺diosa༻ - wataa [2005344592028135424].mp4,༺diosa༻ - wataa [2005344592028135424].mp4,.mp4,7325767,2026-06-21T03:17:10.950Z,yes,no,yes
/mnt/spirit-8tb/media/tempTwitter/༺diosa༻ - wataa [2015158834134720512].mp4,༺diosa༻ - wataa [2015158834134720512].mp4,.mp4,6266834,2026-06-21T03:17:25.964Z,yes,no,yes
/mnt/spirit-8tb/media/tempTwitter/༺diosa༻ - wataa [2015519906981199872].mp4,༺diosa༻ - wataa [2015519906981199872].mp4,.mp4,7054346,2026-06-21T03:17:26.954Z,yes,no,yes
/mnt/spirit-8tb/media/tempTwitter/༺diosa༻ - wataa [2019183740409278464].mp4,༺diosa༻ - wataa [2019183740409278464].mp4,.mp4,8230144,2026-06-21T03:17:27.921Z,yes,no,yes
/mnt/spirit-8tb/media/tempTwitter/༺diosa༻ - wataa ☁️ [2013002511142031360].mp4,༺diosa༻ - wataa ☁️ [2013002511142031360].mp4,.mp4,484082,2026-06-21T03:17:24.879Z,yes,no,yes
/mnt/spirit-8tb/media/tempTwitter/༺diosa༻ - wataa 🌺 [2009102368495792128].mp4,༺diosa༻ - wataa 🌺 [2009102368495792128].mp4,.mp4,2182571,2026-06-21T03:17:20.819Z,yes,no,yes
/mnt/spirit-8tb/media/tempTwitter/༺diosa༻ - wataa 🌼 [2012590227462684672].mp4,༺diosa༻ - wataa 🌼 [2012590227462684672].mp4,.mp4,1311086,2026-06-21T03:17:23.936Z,yes,no,yes
/mnt/spirit-8tb/media/tempTwitter/༺diosa༻ - wataa 💓 [2011550927640219648].mp4,༺diosa༻ - wataa 💓 [2011550927640219648].mp4,.mp4,7428295,2026-06-21T03:17:22.776Z,yes,no,yes
/mnt/spirit-8tb/media/tempTwitter/༺diosa༻ - wataa 💗 [1980785065245245440].mp4,༺diosa༻ - wataa 💗 [1980785065245245440].mp4,.mp4,13608579,2026-06-21T03:58:58.807Z,yes,no,yes
/mnt/spirit-8tb/media/tempTwitter/༺diosa༻ - wataa 💗 [2012643835713576960].mp4,༺diosa༻ - wataa 💗 [2012643835713576960].mp4,.mp4,4604504,2026-06-21T03:17:24.569Z,yes,no,yes
/mnt/spirit-8tb/media/tempTwitter/༺diosa༻ - wataa 💛 [2020263215549079552].mp4,༺diosa༻ - wataa 💛 [2020263215549079552].mp4,.mp4,1131569,2026-06-21T03:17:28.608Z,yes,no,yes
/mnt/spirit-8tb/media/tempTwitter/༺diosa༻ - wataa 💝 [2004281274479808513].mp4,༺diosa༻ - wataa 💝 [2004281274479808513].mp4,.mp4,3767826,2026-06-21T03:17:06.793Z,yes,no,yes
/mnt/spirit-8tb/media/tempTwitter/༺diosa༻ - wataa 💝 [2008309439850225664].mp4,༺diosa༻ - wataa 💝 [2008309439850225664].mp4,.mp4,14259500,2026-06-21T03:17:18.190Z,yes,no,yes
/mnt/spirit-8tb/media/tempTwitter/༺diosa༻ - wataa 🤍 [2008308156204515328].mp4,༺diosa༻ - wataa 🤍 [2008308156204515328].mp4,.mp4,3802215,2026-06-21T03:17:13.885Z,yes,no,yes
/mnt/spirit-8tb/media/tempTwitter/༺diosa༻ - wataa🪞 [1879352688766222336].mp4,༺diosa༻ - wataa🪞 [1879352688766222336].mp4,.mp4,768908,2026-06-21T03:48:24.569Z,yes,no,yes
/mnt/spirit-8tb/media/tempTwitter/ᕱ⑅ᕱ - aim practice [1635386178366234624].mp4,ᕱ⑅ᕱ - aim practice [1635386178366234624].mp4,.mp4,164219,2026-06-21T04:02:03.431Z,yes,no,yes
/mnt/spirit-8tb/media/tempTwitter/ᕱ⑅ᕱ - bunni boobiessss [1617468775544291331].mp4,ᕱ⑅ᕱ - bunni boobiessss [1617468775544291331].mp4,.mp4,2457853,2026-06-21T04:01:59.483Z,yes,no,yes
/mnt/spirit-8tb/media/tempTwitter/ᕱ⑅ᕱ - can’t get enough of me [1622343250983137280].mp4,ᕱ⑅ᕱ - can’t get enough of me [1622343250983137280].mp4,.mp4,897227,2026-06-21T04:02:01.913Z,yes,no,yes
/mnt/spirit-8tb/media/tempTwitter/ᕱ⑅ᕱ - can’t remember if i posted this but it doesn’t hurt to see it again  ... [1690833438503530496].mp4,ᕱ⑅ᕱ - can’t remember if i posted this but it doesn’t hurt to see it again  ... [1690833438503530496].mp4,.mp4,975499,2026-06-21T04:02:04.586Z,yes,no,yes
"/mnt/spirit-8tb/media/tempTwitter/ᕱ⑅ᕱ - if ur my bf, i’m sending u vids like this every night [1699132203651981312].mp4","ᕱ⑅ᕱ - if ur my bf, i’m sending u vids like this every night [1699132203651981312].mp4",.mp4,897086,2026-06-21T04:02:12.588Z,yes,no,yes
/mnt/spirit-8tb/media/tempTwitter/ᕱ⑅ᕱ - i’m brainwashing you [1694596602810540032].mp4,ᕱ⑅ᕱ - i’m brainwashing you [1694596602810540032].mp4,.mp4,3288167,2026-06-21T04:02:08.736Z,yes,no,yes
/mnt/spirit-8tb/media/tempTwitter/ᕱ⑅ᕱ - just a little clip gift for u guys for being so sweet ily guys ♡ more... [1578822936525361153].mp4,ᕱ⑅ᕱ - just a little clip gift for u guys for being so sweet ily guys ♡ more... [1578822936525361153].mp4,.mp4,2054775,2026-06-21T04:01:55.639Z,yes,no,yes
/mnt/spirit-8tb/media/tempTwitter/ᕱ⑅ᕱ - welcome you home from work like this？ [1692091015275204608].mp4,ᕱ⑅ᕱ - welcome you home from work like this？ [1692091015275204608].mp4,.mp4,417890,2026-06-21T04:02:05.872Z,yes,no,yes
/mnt/spirit-8tb/media/tempTwitter/‧͙⁺˚＊･༓☾ bunny ☽༓･＊˚⁺‧͙ - Chudai [1932135553928925184].mp4,‧͙⁺˚＊･༓☾ bunny ☽༓･＊˚⁺‧͙ - Chudai [1932135553928925184].mp4,.mp4,589329,2026-06-21T03:59:28.367Z,yes,no,yes
/mnt/spirit-8tb/media/tempTwitter/‧͙⁺˚＊･༓☾ bunny ☽༓･＊˚⁺‧͙ - Chudai [1952708634313465856].mp4,‧͙⁺˚＊･༓☾ bunny ☽༓･＊˚⁺‧͙ - Chudai [1952708634313465856].mp4,.mp4,1127932,2026-06-21T03:59:29.643Z,yes,no,yes
/mnt/spirit-8tb/media/tempTwitter/‧͙⁺˚＊･༓☾ bunny ☽༓･＊˚⁺‧͙ - Chudai [1963419305560694784].mp4,‧͙⁺˚＊･༓☾ bunny ☽༓･＊˚⁺‧͙ - Chudai [1963419305560694784].mp4,.mp4,870716,2026-06-21T03:59:34.542Z,yes,no,yes
/mnt/spirit-8tb/media/tempTwitter/‧͙⁺˚＊･༓☾ bunny ☽༓･＊˚⁺‧͙ - Peekaboo! [1487504108777058311].mp4,‧͙⁺˚＊･༓☾ bunny ☽༓･＊˚⁺‧͙ - Peekaboo! [1487504108777058311].mp4,.mp4,1032654,2026-06-21T03:59:27.818Z,yes,no,yes
/mnt/spirit-8tb/media/tempTwitter/‧͙⁺˚＊･༓☾ bunny ☽༓･＊˚⁺‧͙ - Wataa [1957978795262042113].mp4,‧͙⁺˚＊･༓☾ bunny ☽༓･＊˚⁺‧͙ - Wataa [1957978795262042113].mp4,.mp4,1961837,2026-06-21T03:59:31.070Z,yes,no,yes
/mnt/spirit-8tb/media/tempTwitter/‧͙⁺˚＊･༓☾ bunny ☽༓･＊˚⁺‧͙ - Wataa [1960706224938213376].mp4,‧͙⁺˚＊･༓☾ bunny ☽༓･＊˚⁺‧͙ - Wataa [1960706224938213376].mp4,.mp4,1800107,2026-06-21T03:59:33.055Z,yes,no,yes
/mnt/spirit-8tb/media/tempTwitter/ℂ𝕦𝕞 𝔸𝕕𝕕𝕚𝕔𝕥𝕖𝕕 𝕊𝕝𝕦𝕥 - https：⧸⧸t.co⧸iZi6pk7Dqz [2004028055098896384].mp4,ℂ𝕦𝕞 𝔸𝕕𝕕𝕚𝕔𝕥𝕖𝕕 𝕊𝕝𝕦𝕥 - https：⧸⧸t.co⧸iZi6pk7Dqz [2004028055098896384].mp4,.mp4,7326721,2026-06-21T03:20:17.871Z,yes,no,yes
/mnt/spirit-8tb/media/tempTwitter/⋆ Blowjob Queen ⋆ - https：⧸⧸t.co⧸CeX03CT5jR [1974228829821382656].mp4,⋆ Blowjob Queen ⋆ - https：⧸⧸t.co⧸CeX03CT5jR [1974228829821382656].mp4,.mp4,11519237,2026-06-21T03:43:30.915Z,yes,no,yes
/mnt/spirit-8tb/media/tempTwitter/⋆ Blowjob Queen ⋆ - https：⧸⧸t.co⧸j5MduzXNml [2005760039890427904].mp4,⋆ Blowjob Queen ⋆ - https：⧸⧸t.co⧸j5MduzXNml [2005760039890427904].mp4,.mp4,6153537,2026-06-21T03:25:01.416Z,yes,no,yes
/mnt/spirit-8tb/media/tempTwitter/⋆ Blowjob Queen ⋆ - https：⧸⧸t.co⧸mqAeVh1yxa [2005986976600633344].mp4,⋆ Blowjob Queen ⋆ - https：⧸⧸t.co⧸mqAeVh1yxa [2005986976600633344].mp4,.mp4,7911068,2026-06-21T03:30:54.842Z,yes,no,yes
/mnt/spirit-8tb/media/tempTwitter/⋆ Blowjob Queen ⋆ - https：⧸⧸t.co⧸pyrZUhF7Hk [1988153906711412736].mp4,⋆ Blowjob Queen ⋆ - https：⧸⧸t.co⧸pyrZUhF7Hk [1988153906711412736].mp4,.mp4,12679542,2026-06-21T03:31:12.016Z,yes,no,yes
/mnt/spirit-8tb/media/tempTwitter/♠️ BBC ORGASM ♠️ 170K - The BBC will make your lover unrecognizable. You will witness for the... [2018756241900593153].mp4,♠️ BBC ORGASM ♠️ 170K - The BBC will make your lover unrecognizable. You will witness for the... [2018756241900593153].mp4,.mp4,4459928,2026-06-21T03:19:36.880Z,yes,no,yes
/mnt/spirit-8tb/media/tempTwitter/♡ Vanessa ♡︎ - Bunny says hi ：P [1892301280522993664].mp4,♡ Vanessa ♡︎ - Bunny says hi ：P [1892301280522993664].mp4,.mp4,752216,2026-06-21T04:02:33.770Z,yes,no,yes
/mnt/spirit-8tb/media/tempTwitter/♡ Vanessa ♡︎ - Feeling touchy [1849518132408287232].mp4,♡ Vanessa ♡︎ - Feeling touchy [1849518132408287232].mp4,.mp4,1224523,2026-06-21T03:20:30.802Z,yes,no,yes
/mnt/spirit-8tb/media/tempTwitter/♡ Vanessa ♡︎ - Jiggly wagon Wednesday ：P [1887190827883024384].mp4,♡ Vanessa ♡︎ - Jiggly wagon Wednesday ：P [1887190827883024384].mp4,.mp4,175739,2026-06-21T04:02:33.384Z,yes,no,yes
/mnt/spirit-8tb/media/tempTwitter/♡ Vanessa ♡︎ - Naughty or nice？ 💌 [1871573255552745472].mp4,♡ Vanessa ♡︎ - Naughty or nice？ 💌 [1871573255552745472].mp4,.mp4,554843,2026-06-21T04:02:33.015Z,yes,no,yes
/mnt/spirit-8tb/media/tempTwitter/♡ Vanessa ♡︎ - Oh hiiiii 👀 [1972689431162175489].mp4,♡ Vanessa ♡︎ - Oh hiiiii 👀 [1972689431162175489].mp4,.mp4,2025460,2026-06-21T03:20:30.298Z,yes,no,yes
/mnt/spirit-8tb/media/tempTwitter/♡ 𝐄𝐯𝐞 𝐃𝐚𝐫𝐥𝐢𝐧𝐠 ♡ - Trying my best to deepthroat @1BigSecretBoy's huge cock [1998107828222148608].mp4,♡ 𝐄𝐯𝐞 𝐃𝐚𝐫𝐥𝐢𝐧𝐠 ♡ - Trying my best to deepthroat @1BigSecretBoy's huge cock [1998107828222148608].mp4,.mp4,3180162,2026-06-21T03:31:32.508Z,yes,no,yes
/mnt/spirit-8tb/media/tempTwitter/♡ 𝐄𝐯𝐞 𝐃𝐚𝐫𝐥𝐢𝐧𝐠 ♡ - call me cute and give me head pats pls [1948648681848406021].mp4,♡ 𝐄𝐯𝐞 𝐃𝐚𝐫𝐥𝐢𝐧𝐠 ♡ - call me cute and give me head pats pls [1948648681848406021].mp4,.mp4,189069,2026-06-21T03:31:30.696Z,yes,no,yes
/mnt/spirit-8tb/media/tempTwitter/♡ 𝐄𝐯𝐞 𝐃𝐚𝐫𝐥𝐢𝐧𝐠 ♡ - wataaaa [1932898990808604672].mp4,♡ 𝐄𝐯𝐞 𝐃𝐚𝐫𝐥𝐢𝐧𝐠 ♡ - wataaaa [1932898990808604672].mp4,.mp4,11889847,2026-06-21T03:31:27.337Z,yes,no,yes
/mnt/spirit-8tb/media/tempTwitter/♥ KATE LOVES CUM ♥ - https：⧸⧸t.co⧸FOFNScJXe0 [2001464847339270144].mp4,♥ KATE LOVES CUM ♥ - https：⧸⧸t.co⧸FOFNScJXe0 [2001464847339270144].mp4,.mp4,2644006,2026-06-21T03:21:04.640Z,yes,no,yes
/mnt/spirit-8tb/media/tempTwitter/✦ CUMSLUT ✦ - https：⧸⧸t.co⧸HhWxGanu4Q [2005678079671181314].mp4,✦ CUMSLUT ✦ - https：⧸⧸t.co⧸HhWxGanu4Q [2005678079671181314].mp4,.mp4,3585145,2026-06-21T03:23:19.096Z,yes,no,yes
/mnt/spirit-8tb/media/tempTwitter/✧⁎ 𝓀𝑒𝒾 - is this enough？ [1791173317313138688].mp4,✧⁎ 𝓀𝑒𝒾 - is this enough？ [1791173317313138688].mp4,.mp4,137742,2026-06-21T03:59:35.884Z,yes,no,yes
/mnt/spirit-8tb/media/tempTwitter/かみぱっぱ - かみぱっぱ - こんなに大きな重りを付けているのに何という体幹だ…  地面になりたい [2030875714594201601].mp4,かみぱっぱ - かみぱっぱ - こんなに大きな重りを付けているのに何という体幹だ…  地面になりたい [2030875714594201601].mp4,.mp4,4898092,2026-06-30T04:18:53.771Z,yes,no,yes
/mnt/spirit-8tb/media/tempTwitter/パイズリアーカイブス - Hitomi姉さんのすごいパイ圧のパイズリ挟射！ [1990080237074538496].mp4,パイズリアーカイブス - Hitomi姉さんのすごいパイ圧のパイズリ挟射！ [1990080237074538496].mp4,.mp4,4656030,2026-06-21T03:45:34.497Z,yes,no,yes
/mnt/spirit-8tb/media/tempTwitter/パイズリアーカイブス - Qカップの教え子にぶっこ抜いてもらうパイズリ挟射🥵💦 [1969225684817231872].mp4,パイズリアーカイブス - Qカップの教え子にぶっこ抜いてもらうパイズリ挟射🥵💦 [1969225684817231872].mp4,.mp4,19692020,2026-06-21T03:53:49.058Z,yes,no,yes
/mnt/spirit-8tb/media/tempTwitter/パイズリアーカイブス - https：⧸⧸t.co⧸DKJ7IuBUpk [1958621986323931138].mp4,パイズリアーカイブス - https：⧸⧸t.co⧸DKJ7IuBUpk [1958621986323931138].mp4,.mp4,22192312,2026-06-21T03:52:17.456Z,yes,no,yes
/mnt/spirit-8tb/media/tempTwitter/パイズリアーカイブス - https：⧸⧸t.co⧸OLO7eNFlUz [1955284889563172865].mp4,パイズリアーカイブス - https：⧸⧸t.co⧸OLO7eNFlUz [1955284889563172865].mp4,.mp4,19023226,2026-06-21T03:52:42.422Z,yes,no,yes
/mnt/spirit-8tb/media/tempTwitter/パイズリアーカイブス - https：⧸⧸t.co⧸fIMm5rDJU5 [1955281925394010113].mp4,パイズリアーカイブス - https：⧸⧸t.co⧸fIMm5rDJU5 [1955281925394010113].mp4,.mp4,7023513,2026-06-21T03:53:04.971Z,yes,no,yes
/mnt/spirit-8tb/media/tempTwitter/パイズリアーカイブス - いっぱい出してぇ♡ と言われた通りにいっぱい出たパイズリ挟射 [1981102627506065408].mp4,パイズリアーカイブス - いっぱい出してぇ♡ と言われた通りにいっぱい出たパイズリ挟射 [1981102627506065408].mp4,.mp4,21274268,2026-06-21T03:59:17.847Z,yes,no,yes
/mnt/spirit-8tb/media/tempTwitter/パイズリアーカイブス - お風呂でちゃぷちゃぷパイズリ挟射 [1987520007119745024].mp4,パイズリアーカイブス - お風呂でちゃぷちゃぷパイズリ挟射 [1987520007119745024].mp4,.mp4,11456775,2026-06-21T03:48:13.429Z,yes,no,yes
/mnt/spirit-8tb/media/tempTwitter/パイズリアーカイブス - かわいい水着で永遠に搾り取られるパイズリ挟射 [1962606443288522752].mp4,パイズリアーカイブス - かわいい水着で永遠に搾り取られるパイズリ挟射 [1962606443288522752].mp4,.mp4,28537049,2026-06-21T03:51:18.430Z,yes,no,yes
/mnt/spirit-8tb/media/tempTwitter/パイズリアーカイブス - しおりんの乳マ○コに馬乗りパイズリしたら 大量ザーメン放出しすぎて笑われちゃった☺️ [1980738569200132096].mp4,パイズリアーカイブス - しおりんの乳マ○コに馬乗りパイズリしたら 大量ザーメン放出しすぎて笑われちゃった☺️ [1980738569200132096].mp4,.mp4,10309399,2026-06-21T04:01:47.497Z,yes,no,yes
/mnt/spirit-8tb/media/tempTwitter/パイズリアーカイブス - イヤらしい全身網タイツ衣装のパイズリ挟射シリーズパート2 [1980737246828412928].mp4,パイズリアーカイブス - イヤらしい全身網タイツ衣装のパイズリ挟射シリーズパート2 [1980737246828412928].mp4,.mp4,26875695,2026-06-21T04:01:27.144Z,yes,no,yes
/mnt/spirit-8tb/media/tempTwitter/パイズリアーカイブス - クソエロ看護婦さんがパイズリフェラで癒してくれる病院に入院したい…🥵🏥🥵 [1985089267908165632].mp4,パイズリアーカイブス - クソエロ看護婦さんがパイズリフェラで癒してくれる病院に入院したい…🥵🏥🥵 [1985089267908165632].mp4,.mp4,16115616,2026-06-21T03:51:44.709Z,yes,no,yes
/mnt/spirit-8tb/media/tempTwitter/パイズリアーカイブス - サキュバス姉さん最高すぎる… パイズリ挟射で全部搾り取って…🥵💦🥵💦🥵 [1990254872130883584].mp4,パイズリアーカイブス - サキュバス姉さん最高すぎる… パイズリ挟射で全部搾り取って…🥵💦🥵💦🥵 [1990254872130883584].mp4,.mp4,4619557,2026-06-21T03:45:24.953Z,yes,no,yes
/mnt/spirit-8tb/media/tempTwitter/パイズリアーカイブス - ニットからこぼれる超乳…えっぐ…♡ [1982921437125169152].mp4,パイズリアーカイブス - ニットからこぼれる超乳…えっぐ…♡ [1982921437125169152].mp4,.mp4,1141467,2026-06-21T03:55:42.927Z,yes,no,yes
/mnt/spirit-8tb/media/tempTwitter/パイズリアーカイブス - ヌーブラパイズリで静かに挟射 [2017708794852360192].mp4,パイズリアーカイブス - ヌーブラパイズリで静かに挟射 [2017708794852360192].mp4,.mp4,4265603,2026-06-21T03:21:21.121Z,yes,no,yes
/mnt/spirit-8tb/media/tempTwitter/パイズリアーカイブス - ネクタイにザーメンをぶち当てるコスプレパイズリ挟射 [1979665815763890176].mp4,パイズリアーカイブス - ネクタイにザーメンをぶち当てるコスプレパイズリ挟射 [1979665815763890176].mp4,.mp4,27931457,2026-06-21T04:00:56.451Z,yes,no,yes
/mnt/spirit-8tb/media/tempTwitter/パイズリアーカイブス - ムッチムチの乳マ○コでノーハンドパイズリ挟射 [1987200736531558400].mp4,パイズリアーカイブス - ムッチムチの乳マ○コでノーハンドパイズリ挟射 [1987200736531558400].mp4,.mp4,3357628,2026-06-21T03:47:56.528Z,yes,no,yes
/mnt/spirit-8tb/media/tempTwitter/パイズリアーカイブス - 大量噴射母乳パイズリ挟射 [1989578532272709632].mp4,パイズリアーカイブス - 大量噴射母乳パイズリ挟射 [1989578532272709632].mp4,.mp4,21020430,2026-06-21T03:46:48.236Z,yes,no,yes
/mnt/spirit-8tb/media/tempTwitter/国服第一瑶姬 - Chudai..🔞 [2020731447531933696].mp4,国服第一瑶姬 - Chudai..🔞 [2020731447531933696].mp4,.mp4,42942561,2026-06-21T03:18:01.169Z,yes,no,yes
/mnt/spirit-8tb/media/tempTwitter/𝐒ᩚ𝐄ᩚ𝐃ᩚ𝐀ᩚ𝐓ᩚ𝐄ᩚ𝐃ᩚ ᢉ𐭩🦇💓 - wataa 🙂‍↕️💗 [1903543657753399297].mp4,𝐒ᩚ𝐄ᩚ𝐃ᩚ𝐀ᩚ𝐓ᩚ𝐄ᩚ𝐃ᩚ ᢉ𐭩🦇💓 - wataa 🙂‍↕️💗 [1903543657753399297].mp4,.mp4,1714265,2026-06-21T03:56:48.026Z,yes,no,yes
/mnt/spirit-8tb/media/tempTwitter/𝐒𝐭𝐞𝐥𝐥𝐚 - can i put them in your face？ [1894440267609956352].mp4,𝐒𝐭𝐞𝐥𝐥𝐚 - can i put them in your face？ [1894440267609956352].mp4,.mp4,382774,2026-06-21T04:02:51.500Z,yes,no,yes
/mnt/spirit-8tb/media/tempTwitter/𝐒𝐭𝐞𝐥𝐥𝐚 - can you help me practice？ [1896628667570126848].mp4,𝐒𝐭𝐞𝐥𝐥𝐚 - can you help me practice？ [1896628667570126848].mp4,.mp4,199144,2026-06-21T04:02:51.789Z,yes,no,yes
/mnt/spirit-8tb/media/tempTwitter/𝐒𝐭𝐞𝐥𝐥𝐚 - drooly puppy &lt;3 [1893724843071184896].mp4,𝐒𝐭𝐞𝐥𝐥𝐚 - drooly puppy &lt;3 [1893724843071184896].mp4,.mp4,156992,2026-06-21T04:02:51.181Z,yes,no,yes
/mnt/spirit-8tb/media/tempTwitter/𝐒𝐭𝐞𝐥𝐥𝐚 - heres your titty tuesday post 💕 [1891895809488142336].mp4,𝐒𝐭𝐞𝐥𝐥𝐚 - heres your titty tuesday post 💕 [1891895809488142336].mp4,.mp4,302866,2026-06-21T04:02:50.936Z,yes,no,yes
/mnt/spirit-8tb/media/tempTwitter/𝐒𝐭𝐞𝐥𝐥𝐚 - hi ：3 [1887193329223319552].mp4,𝐒𝐭𝐞𝐥𝐥𝐚 - hi ：3 [1887193329223319552].mp4,.mp4,451032,2026-06-21T04:02:50.688Z,yes,no,yes
/mnt/spirit-8tb/media/tempTwitter/𝐒𝐭𝐞𝐥𝐥𝐚 - its tuesday so… [1876694371048857600].mp4,𝐒𝐭𝐞𝐥𝐥𝐚 - its tuesday so… [1876694371048857600].mp4,.mp4,376902,2026-06-21T04:02:48.727Z,yes,no,yes
/mnt/spirit-8tb/media/tempTwitter/𝐒𝐭𝐞𝐥𝐥𝐚 - mouth monday &lt;3 [1876340515676844032].mp4,𝐒𝐭𝐞𝐥𝐥𝐚 - mouth monday &lt;3 [1876340515676844032].mp4,.mp4,191183,2026-06-21T04:02:48.140Z,yes,no,yes
/mnt/spirit-8tb/media/tempTwitter/𝐒𝐭𝐞𝐥𝐥𝐚 - wanna be cuddle buddies？ [1878133846752849920].mp4,𝐒𝐭𝐞𝐥𝐥𝐚 - wanna be cuddle buddies？ [1878133846752849920].mp4,.mp4,275188,2026-06-21T04:02:49.914Z,yes,no,yes
/mnt/spirit-8tb/media/tempTwitter/𝐒𝐭𝐞𝐥𝐥𝐚 - would youuu… wanna makeout？ perchance？ [1901689632276041728].mp4,𝐒𝐭𝐞𝐥𝐥𝐚 - would youuu… wanna makeout？ perchance？ [1901689632276041728].mp4,.mp4,176677,2026-06-21T04:02:52.073Z,yes,no,yes
/mnt/spirit-8tb/media/tempTwitter/𝐵𝑖𝑥𝑖𝑒 - now imagine it on your 🍆 💦 [1704292116938018817].mp4,𝐵𝑖𝑥𝑖𝑒 - now imagine it on your 🍆 💦 [1704292116938018817].mp4,.mp4,1871553,2026-06-21T04:02:56.306Z,yes,no,yes
/mnt/spirit-8tb/media/tempTwitter/𝑨𝒏𝒂 💗 $3 OF 🇧🇷 - me chupa em público？ 😈  se tiver bastante rt eu faço um pack gozando ... [1363982303274352641].mp4,𝑨𝒏𝒂 💗 $3 OF 🇧🇷 - me chupa em público？ 😈  se tiver bastante rt eu faço um pack gozando ... [1363982303274352641].mp4,.mp4,6214571,2026-06-21T03:34:10.491Z,yes,no,yes
/mnt/spirit-8tb/media/tempTwitter/𝑳𝙞𝒍𝙡𝒚 ♱ - Assjob till he squirms and spurts his cum all over me~ [1984114614766862336].mp4,𝑳𝙞𝒍𝙡𝒚 ♱ - Assjob till he squirms and spurts his cum all over me~ [1984114614766862336].mp4,.mp4,2353453,2026-06-21T03:54:56.936Z,yes,no,yes
"/mnt/spirit-8tb/media/tempTwitter/𝑳𝙞𝒍𝙡𝒚 ♱ - NNN Day 3：  Think I'm gonna make this a daily thing, ya know, checkin... [1985159429419933697].mp4","𝑳𝙞𝒍𝙡𝒚 ♱ - NNN Day 3：  Think I'm gonna make this a daily thing, ya know, checkin... [1985159429419933697].mp4",.mp4,5188619,2026-06-21T03:54:53.908Z,yes,no,yes
/mnt/spirit-8tb/media/tempTwitter/𝒞𝓊𝓇𝓋𝓎 𝒞𝒽ℯ𝓇𝓇𝓎 🍒 NO PPV VIP⇩ - Wataa ♡︎ [1989773493366386688].mp4,𝒞𝓊𝓇𝓋𝓎 𝒞𝒽ℯ𝓇𝓇𝓎 🍒 NO PPV VIP⇩ - Wataa ♡︎ [1989773493366386688].mp4,.mp4,4902945,2026-06-21T03:45:46.190Z,yes,no,yes
/mnt/spirit-8tb/media/tempTwitter/𝓟𝓾𝓹𝓹𝔂𝓑𝓾𝓷𝓼 ໒꒰´ཀ`꒱১ - 1 thing about me： I fucking love sickboyrari [1948746221213945856].mp4,𝓟𝓾𝓹𝓹𝔂𝓑𝓾𝓷𝓼 ໒꒰´ཀ`꒱১ - 1 thing about me： I fucking love sickboyrari [1948746221213945856].mp4,.mp4,2068760,2026-06-21T03:47:37.696Z,yes,no,yes
/mnt/spirit-8tb/media/tempTwitter/𝓟𝓾𝓹𝓹𝔂𝓑𝓾𝓷𝓼 ໒꒰´ཀ`꒱১ - OMG I FORGOT TO POST THIS FOR PUPBUNS DAY BAHAHAHA [1963644374786428928].mp4,𝓟𝓾𝓹𝓹𝔂𝓑𝓾𝓷𝓼 ໒꒰´ཀ`꒱১ - OMG I FORGOT TO POST THIS FOR PUPBUNS DAY BAHAHAHA [1963644374786428928].mp4,.mp4,917708,2026-06-21T03:47:39.790Z,yes,no,yes
/mnt/spirit-8tb/media/tempTwitter/𝓟𝓾𝓹𝓹𝔂𝓑𝓾𝓷𝓼 ໒꒰´ཀ`꒱১ - SHAMELESS PUPPY REPOST &gt;：3 [1807711575199055873].mp4,𝓟𝓾𝓹𝓹𝔂𝓑𝓾𝓷𝓼 ໒꒰´ཀ`꒱১ - SHAMELESS PUPPY REPOST &gt;：3 [1807711575199055873].mp4,.mp4,491552,2026-06-21T03:37:44.601Z,yes,no,yes
/mnt/spirit-8tb/media/tempTwitter/𝓟𝓾𝓹𝓹𝔂𝓑𝓾𝓷𝓼 ໒꒰´ཀ`꒱১ - Touching yourself？ This early？!？! On a Tuesday？!？!？!？! [1967964717252562944].mp4,𝓟𝓾𝓹𝓹𝔂𝓑𝓾𝓷𝓼 ໒꒰´ཀ`꒱১ - Touching yourself？ This early？!？! On a Tuesday？!？!？!？! [1967964717252562944].mp4,.mp4,2069163,2026-06-21T03:47:42.217Z,yes,no,yes
/mnt/spirit-8tb/media/tempTwitter/𝓟𝓾𝓹𝓹𝔂𝓑𝓾𝓷𝓼 ໒꒰´ཀ`꒱১ - can I cum over &amp; bounce on you like this？？ [1971286170303700992].mp4,𝓟𝓾𝓹𝓹𝔂𝓑𝓾𝓷𝓼 ໒꒰´ཀ`꒱১ - can I cum over &amp; bounce on you like this？？ [1971286170303700992].mp4,.mp4,2282418,2026-06-21T03:47:44.610Z,yes,no,yes
/mnt/spirit-8tb/media/tempTwitter/𝔟𝔦𝔫𝔞𝔟𝔞𝔢 - Come play with me~  #nsfwtwt #asian #alt [2016978866431016960].mp4,𝔟𝔦𝔫𝔞𝔟𝔞𝔢 - Come play with me~  #nsfwtwt #asian #alt [2016978866431016960].mp4,.mp4,2716303,2026-06-21T03:20:41.097Z,yes,no,yes
/mnt/spirit-8tb/media/tempTwitter/𝔟𝔦𝔫𝔞𝔟𝔞𝔢 - Cum for me baby &lt;3  #nsfwtwtًً  #asian #alt [2017877491700965376].mp4,𝔟𝔦𝔫𝔞𝔟𝔞𝔢 - Cum for me baby &lt;3  #nsfwtwtًً  #asian #alt [2017877491700965376].mp4,.mp4,1413717,2026-06-21T03:20:49.332Z,yes,no,yes
/mnt/spirit-8tb/media/tempTwitter/𝔟𝔦𝔫𝔞𝔟𝔞𝔢 - Good morning &lt;3333  #nsfwtwtًً  #asian #alt [2017514956212617216].mp4,𝔟𝔦𝔫𝔞𝔟𝔞𝔢 - Good morning &lt;3333  #nsfwtwtًً  #asian #alt [2017514956212617216].mp4,.mp4,779264,2026-06-21T03:20:47.860Z,yes,no,yes
/mnt/spirit-8tb/media/tempTwitter/𝔟𝔦𝔫𝔞𝔟𝔞𝔢 - Heyyyyy ：3  #nsfwtwt #asian #alt [2016543857953865728].mp4,𝔟𝔦𝔫𝔞𝔟𝔞𝔢 - Heyyyyy ：3  #nsfwtwt #asian #alt [2016543857953865728].mp4,.mp4,1838617,2026-06-21T03:20:38.979Z,yes,no,yes
/mnt/spirit-8tb/media/tempTwitter/𝔟𝔦𝔫𝔞𝔟𝔞𝔢 - Morninngggg ：3 [2020795247790292992].mp4,𝔟𝔦𝔫𝔞𝔟𝔞𝔢 - Morninngggg ：3 [2020795247790292992].mp4,.mp4,239112,2026-06-21T03:17:31.338Z,yes,no,yes
/mnt/spirit-8tb/media/tempTwitter/𝔟𝔦𝔫𝔞𝔟𝔞𝔢 - Repost for a treat in your dms ：3🖤  #nsfwtwtًً #asian #alt [1996666670119579648].mp4,𝔟𝔦𝔫𝔞𝔟𝔞𝔢 - Repost for a treat in your dms ：3🖤  #nsfwtwtًً #asian #alt [1996666670119579648].mp4,.mp4,786772,2026-06-21T03:20:35.963Z,yes,no,yes
/mnt/spirit-8tb/media/tempTwitter/𝔟𝔦𝔫𝔞𝔟𝔞𝔢 - Thanks for 1k &lt;3 [2018344774659416064].mp4,𝔟𝔦𝔫𝔞𝔟𝔞𝔢 - Thanks for 1k &lt;3 [2018344774659416064].mp4,.mp4,1856434,2026-06-21T03:20:51.054Z,yes,no,yes
/mnt/spirit-8tb/media/tempTwitter/𝔟𝔦𝔫𝔞𝔟𝔞𝔢 - Treat me like a good girl &lt;3  #nsfwtwtًً #alt #asian [2017156322467192832].mp4,𝔟𝔦𝔫𝔞𝔟𝔞𝔢 - Treat me like a good girl &lt;3  #nsfwtwtًً #alt #asian [2017156322467192832].mp4,.mp4,1325854,2026-06-21T03:20:44.985Z,yes,no,yes
/mnt/spirit-8tb/media/tempTwitter/𝕯𝖆𝖉𝖉𝖞 𝕷𝖊𝖝 - May I sit？😝 [1888023438037528576].mp4,𝕯𝖆𝖉𝖉𝖞 𝕷𝖊𝖝 - May I sit？😝 [1888023438037528576].mp4,.mp4,1905103,2026-06-21T03:24:24.837Z,yes,no,yes
/mnt/spirit-8tb/media/tempTwitter/𝕯𝖆𝖉𝖉𝖞 𝕷𝖊𝖝 - Wataa 😋 [1960732586851909633].mp4,𝕯𝖆𝖉𝖉𝖞 𝕷𝖊𝖝 - Wataa 😋 [1960732586851909633].mp4,.mp4,3091240,2026-06-21T03:24:26.686Z,yes,no,yes
/mnt/spirit-8tb/media/tempTwitter/𝖍𝖆𝖎𝖑𝖊𝖞 𝖖𝖚𝖊𝖊𝖓 🔥 - wataa 🍆 [1910350660685463552].mp4,𝖍𝖆𝖎𝖑𝖊𝖞 𝖖𝖚𝖊𝖊𝖓 🔥 - wataa 🍆 [1910350660685463552].mp4,.mp4,1147216,2026-06-21T03:55:25.808Z,yes,no,yes
/mnt/spirit-8tb/media/tempTwitter/𝖍𝖆𝖎𝖑𝖊𝖞 𝖖𝖚𝖊𝖊𝖓 🔥 - wataa 🎃🍆 [1984282454861963264].mp4,𝖍𝖆𝖎𝖑𝖊𝖞 𝖖𝖚𝖊𝖊𝖓 🔥 - wataa 🎃🍆 [1984282454861963264].mp4,.mp4,2294101,2026-06-21T03:55:30.817Z,yes,no,yes
/mnt/spirit-8tb/media/tempTwitter/𝖍𝖆𝖎𝖑𝖊𝖞 𝖖𝖚𝖊𝖊𝖓 🔥 - wataa 🤤 [1923774990320545792].mp4,𝖍𝖆𝖎𝖑𝖊𝖞 𝖖𝖚𝖊𝖊𝖓 🔥 - wataa 🤤 [1923774990320545792].mp4,.mp4,2794386,2026-06-21T03:55:27.921Z,yes,no,yes
/mnt/spirit-8tb/media/tempTwitter/𝗙𝗿𝗮𝗻𝗸 𝗖𝘂𝘁𝗲𝘅 💫 - Which soda is the fizziest ？ 😳😳😳 [1982076952241434624].mp4,𝗙𝗿𝗮𝗻𝗸 𝗖𝘂𝘁𝗲𝘅 💫 - Which soda is the fizziest ？ 😳😳😳 [1982076952241434624].mp4,.mp4,9305626,2026-06-21T03:55:59.815Z,yes,no,yes
/mnt/spirit-8tb/media/tempTwitter/𝙊𝙗𝙚𝙙𝙞𝙚𝙣𝙩 𝙒𝙝𝙤𝙧𝙚𝙨 - #Obedientmonday #public  The guy wants his money from that chick that... [1960274370405793792].mp4,𝙊𝙗𝙚𝙙𝙞𝙚𝙣𝙩 𝙒𝙝𝙤𝙧𝙚𝙨 - #Obedientmonday #public  The guy wants his money from that chick that... [1960274370405793792].mp4,.mp4,123674360,2026-06-21T03:44:31.333Z,yes,no,yes
/mnt/spirit-8tb/media/tempTwitter/𝙑𝙤𝙡𝙪𝙥𝙩𝙪𝙤𝙪𝙨 𝙑𝙮𝙗𝙚𝙯 💖(ᴾᵒʳⁿ ᴹᵒᵐᵐʸ ⁺)💫 - Wataa 💦 [1987066296333217792].mp4,𝙑𝙤𝙡𝙪𝙥𝙩𝙪𝙤𝙪𝙨 𝙑𝙮𝙗𝙚𝙯 💖(ᴾᵒʳⁿ ᴹᵒᵐᵐʸ ⁺)💫 - Wataa 💦 [1987066296333217792].mp4,.mp4,4470649,2026-06-21T03:51:58.494Z,yes,no,yes
/mnt/spirit-8tb/media/tempTwitter/𝙰𝚑𝚖a𝚍👻 - Learning how to be the ultimate wife in one easy course. [1993351124615659521].mp4,𝙰𝚑𝚖a𝚍👻 - Learning how to be the ultimate wife in one easy course. [1993351124615659521].mp4,.mp4,3480557,2026-06-21T03:43:53.060Z,yes,no,yes
/mnt/spirit-8tb/media/tempTwitter/𝚖𝚊𝚢𝚋𝚎 𝚕𝚎𝚗𝚊🐾 - meow [2004259601852624896].mp4,𝚖𝚊𝚢𝚋𝚎 𝚕𝚎𝚗𝚊🐾 - meow [2004259601852624896].mp4,.mp4,2200354,2026-06-21T03:25:15.662Z,yes,no,yes
/mnt/spirit-8tb/media/tempTwitter/😵‍💫 D.P Lovecraft - https：⧸⧸t.co⧸ObzfB0RMj4 [1993474865253232640].mp4,😵‍💫 D.P Lovecraft - https：⧸⧸t.co⧸ObzfB0RMj4 [1993474865253232640].mp4,.mp4,8020544,2026-06-21T03:32:28.102Z,yes,no,yes
/mnt/spirit-8tb/media/tempTwitter/😵‍💫 D.P Lovecraft - https：⧸⧸t.co⧸QPZjLTEXOC [1980685750053031936].mp4,😵‍💫 D.P Lovecraft - https：⧸⧸t.co⧸QPZjLTEXOC [1980685750053031936].mp4,.mp4,4619931,2026-06-21T03:24:36.420Z,yes,no,yes
/mnt/spirit-8tb/media/tempTwitter/🤠 briii 🤠 - Can I use your 🍆 instead？ [1889783517132750848].mp4,🤠 briii 🤠 - Can I use your 🍆 instead？ [1889783517132750848].mp4,.mp4,1146686,2026-06-21T04:02:54.419Z,yes,no,yes
"/mnt/spirit-8tb/media/tempTwitter/🤠 briii 🤠 - The doctor said to take it easy, but I don’t think this is what he me... [1822085491346321408].mp4","🤠 briii 🤠 - The doctor said to take it easy, but I don’t think this is what he me... [1822085491346321408].mp4",.mp4,1217460,2026-06-21T04:02:52.768Z,yes,no,yes
/mnt/spirit-8tb/media/tempTwitter/🥥 𝙇𝘼𝙏𝘼𝙈 🥥 - cartels collectively trembling [1982485817214828544].mp4,🥥 𝙇𝘼𝙏𝘼𝙈 🥥 - cartels collectively trembling [1982485817214828544].mp4,.mp4,1542958,2026-06-21T03:55:53.139Z,yes,no,yes
