location,path,filename,extension,size_bytes,size_human,modified_time,created_time,probe_ok,container,duration_seconds,video_codec,audio_codec,width,height
current-yes,/mnt/spirit-8tb/media/yes/Natalie Roush Teases Her Thicc Booty Twerking in Leaked Onlyfans.mp4,Natalie Roush Teases Her Thicc Booty Twerking in Leaked Onlyfans.mp4,.mp4,29729437,28.35 MiB,2026-06-16T00:04:06.117875,2026-06-20T19:20:07.491800,true,"mov,mp4,m4a,3gp,3g2,mj2",70.799708,h264,aac,1080,1920
current-yes,/mnt/spirit-8tb/media/yes/RisqueCore Vid 73.mp4,RisqueCore Vid 73.mp4,.mp4,12627218,12.04 MiB,2026-06-16T16:38:18.694039,2026-06-20T19:11:25.759750,true,"mov,mp4,m4a,3gp,3g2,mj2",15.724042,h264,aac,624,1080
current-yes,/mnt/spirit-8tb/media/yes/Devorah Roloff Gives A Vibrator A Good Sucking Devorah Roloff On.mp4,Devorah Roloff Gives A Vibrator A Good Sucking Devorah Roloff On.mp4,.mp4,28786776,27.45 MiB,2026-06-15T20:04:01.602942,2026-06-20T19:29:14.267118,true,"mov,mp4,m4a,3gp,3g2,mj2",117.863991,h264,aac,406,720
current-yes,/mnt/spirit-8tb/media/yes/Sava.schultz Nudes Boobs PPV OnlyFans Video Leaked.mp4,Sava.schultz Nudes Boobs PPV OnlyFans Video Leaked.mp4,.mp4,2190746,2.09 MiB,2026-06-16T16:20:28.742532,2026-06-16T16:20:28.742532,true,"mov,mp4,m4a,3gp,3g2,mj2",43.863991,h264,aac,270,480
current-yes,/mnt/spirit-8tb/media/yes/Sava.schultz Nude Solo Tease OnlyFans Video Leaked.mp4,Sava.schultz Nude Solo Tease OnlyFans Video Leaked.mp4,.mp4,10632457,10.14 MiB,2026-06-14T20:57:23.923503,2026-06-14T20:57:24.469510,true,"mov,mp4,m4a,3gp,3g2,mj2",131.823991,h264,aac,406,720
current-yes,/mnt/spirit-8tb/media/yes/Aaliyah Yasin Tits Cummed After BJ Onlyfans UsualFans.mp4,Aaliyah Yasin Tits Cummed After BJ Onlyfans UsualFans.mp4,.mp4,116748419,111.34 MiB,2026-06-19T05:33:11.559021,2026-06-20T19:17:11.191429,true,"mov,mp4,m4a,3gp,3g2,mj2",518.634667,h264,aac,1280,720
current-yes,/mnt/spirit-8tb/media/yes/Lika Busy Got Horny while Walking in the Woods and Asked My Frie.mp4,Lika Busy Got Horny while Walking in the Woods and Asked My Frie.mp4,.mp4,360978436,344.26 MiB,2026-06-17T09:51:27.843708,2026-06-17T09:51:27.843708,true,"mov,mp4,m4a,3gp,3g2,mj2",625.516333,h264,aac,1920,1080
current-yes,/mnt/spirit-8tb/media/yes/Allinika the Girl Knows how to Distract from the Game. Beeg.mp4,Allinika the Girl Knows how to Distract from the Game. Beeg.mp4,.mp4,405979748,387.17 MiB,2026-06-17T04:18:41.761944,2026-06-20T19:10:07.073675,true,"mov,mp4,m4a,3gp,3g2,mj2",707.001179,h264,aac,1920,1080
current-yes,/mnt/spirit-8tb/media/yes/b4b6c2d0fc023a2f9bff6ffb4865c66444afe6ffb05a331d1fa29a3f50d181b4.mp4,b4b6c2d0fc023a2f9bff6ffb4865c66444afe6ffb05a331d1fa29a3f50d181b4.mp4,.mp4,14761627,14.08 MiB,2026-06-20T19:02:21.927409,2026-06-20T19:24:31.520339,true,"mov,mp4,m4a,3gp,3g2,mj2",13.1131,h264,aac,1080,1920
current-yes,/mnt/spirit-8tb/media/yes/Devorah Roloff OnlyFans For Free May-2024 7.mp4,Devorah Roloff OnlyFans For Free May-2024 7.mp4,.mp4,27759013,26.47 MiB,2026-06-15T20:15:04.098131,2026-06-20T19:13:51.309728,true,"mov,mp4,m4a,3gp,3g2,mj2",67.263991,h264,aac,1920,1080
current-yes,/mnt/spirit-8tb/media/yes/v 2.mp4,v 2.mp4,.mp4,396968314,378.58 MiB,2026-06-20T19:02:21.181400,2026-06-20T19:15:36.035145,true,"mov,mp4,m4a,3gp,3g2,mj2",1756.297,h264,aac,1280,720
current-yes,/mnt/spirit-8tb/media/yes/spiritos-test-video-2.mp4,spiritos-test-video-2.mp4,.mp4,146843,143.40 KiB,2026-06-16T16:15:03.016279,2026-06-16T16:15:03.016279,true,"mov,mp4,m4a,3gp,3g2,mj2",10,h264,aac,640,360
current-yes,/mnt/spirit-8tb/media/yes/Devorah Roloff Car Flashing Full Nude PPV.mp4,Devorah Roloff Car Flashing Full Nude PPV.mp4,.mp4,104687855,99.84 MiB,2026-06-15T19:55:53.405723,2026-06-20T19:10:00.357583,true,"mov,mp4,m4a,3gp,3g2,mj2",166.235962,h264,aac,1918,994
current-yes,/mnt/spirit-8tb/media/yes/Urfavbellabby Fucked On The Golf Course Video Leaked.mp4,Urfavbellabby Fucked On The Golf Course Video Leaked.mp4,.mp4,22609952,21.56 MiB,2026-06-17T08:20:35.104453,2026-06-17T08:20:35.104453,true,"mov,mp4,m4a,3gp,3g2,mj2",357.943991,h264,aac,270,480
current-yes,/mnt/spirit-8tb/media/yes/484374_720p.mp4,484374_720p.mp4,.mp4,58233262,55.54 MiB,2026-06-20T18:45:45.738230,2026-06-20T18:47:37.753712,true,"mov,mp4,m4a,3gp,3g2,mj2",543.850667,h264,aac,406,720
current-yes,/mnt/spirit-8tb/media/yes/334120.mp4,334120.mp4,.mp4,42033794,40.09 MiB,2026-06-15T18:14:11.615235,2026-06-20T19:11:20.057672,true,"mov,mp4,m4a,3gp,3g2,mj2",598.586015,h264,aac,854,480
current-yes,/mnt/spirit-8tb/media/yes/360 5.mp4,360 5.mp4,.mp4,25504571,24.32 MiB,2026-06-15T18:28:53.279884,2026-06-15T18:28:53.279884,true,"mov,mp4,m4a,3gp,3g2,mj2",484.9845,h264,aac,640,360
current-yes,/mnt/spirit-8tb/media/yes/c60133f91ac7a5f18769c96232cd4d9b03e85cc5ce8e0be365d73cf81d675d6e.mp4,c60133f91ac7a5f18769c96232cd4d9b03e85cc5ce8e0be365d73cf81d675d6e.mp4,.mp4,15958995,15.22 MiB,2026-06-20T19:02:22.370415,2026-06-20T19:33:08.152238,true,"mov,mp4,m4a,3gp,3g2,mj2",14.180833,h264,aac,1076,1652
current-yes,/mnt/spirit-8tb/media/yes/Ruth Lee Savors Cock In POV.mp4,Ruth Lee Savors Cock In POV.mp4,.mp4,310659988,296.27 MiB,2026-06-17T20:18:26.260615,2026-06-20T19:28:42.371692,true,"mov,mp4,m4a,3gp,3g2,mj2",1100.065633,h264,aac,1280,720
current-yes,/mnt/spirit-8tb/media/yes/Ruth Lees Seductive Jerk Off Instructions.mp4,Ruth Lees Seductive Jerk Off Instructions.mp4,.mp4,48482255,46.24 MiB,2026-06-17T19:38:18.019134,2026-06-20T19:33:32.404562,true,"mov,mp4,m4a,3gp,3g2,mj2",361.527833,h264,aac,406,720
current-yes,/mnt/spirit-8tb/media/yes/Devorah Roloff Video 47 Newest Porn Leaks - OnlyFans Leak Video.mp4,Devorah Roloff Video 47 Newest Porn Leaks - OnlyFans Leak Video.mp4,.mp4,15764095,15.03 MiB,2026-06-15T20:40:35.038682,2026-06-15T20:40:35.038682,true,"mov,mp4,m4a,3gp,3g2,mj2",82.988231,h264,aac,1280,720
current-yes,/mnt/spirit-8tb/media/yes/Devorah Roloff Video 49 Newest Porn Leaks - OnlyFans Leak Video.mp4,Devorah Roloff Video 49 Newest Porn Leaks - OnlyFans Leak Video.mp4,.mp4,14649290,13.97 MiB,2026-06-15T20:41:45.978650,2026-06-20T19:35:44.805327,true,"mov,mp4,m4a,3gp,3g2,mj2",220.891224,h264,aac,332,720
current-yes,/mnt/spirit-8tb/media/yes/Heyimbee Onlyfans Leaked Video Teases a Milky Messy Shower PPV.mp4,Heyimbee Onlyfans Leaked Video Teases a Milky Messy Shower PPV.mp4,.mp4,2912791,2.78 MiB,2026-06-15T21:24:20.084649,2026-06-15T21:24:20.084649,true,"mov,mp4,m4a,3gp,3g2,mj2",43.862993,h264,aac,406,720
current-yes,/mnt/spirit-8tb/media/yes/217809.mp4,217809.mp4,.mp4,43059784,41.07 MiB,2026-06-15T18:12:00.035040,2026-06-15T18:12:00.035040,true,"mov,mp4,m4a,3gp,3g2,mj2",641.142031,h264,aac,270,480
current-yes,/mnt/spirit-8tb/media/yes/DR 024.mp4.mp4,DR 024.mp4.mp4,.mp4,11731046,11.19 MiB,2026-06-15T19:49:42.057717,2026-06-20T19:09:36.437255,true,"mov,mp4,m4a,3gp,3g2,mj2",14.213833,h264,aac,1080,1920
current-yes,/mnt/spirit-8tb/media/yes/video-2026-06-19T10-12-48.740Z.mp4,video-2026-06-19T10-12-48.740Z.mp4,.mp4,447868024,427.12 MiB,2026-06-20T20:04:56.434856,2026-06-20T20:04:56.441856,true,"mov,mp4,m4a,3gp,3g2,mj2",1482.794667,h264,aac,1290,720
current-yes,/mnt/spirit-8tb/media/yes/DR 023.mp4.mp4,DR 023.mp4.mp4,.mp4,18329470,17.48 MiB,2026-06-15T19:48:28.983714,2026-06-20T19:10:18.125826,true,"mov,mp4,m4a,3gp,3g2,mj2",22.847458,h264,aac,1080,1920
current-yes,/mnt/spirit-8tb/media/yes/3869.mp4,3869.mp4,.mp4,42913012,40.93 MiB,2026-06-15T18:36:18.804189,2026-06-15T18:36:18.804189,true,"mov,mp4,m4a,3gp,3g2,mj2",614.04,h264,aac,270,480
current-yes,/mnt/spirit-8tb/media/yes/Brenda Trindade gets a messy facial in POV outdoor action.mp4,Brenda Trindade gets a messy facial in POV outdoor action.mp4,.mp4,29644204,28.27 MiB,2026-06-17T08:24:19.059596,2026-06-17T08:24:19.059596,true,"mov,mp4,m4a,3gp,3g2,mj2",222.983991,h264,aac,402,720
current-yes,/mnt/spirit-8tb/media/yes/Hey I M Bee AKA Heyimbee Playing With Herself Soft Mouth Sounds.mp4,Hey I M Bee AKA Heyimbee Playing With Herself Soft Mouth Sounds.mp4,.mp4,32655028,31.14 MiB,2026-06-15T21:03:22.736084,2026-06-20T19:12:44.850826,true,"mov,mp4,m4a,3gp,3g2,mj2",80.022,h264,aac,720,1280
current-yes,/mnt/spirit-8tb/media/yes/Ruth Lee Squirts While Getting Pounded.mp4,Ruth Lee Squirts While Getting Pounded.mp4,.mp4,158090107,150.77 MiB,2026-06-17T19:58:34.766270,2026-06-20T19:35:39.584257,true,"mov,mp4,m4a,3gp,3g2,mj2",945.941,h264,aac,406,720
current-yes,/mnt/spirit-8tb/media/yes/Cece Rose Practices BJ Skills With A Dildo.mp4,Cece Rose Practices BJ Skills With A Dildo.mp4,.mp4,35573585,33.93 MiB,2026-06-17T08:15:16.960407,2026-06-20T19:29:16.747151,true,"mov,mp4,m4a,3gp,3g2,mj2",306.572933,h264,aac,404,720
current-yes,/mnt/spirit-8tb/media/yes/Crazy Hot Canadian Chick Urfavbellabby Banged Deep.mp4,Crazy Hot Canadian Chick Urfavbellabby Banged Deep.mp4,.mp4,21002722,20.03 MiB,2026-06-17T08:18:52.368469,2026-06-17T08:18:52.368469,true,"mov,mp4,m4a,3gp,3g2,mj2",463.343991,h264,aac,270,480
current-yes,/mnt/spirit-8tb/media/yes/Comatozze Girl Seduces Serviceman in Hotel No Chance Big Ass Tit.mp4,Comatozze Girl Seduces Serviceman in Hotel No Chance Big Ass Tit.mp4,.mp4,390344532,372.26 MiB,2026-06-17T00:46:54.233036,2026-06-20T19:10:44.823191,true,"mov,mp4,m4a,3gp,3g2,mj2",939.966,h264,aac,1920,1080
current-yes,/mnt/spirit-8tb/media/yes/Jakara Mitchell Bounces Her Bubble Butt On His Dick.mp4,Jakara Mitchell Bounces Her Bubble Butt On His Dick.mp4,.mp4,63601292,60.65 MiB,2026-06-17T08:34:29.064429,2026-06-17T08:34:29.064429,true,"mov,mp4,m4a,3gp,3g2,mj2",718.383991,h264,aac,406,720
current-yes,/mnt/spirit-8tb/media/yes/Heyimbee - Busty E-Girl Onlyfans Leaked - Fapdungeon.mp4,Heyimbee - Busty E-Girl Onlyfans Leaked - Fapdungeon.mp4,.mp4,5393918,5.14 MiB,2026-06-15T21:20:23.864519,2026-06-15T21:20:23.864519,true,"mov,mp4,m4a,3gp,3g2,mj2",16.996292,h264,aac,1080,1920
current-yes,/mnt/spirit-8tb/media/yes/Heyimbee pov Dirty Tray On Video Leaked.mp4,Heyimbee pov Dirty Tray On Video Leaked.mp4,.mp4,6567682,6.26 MiB,2026-06-15T21:33:37.830050,2026-06-15T21:33:37.830050,true,"mov,mp4,m4a,3gp,3g2,mj2",100.457333,h264,aac,860,444
current-yes,/mnt/spirit-8tb/media/yes/Candy Love Nut on Me and then Lets Fuck Beeg.mp4,Candy Love Nut on Me and then Lets Fuck Beeg.mp4,.mp4,914697,893.26 KiB,2026-06-17T14:11:00.655054,2026-06-20T19:09:02.615791,true,"mov,mp4,m4a,3gp,3g2,mj2",3.52,h264,aac,1920,1080
current-yes,/mnt/spirit-8tb/media/yes/Devorah Roloff Nude Leaked OnlyFans Video 348 - Ibradome.mp4,Devorah Roloff Nude Leaked OnlyFans Video 348 - Ibradome.mp4,.mp4,14137620,13.48 MiB,2026-06-15T20:13:20.368809,2026-06-20T19:27:11.641480,true,"mov,mp4,m4a,3gp,3g2,mj2",60.518792,hevc,aac,1280,720
current-yes,/mnt/spirit-8tb/media/yes/Ruth Lee Makes Her BF Cum Twice.mp4,Ruth Lee Makes Her BF Cum Twice.mp4,.mp4,538715020,513.76 MiB,2026-06-17T20:31:30.478807,2026-06-20T19:24:39.377444,true,"mov,mp4,m4a,3gp,3g2,mj2",1539.136,h264,aac,1280,720
current-yes,/mnt/spirit-8tb/media/yes/HeyImBee Leaked OF Video Teases Her Perfect Curves in Raw Uncut.mp4,HeyImBee Leaked OF Video Teases Her Perfect Curves in Raw Uncut.mp4,.mp4,87565606,83.51 MiB,2026-06-15T21:14:58.146211,2026-06-15T21:14:58.146211,true,"mov,mp4,m4a,3gp,3g2,mj2",1822.142993,h264,aac,854,480
current-yes,/mnt/spirit-8tb/media/yes/My Porn Plugg Stepsister Couch Footjob After Work Beeg.mp4,My Porn Plugg Stepsister Couch Footjob After Work Beeg.mp4,.mp4,246030533,234.63 MiB,2026-06-17T09:02:17.843381,2026-06-20T19:10:30.365993,true,"mov,mp4,m4a,3gp,3g2,mj2",800.041333,h264,aac,1920,1080
current-yes,/mnt/spirit-8tb/media/yes/Sava Schultz Squeezy Nude Big Nature Boobs POV Onlyfans Video.mp4,Sava Schultz Squeezy Nude Big Nature Boobs POV Onlyfans Video.mp4,.mp4,20158974,19.23 MiB,2026-06-16T16:42:05.174485,2026-06-20T19:12:55.126966,true,"mov,mp4,m4a,3gp,3g2,mj2",46.08,h264,aac,392,720
current-yes,/mnt/spirit-8tb/media/yes/Devorah Roloff ONLY FANS Licking Vibrating toy.mp4,Devorah Roloff ONLY FANS Licking Vibrating toy.mp4,.mp4,6376114,6.08 MiB,2026-06-15T20:15:02.862115,2026-06-15T20:15:02.862115,true,"mov,mp4,m4a,3gp,3g2,mj2",68.183991,h264,aac,406,720
current-yes,/mnt/spirit-8tb/media/yes/Ruth Lees ASMR Sloppy Blowjob.mp4,Ruth Lees ASMR Sloppy Blowjob.mp4,.mp4,95581470,91.15 MiB,2026-06-17T19:53:34.610712,2026-06-20T19:17:48.618933,true,"mov,mp4,m4a,3gp,3g2,mj2",495.537007,h264,aac,1280,720
current-yes,/mnt/spirit-8tb/media/yes/Heyimbee Tease - EroThots.mp4,Heyimbee Tease - EroThots.mp4,.mp4,5619102,5.36 MiB,2026-06-15T21:31:33.840404,2026-06-20T19:31:20.305800,true,"mov,mp4,m4a,3gp,3g2,mj2",129.323023,h264,aac,270,480
current-yes,/mnt/spirit-8tb/media/yes/Allison Parker BBC NEW SEXTAPE ONLYFANS.mp4,Allison Parker BBC NEW SEXTAPE ONLYFANS.mp4,.mp4,198228160,189.05 MiB,2026-06-16T22:37:24.175347,2026-06-20T19:09:25.327103,true,"mov,mp4,m4a,3gp,3g2,mj2",1012.034007,h264,aac,406,720
current-yes,/mnt/spirit-8tb/media/yes/Lexi Marvel Shakes And Teases Her Ass.mp4,Lexi Marvel Shakes And Teases Her Ass.mp4,.mp4,34954322,33.34 MiB,2026-06-19T05:20:15.285061,2026-06-20T19:12:45.331833,true,"mov,mp4,m4a,3gp,3g2,mj2",191.634898,h264,aac,406,720
current-yes,/mnt/spirit-8tb/media/yes/Devorah - boobs.mp4.mp4,Devorah - boobs.mp4.mp4,.mp4,21782635,20.77 MiB,2026-06-15T19:55:06.772175,2026-06-20T19:11:33.543856,true,"mov,mp4,m4a,3gp,3g2,mj2",27.685625,h264,aac,656,1078
current-yes,/mnt/spirit-8tb/media/yes/Sava.schultz Onlyfans Butt Slap Red Tease Video Leaked.mp4,Sava.schultz Onlyfans Butt Slap Red Tease Video Leaked.mp4,.mp4,5648061,5.39 MiB,2026-06-16T16:27:09.358611,2026-06-16T16:27:09.358611,true,"mov,mp4,m4a,3gp,3g2,mj2",91.703991,h264,aac,404,720
current-yes,/mnt/spirit-8tb/media/yes/Candy Love Nut on Me and then Lets Fuck Beeg(1).mp4,Candy Love Nut on Me and then Lets Fuck Beeg(1).mp4,.mp4,462424722,441.00 MiB,2026-06-17T16:26:10.075712,2026-06-20T19:08:48.449596,true,"mov,mp4,m4a,3gp,3g2,mj2",791.36,h264,aac,1920,1080
current-yes,/mnt/spirit-8tb/media/yes/Savaschultz savaschulz savashultz Exclusive Leaked Nude OnlyFans(8).mp4,Savaschultz savaschulz savashultz Exclusive Leaked Nude OnlyFans(8).mp4,.mp4,2384948,2.27 MiB,2026-06-16T16:20:44.181635,2026-06-20T19:34:22.690232,true,"mov,mp4,m4a,3gp,3g2,mj2",8.958583,h264,aac,608,1080
current-yes,/mnt/spirit-8tb/media/yes/Aaliyah Yasin Sucks Dick And Gets Creampied UsualFans.mp4,Aaliyah Yasin Sucks Dick And Gets Creampied UsualFans.mp4,.mp4,297393206,283.62 MiB,2026-06-19T05:44:11.828476,2026-06-20T19:22:59.674109,true,"mov,mp4,m4a,3gp,3g2,mj2",1263.274667,h264,aac,1280,720
current-yes,/mnt/spirit-8tb/media/yes/My Porn Plugg Neighbor Craves Intense Facial Cumshot Beeg.mp4,My Porn Plugg Neighbor Craves Intense Facial Cumshot Beeg.mp4,.mp4,890422953,849.17 MiB,2026-06-17T12:33:42.815884,2026-06-20T19:14:44.821453,true,"mov,mp4,m4a,3gp,3g2,mj2",1419.342948,h264,aac,1920,1080
current-yes,/mnt/spirit-8tb/media/yes/Heyimbee Squeezing Big Boobs With Oil Leaked Onlyfans Video.mp4,Heyimbee Squeezing Big Boobs With Oil Leaked Onlyfans Video.mp4,.mp4,62631187,59.73 MiB,2026-06-15T21:24:20.797658,2026-06-20T19:17:06.182361,true,"mov,mp4,m4a,3gp,3g2,mj2",148.376875,h264,aac,1080,1920
current-yes,/mnt/spirit-8tb/media/yes/Devorah Roloff Hot Onlyfans Video.mp4,Devorah Roloff Hot Onlyfans Video.mp4,.mp4,8112909,7.74 MiB,2026-06-15T20:05:29.551981,2026-06-20T19:30:10.741872,true,"mov,mp4,m4a,3gp,3g2,mj2",74.485873,h264,aac,404,720
current-yes,/mnt/spirit-8tb/media/yes/Alexa Pearl Jerks Off A Guys Cock With Her Juicy Tits.mp4,Alexa Pearl Jerks Off A Guys Cock With Her Juicy Tits.mp4,.mp4,131828948,125.72 MiB,2026-06-17T07:56:47.798715,2026-06-20T19:09:30.767177,true,"mov,mp4,m4a,3gp,3g2,mj2",514.902449,h264,aac,1280,720
current-yes,/mnt/spirit-8tb/media/yes/Heyimbee Leaked Video III.mp4,Heyimbee Leaked Video III.mp4,.mp4,16077794,15.33 MiB,2026-06-15T21:21:14.976196,2026-06-20T19:27:09.833456,true,"mov,mp4,m4a,3gp,3g2,mj2",24.232542,h264,aac,1080,1920
current-yes,/mnt/spirit-8tb/media/yes/Lexi Marvel Shakes Her Lusty Cake.mp4,Lexi Marvel Shakes Her Lusty Cake.mp4,.mp4,8876137,8.46 MiB,2026-06-19T05:04:29.058962,2026-06-20T19:11:47.696049,true,"mov,mp4,m4a,3gp,3g2,mj2",72.681344,h264,aac,394,720
current-yes,/mnt/spirit-8tb/media/yes/Candy Love how to Make Your Bf Cum Twice He Cant Resist My Tits.mp4,Candy Love how to Make Your Bf Cum Twice He Cant Resist My Tits.mp4,.mp4,724980533,691.40 MiB,2026-06-17T18:51:50.031407,2026-06-20T19:11:57.248179,true,"mov,mp4,m4a,3gp,3g2,mj2",1263.56,h264,aac,1920,1080
current-yes,/mnt/spirit-8tb/media/yes/RisqueCore Vid 177.mp4,RisqueCore Vid 177.mp4,.mp4,3425260,3.27 MiB,2026-06-16T16:22:27.370318,2026-06-20T19:29:19.375186,true,"mov,mp4,m4a,3gp,3g2,mj2",3.837167,h264,aac,720,1104
current-yes,/mnt/spirit-8tb/media/yes/Natalie Roush Uncensored Lingerie Try On PPV Booty Spread Onlyfa.mp4,Natalie Roush Uncensored Lingerie Try On PPV Booty Spread Onlyfa.mp4,.mp4,480840930,458.57 MiB,2026-06-17T05:08:06.057883,2026-06-17T05:08:06.057883,true,"mov,mp4,m4a,3gp,3g2,mj2",729.874875,h264,aac,1080,1920
current-yes,/mnt/spirit-8tb/media/yes/Ruth Lee Public Adventure Blowjob.mp4,Ruth Lee Public Adventure Blowjob.mp4,.mp4,62274889,59.39 MiB,2026-06-17T19:43:14.847849,2026-06-20T19:13:52.440743,true,"mov,mp4,m4a,3gp,3g2,mj2",377.536,h264,aac,406,720
current-yes,/mnt/spirit-8tb/media/yes/Devorah Roloff Nude Leaked OnlyFans Video 36 - Ibradome.mp4,Devorah Roloff Nude Leaked OnlyFans Video 36 - Ibradome.mp4,.mp4,3562968,3.40 MiB,2026-06-15T20:14:14.211494,2026-06-20T19:30:09.521855,true,"mov,mp4,m4a,3gp,3g2,mj2",20.103,hevc,aac,608,1080
current-yes,/mnt/spirit-8tb/media/yes/Allinika Girl in Leggings Selects Her Ideal Match Beeg.mp4,Allinika Girl in Leggings Selects Her Ideal Match Beeg.mp4,.mp4,778372093,742.31 MiB,2026-06-16T15:04:10.735940,2026-06-20T19:16:14.308662,true,"mov,mp4,m4a,3gp,3g2,mj2",786.134785,h264,aac,1920,1080
current-yes,/mnt/spirit-8tb/media/yes/Ruth Lee Bowjob In Her Friends Car.mp4,Ruth Lee Bowjob In Her Friends Car.mp4,.mp4,154870038,147.70 MiB,2026-06-17T14:18:45.301012,2026-06-20T19:09:28.628148,true,"mov,mp4,m4a,3gp,3g2,mj2",266.215583,h264,aac,1280,720
current-yes,/mnt/spirit-8tb/media/yes/Noturhoneybb Teases You with Her Messy Facial Money Shot Video.mp4,Noturhoneybb Teases You with Her Messy Facial Money Shot Video.mp4,.mp4,202739952,193.35 MiB,2026-06-17T08:45:05.824516,2026-06-20T19:27:20.663600,true,"mov,mp4,m4a,3gp,3g2,mj2",472.285708,h264,aac,1080,1920
current-yes,/mnt/spirit-8tb/media/yes/Ruth Lee Takes A Cumshot After Blowing A Dick.mp4,Ruth Lee Takes A Cumshot After Blowing A Dick.mp4,.mp4,47002032,44.82 MiB,2026-06-17T08:24:19.970604,2026-06-20T19:32:13.025503,true,"mov,mp4,m4a,3gp,3g2,mj2",423.067438,h264,aac,406,720
current-yes,/mnt/spirit-8tb/media/yes/Devorah rollof Onlyfans Video.mp4,Devorah rollof Onlyfans Video.mp4,.mp4,28702492,27.37 MiB,2026-06-15T20:42:46.370471,2026-06-20T19:26:26.356874,true,"mov,mp4,m4a,3gp,3g2,mj2",61.795962,h264,aac,1080,1920
current-yes,/mnt/spirit-8tb/media/yes/Natalie Roush New Squat Ppv In Tight Thong Onlyfans Leak.mp4,Natalie Roush New Squat Ppv In Tight Thong Onlyfans Leak.mp4,.mp4,151428309,144.41 MiB,2026-06-15T23:30:31.806114,2026-06-20T19:32:17.748566,true,"mov,mp4,m4a,3gp,3g2,mj2",328.765875,h264,aac,1080,1920
current-yes,/mnt/spirit-8tb/media/yes/360.mp4,360.mp4,.mp4,49354479,47.07 MiB,2026-06-15T18:33:19.775009,2026-06-15T18:33:19.775009,true,"mov,mp4,m4a,3gp,3g2,mj2",728.02,h264,aac,640,360
current-yes,/mnt/spirit-8tb/media/yes/onlyfans lily phillips jason luv 2024-02-13 interracial ir bbc b.mp4,onlyfans lily phillips jason luv 2024-02-13 interracial ir bbc b.mp4,.mp4,323707469,308.71 MiB,2026-06-17T00:12:51.256622,2026-06-20T19:15:43.284243,true,"mov,mp4,m4a,3gp,3g2,mj2",1108.427755,h264,aac,720,1280
current-yes,/mnt/spirit-8tb/media/yes/Brenda Trindades Perfect Ass Gets Pounded Hard And Creampied POV.mp4,Brenda Trindades Perfect Ass Gets Pounded Hard And Creampied POV.mp4,.mp4,50332364,48.00 MiB,2026-06-17T08:30:13.868989,2026-06-17T08:30:13.868989,true,"mov,mp4,m4a,3gp,3g2,mj2",525.383991,h264,aac,402,720
current-yes,/mnt/spirit-8tb/media/yes/jvlrc49ddg~7KxkgZMm9j.mp4,jvlrc49ddg~7KxkgZMm9j.mp4,.mp4,67344852,64.23 MiB,2026-06-20T19:02:16.552338,2026-06-20T19:09:03.410802,true,"mov,mp4,m4a,3gp,3g2,mj2",250.833333,h264,aac,1280,720
current-yes,/mnt/spirit-8tb/media/yes/Candy Love Youve Made Me Mad Fuck Me to Apologize Beeg.mp4,Candy Love Youve Made Me Mad Fuck Me to Apologize Beeg.mp4,.mp4,358064208,341.48 MiB,2026-06-17T14:22:37.613651,2026-06-20T19:17:26.633637,true,"mov,mp4,m4a,3gp,3g2,mj2",621.399333,h264,aac,1920,1080
current-yes,/mnt/spirit-8tb/media/yes/Savaschultz savaschulz savashultz Exclusive Leaked Nude OnlyFans(2).mp4,Savaschultz savaschulz savashultz Exclusive Leaked Nude OnlyFans(2).mp4,.mp4,3445807,3.29 MiB,2026-06-16T16:22:32.134350,2026-06-20T19:15:39.510192,true,"mov,mp4,m4a,3gp,3g2,mj2",20.5535,h264,aac,608,1080
current-yes,/mnt/spirit-8tb/media/yes/432038_720p.mp4,432038_720p.mp4,.mp4,191049459,182.20 MiB,2026-06-20T18:45:51.880312,2026-06-20T18:47:45.891820,true,"mov,mp4,m4a,3gp,3g2,mj2",952.903417,h264,aac,406,720
current-yes,/mnt/spirit-8tb/media/yes/Devdildo01.mp4.mp4,Devdildo01.mp4.mp4,.mp4,68855801,65.67 MiB,2026-06-15T19:51:33.635249,2026-06-20T19:08:29.124330,true,"mov,mp4,m4a,3gp,3g2,mj2",88.788333,h264,aac,720,1280
current-yes,/mnt/spirit-8tb/media/yes/Ruth Lee Takes A Facial On Her Glasses.mp4,Ruth Lee Takes A Facial On Her Glasses.mp4,.mp4,75829664,72.32 MiB,2026-06-17T19:46:37.464344,2026-06-20T19:28:12.408292,true,"mov,mp4,m4a,3gp,3g2,mj2",471.424,h264,aac,406,720
current-yes,/mnt/spirit-8tb/media/yes/Katiana Kay gives a mind-blowing blowjob in POV.mp4,Katiana Kay gives a mind-blowing blowjob in POV.mp4,.mp4,143141437,136.51 MiB,2026-06-15T23:22:59.282563,2026-06-15T23:22:59.282563,true,"mov,mp4,m4a,3gp,3g2,mj2",1408.983991,h264,aac,854,480
current-yes,/mnt/spirit-8tb/media/yes/Heyimbee Exclusive Leaked Nude OnlyFans 1101500.mp4,Heyimbee Exclusive Leaked Nude OnlyFans 1101500.mp4,.mp4,2361969,2.25 MiB,2026-06-15T21:20:39.327724,2026-06-20T19:33:31.754553,true,"mov,mp4,m4a,3gp,3g2,mj2",8.583208,h264,aac,608,1080
current-yes,/mnt/spirit-8tb/media/yes/video-2026-06-19T10-42-52.202Z.mp4,video-2026-06-19T10-42-52.202Z.mp4,.mp4,288906938,275.52 MiB,2026-06-20T20:05:04.893974,2026-06-20T20:05:04.900974,true,"mov,mp4,m4a,3gp,3g2,mj2",1148.6475,h264,aac,1280,720
current-yes,/mnt/spirit-8tb/media/yes/Candy Love Gooner Princess Edging until Cum Bomb Explodes Ahegao.mp4,Candy Love Gooner Princess Edging until Cum Bomb Explodes Ahegao.mp4,.mp4,477003338,454.91 MiB,2026-06-17T16:51:08.426958,2026-06-20T19:10:22.813890,true,"mov,mp4,m4a,3gp,3g2,mj2",838.932667,h264,aac,1920,1080
current-yes,/mnt/spirit-8tb/media/yes/Alexa Pearl Mommys Full Of Milk Onlyfans Leak Video.mp4,Alexa Pearl Mommys Full Of Milk Onlyfans Leak Video.mp4,.mp4,38551259,36.77 MiB,2026-06-17T07:53:04.117521,2026-06-17T07:53:04.117521,true,"mov,mp4,m4a,3gp,3g2,mj2",294.244367,h264,aac,608,1080
current-yes,/mnt/spirit-8tb/media/yes/Lexi Marvel Teases Her Seductive Curves.mp4,Lexi Marvel Teases Her Seductive Curves.mp4,.mp4,49545270,47.25 MiB,2026-06-19T05:26:24.281762,2026-06-20T19:33:08.662245,true,"mov,mp4,m4a,3gp,3g2,mj2",305.881344,h264,aac,406,720
current-yes,/mnt/spirit-8tb/media/yes/Devorah Roloff Pussy.mp4,Devorah Roloff Pussy.mp4,.mp4,15056399,14.36 MiB,2026-06-15T20:38:16.995790,2026-06-20T19:17:21.196564,true,"mov,mp4,m4a,3gp,3g2,mj2",56.355962,h264,aac,1280,720
current-yes,/mnt/spirit-8tb/media/yes/heyimbee bee Nude Leaked Onlyfans Video 12 - Picazor EN.mp4,heyimbee bee Nude Leaked Onlyfans Video 12 - Picazor EN.mp4,.mp4,3003333,2.86 MiB,2026-06-16T16:21:25.390909,2026-06-20T19:17:05.408351,true,"mov,mp4,m4a,3gp,3g2,mj2",11.721016,h264,aac,720,1280
current-yes,/mnt/spirit-8tb/media/yes/RisqueCore Vid 10.mp4,RisqueCore Vid 10.mp4,.mp4,180777650,172.40 MiB,2026-06-16T22:21:47.941080,2026-06-20T19:13:02.364064,true,"mov,mp4,m4a,3gp,3g2,mj2",44.766667,hevc,aac,3840,2160
current-yes,/mnt/spirit-8tb/media/yes/Tommy Wood Nurse Role-Play with POV Doggy and Cumshot Beeg.mp4,Tommy Wood Nurse Role-Play with POV Doggy and Cumshot Beeg.mp4,.mp4,395952633,377.61 MiB,2026-06-17T02:37:19.195720,2026-06-20T19:30:14.618923,true,"mov,mp4,m4a,3gp,3g2,mj2",760.999333,h264,aac,1920,1080
current-yes,/mnt/spirit-8tb/media/yes/Cutie Alexa Pearl Takes Hot Facial Outside.mp4,Cutie Alexa Pearl Takes Hot Facial Outside.mp4,.mp4,92287161,88.01 MiB,2026-06-17T07:53:05.449534,2026-06-20T19:11:27.058768,true,"mov,mp4,m4a,3gp,3g2,mj2",514.932375,h264,aac,404,720
current-yes,/mnt/spirit-8tb/media/yes/Latina Allison Parker Deepthroats.mp4,Latina Allison Parker Deepthroats.mp4,.mp4,271681190,259.10 MiB,2026-06-17T08:05:57.909040,2026-06-20T19:26:49.417183,true,"mov,mp4,m4a,3gp,3g2,mj2",1619.692708,h264,aac,406,720
current-yes,/mnt/spirit-8tb/media/yes/Onlyfans devorah roloff milk tits naked(1).mp4,Onlyfans devorah roloff milk tits naked(1).mp4,.mp4,8421410,8.03 MiB,2026-06-16T16:30:14.220718,2026-06-20T19:11:32.650844,true,"mov,mp4,m4a,3gp,3g2,mj2",10.110544,h264,aac,888,1920
current-yes,/mnt/spirit-8tb/media/yes/Devorah Roloff Nude Leaked OnlyFans Video 1 - Ibradome.mp4,Devorah Roloff Nude Leaked OnlyFans Video 1 - Ibradome.mp4,.mp4,893677,872.73 KiB,2026-06-15T20:06:10.905477,2026-06-20T19:13:51.567732,true,"mov,mp4,m4a,3gp,3g2,mj2",7.965333,h264,aac,500,924
current-yes,/mnt/spirit-8tb/media/yes/TheStartOfUs 3 Juicyyy Cumshots for 18 Yo Uwu Teeny Beeg.mp4,TheStartOfUs 3 Juicyyy Cumshots for 18 Yo Uwu Teeny Beeg.mp4,.mp4,465511033,443.95 MiB,2026-06-17T10:17:14.021855,2026-06-17T10:17:14.021855,true,"mov,mp4,m4a,3gp,3g2,mj2",811.543333,h264,aac,1920,1080
current-yes,/mnt/spirit-8tb/media/yes/360 1.mp4,360 1.mp4,.mp4,42082287,40.13 MiB,2026-06-15T18:20:50.723913,2026-06-15T18:20:50.723913,true,"mov,mp4,m4a,3gp,3g2,mj2",881.16,h264,aac,640,360
current-yes,/mnt/spirit-8tb/media/yes/Lika Busy Ways to Ensure Female Pleasure and Orgasm Beeg.mp4,Lika Busy Ways to Ensure Female Pleasure and Orgasm Beeg.mp4,.mp4,501487032,478.26 MiB,2026-06-17T10:17:23.859951,2026-06-20T19:35:10.000863,true,"mov,mp4,m4a,3gp,3g2,mj2",916.307642,h264,aac,1920,1080
current-yes,/mnt/spirit-8tb/media/yes/Eve Cums Twice in Her Tight Ass Ass to Pussy to Ass Beeg.mp4,Eve Cums Twice in Her Tight Ass Ass to Pussy to Ass Beeg.mp4,.mp4,929041447,886.00 MiB,2026-06-17T07:00:41.572368,2026-06-20T19:33:42.120691,true,"mov,mp4,m4a,3gp,3g2,mj2",1613.266,h264,aac,1920,1080
current-yes,/mnt/spirit-8tb/media/yes/Heyimbee ass from behind butt crack Leaked OF.mp4,Heyimbee ass from behind butt crack Leaked OF.mp4,.mp4,4320898,4.12 MiB,2026-06-15T21:32:29.625145,2026-06-20T19:16:05.845548,true,"mov,mp4,m4a,3gp,3g2,mj2",75.187683,h264,aac,402,720
current-yes,/mnt/spirit-8tb/media/yes/Savaschultz savaschulz savashultz Exclusive Leaked Nude OnlyFans(6).mp4,Savaschultz savaschulz savashultz Exclusive Leaked Nude OnlyFans(6).mp4,.mp4,11905581,11.35 MiB,2026-06-16T16:37:15.698316,2026-06-16T16:37:15.698316,true,"mov,mp4,m4a,3gp,3g2,mj2",75.85875,h264,aac,608,1080
current-yes,/mnt/spirit-8tb/media/yes/Comatozze new sex on the first date.mp4,Comatozze new sex on the first date.mp4,.mp4,760715142,725.47 MiB,2026-06-15T19:14:50.491721,2026-06-20T19:29:24.399253,true,"mov,mp4,m4a,3gp,3g2,mj2",1861.68969,h264,aac,1280,720
current-yes,/mnt/spirit-8tb/media/yes/Candy Love I Want My Pussy Full of Cum Remove Condom no Birth Co.mp4,Candy Love I Want My Pussy Full of Cum Remove Condom no Birth Co.mp4,.mp4,410178951,391.18 MiB,2026-06-17T15:07:24.659626,2026-06-20T19:09:53.037483,true,"mov,mp4,m4a,3gp,3g2,mj2",724.799333,h264,aac,1920,1080
current-yes,/mnt/spirit-8tb/media/yes/Heyimbee Exclusive Leaked Nude OnlyFans 1099433.mp4,Heyimbee Exclusive Leaked Nude OnlyFans 1099433.mp4,.mp4,685264,669.20 KiB,2026-06-15T21:20:35.894678,2026-06-20T19:30:10.164864,true,"mov,mp4,m4a,3gp,3g2,mj2",4.5385,h264,aac,608,1080
current-yes,/mnt/spirit-8tb/media/yes/Heyimbee - Busty E-Girl Onlyfans Leaked - Fapdungeon(2).mp4,Heyimbee - Busty E-Girl Onlyfans Leaked - Fapdungeon(2).mp4,.mp4,14823553,14.14 MiB,2026-06-15T21:19:33.060846,2026-06-15T21:19:33.060846,true,"mov,mp4,m4a,3gp,3g2,mj2",104.667208,h264,aac,1080,1920
current-yes,/mnt/spirit-8tb/media/yes/Devorah Roloff Nude Leaked OnlyFans Video 25 - Ibradome.mp4,Devorah Roloff Nude Leaked OnlyFans Video 25 - Ibradome.mp4,.mp4,667873,652.22 KiB,2026-06-15T20:06:15.152528,2026-06-20T19:20:06.194783,true,"mov,mp4,m4a,3gp,3g2,mj2",6.84,hevc,aac,584,1080
current-yes,/mnt/spirit-8tb/media/yes/OnlyFans_5 devorah2.mp4.mp4,OnlyFans_5 devorah2.mp4.mp4,.mp4,42070874,40.12 MiB,2026-06-16T17:13:59.354327,2026-06-20T19:10:27.958961,true,"mov,mp4,m4a,3gp,3g2,mj2",53.961875,h264,aac,1616,1076
current-yes,/mnt/spirit-8tb/media/yes/Candy Love Her Doll-like Body Begs to Be Used Beeg.mp4,Candy Love Her Doll-like Body Begs to Be Used Beeg.mp4,.mp4,483116453,460.74 MiB,2026-06-17T17:19:54.920524,2026-06-20T19:27:47.353957,true,"mov,mp4,m4a,3gp,3g2,mj2",850.599333,h264,aac,1920,1080
current-yes,/mnt/spirit-8tb/media/yes/Savaschultz savaschulz savashultz Exclusive Leaked Nude OnlyFans(7).mp4,Savaschultz savaschulz savashultz Exclusive Leaked Nude OnlyFans(7).mp4,.mp4,1877523,1.79 MiB,2026-06-16T16:18:16.628637,2026-06-20T19:30:10.378867,true,"mov,mp4,m4a,3gp,3g2,mj2",13.79675,h264,aac,608,1080
current-yes,/mnt/spirit-8tb/media/yes/Devorah rollof dildo 1.mp4,Devorah rollof dildo 1.mp4,.mp4,11423233,10.89 MiB,2026-06-15T20:44:53.286192,2026-06-20T19:10:38.181100,true,"mov,mp4,m4a,3gp,3g2,mj2",39.715962,h264,aac,720,1280
current-yes,/mnt/spirit-8tb/media/yes/360 3.mp4,360 3.mp4,.mp4,42904316,40.92 MiB,2026-06-15T18:24:20.964928,2026-06-15T18:24:20.964928,true,"mov,mp4,m4a,3gp,3g2,mj2",977.92,h264,aac,640,360
current-yes,/mnt/spirit-8tb/media/yes/Luke Cooper English Slut Bonnie Blue Loves Big Dick Inside Her B.mp4,Luke Cooper English Slut Bonnie Blue Loves Big Dick Inside Her B.mp4,.mp4,396888397,378.50 MiB,2026-06-17T03:04:05.790724,2026-06-20T19:13:42.920614,true,"mov,mp4,m4a,3gp,3g2,mj2",703.732667,h264,aac,1920,1080
current-yes,/mnt/spirit-8tb/media/yes/Layla - tiktok beauty teen vlog creampie Leaked onlyfans Sextape.mp4,Layla - tiktok beauty teen vlog creampie Leaked onlyfans Sextape.mp4,.mp4,138583175,132.16 MiB,2026-06-16T21:16:10.328242,2026-06-20T19:13:35.908519,true,"mov,mp4,m4a,3gp,3g2,mj2",606.003375,h264,aac,404,720
current-yes,/mnt/spirit-8tb/media/yes/Katiana Kay Fucks A Cop Video Leaked.mp4,Katiana Kay Fucks A Cop Video Leaked.mp4,.mp4,36052594,34.38 MiB,2026-06-15T23:07:05.751597,2026-06-20T19:13:04.171089,true,"mov,mp4,m4a,3gp,3g2,mj2",349.538833,h264,aac,404,720
current-yes,/mnt/spirit-8tb/media/yes/Eve How Did He Last so Long in This Gorgeous Ass Beeg.mp4,Eve How Did He Last so Long in This Gorgeous Ass Beeg.mp4,.mp4,565874174,539.66 MiB,2026-06-17T05:08:15.157974,2026-06-20T19:33:16.976356,true,"mov,mp4,m4a,3gp,3g2,mj2",973.5,h264,aac,1920,1080
current-yes,/mnt/spirit-8tb/media/yes/Bonnie Blue Sucks And Fucks Her Driver.mp4,Bonnie Blue Sucks And Fucks Her Driver.mp4,.mp4,1016587629,969.49 MiB,2026-06-17T13:37:10.841424,2026-06-20T19:31:30.433935,true,"mov,mp4,m4a,3gp,3g2,mj2",1869.233349,h264,aac,1280,720
current-yes,/mnt/spirit-8tb/media/yes/DR 025.mp4.mp4,DR 025.mp4.mp4,.mp4,10540790,10.05 MiB,2026-06-15T19:50:39.877511,2026-06-20T19:12:56.802989,true,"mov,mp4,m4a,3gp,3g2,mj2",12.670625,h264,aac,1080,1920
current-yes,/mnt/spirit-8tb/media/yes/Sava Schultz Naked Big Ass POV Onlyfans Video.mp4,Sava Schultz Naked Big Ass POV Onlyfans Video.mp4,.mp4,82586648,78.76 MiB,2026-06-16T20:06:40.562905,2026-06-20T19:11:32.383840,true,"mov,mp4,m4a,3gp,3g2,mj2",61.603208,h264,aac,720,1280
current-yes,/mnt/spirit-8tb/media/yes/Katiana Kay Needs To Suck A Cock.mp4,Katiana Kay Needs To Suck A Cock.mp4,.mp4,38251307,36.48 MiB,2026-06-15T23:08:52.570185,2026-06-20T19:13:04.687096,true,"mov,mp4,m4a,3gp,3g2,mj2",311.356236,h264,aac,404,720
current-yes,/mnt/spirit-8tb/media/yes/F1nn5ter Suck Big Black Dildo Onlyfans.mp4,F1nn5ter Suck Big Black Dildo Onlyfans.mp4,.mp4,74604892,71.15 MiB,2026-06-15T21:00:24.300698,2026-06-20T19:27:12.935497,true,"mov,mp4,m4a,3gp,3g2,mj2",237.061667,h264,aac,720,1080
current-yes,/mnt/spirit-8tb/media/yes/Sweet Herry Big Ass Brunette POV Cumshot Compilation Beeg.mp4,Sweet Herry Big Ass Brunette POV Cumshot Compilation Beeg.mp4,.mp4,559193193,533.29 MiB,2026-06-17T10:58:09.350159,2026-06-20T19:30:34.997195,true,"mov,mp4,m4a,3gp,3g2,mj2",727.736599,h264,aac,1920,1080
current-yes,/mnt/spirit-8tb/media/yes/550807_720p.mp4,550807_720p.mp4,.mp4,213995637,204.08 MiB,2026-06-20T18:45:49.649282,2026-06-20T18:47:41.994769,true,"mov,mp4,m4a,3gp,3g2,mj2",888.861224,h264,aac,1280,720
current-yes,/mnt/spirit-8tb/media/yes/TheStartOfUs gamer Girl Fucks around Finds Out he Cums how many.mp4,TheStartOfUs gamer Girl Fucks around Finds Out he Cums how many.mp4,.mp4,441718760,421.26 MiB,2026-06-17T16:01:43.015655,2026-06-20T19:09:07.504858,true,"mov,mp4,m4a,3gp,3g2,mj2",770.001833,h264,aac,1920,1080
current-yes,/mnt/spirit-8tb/media/yes/Devorah Roloff Nude Leaked OnlyFans Video 28 - Ibradome.mp4,Devorah Roloff Nude Leaked OnlyFans Video 28 - Ibradome.mp4,.mp4,5712621,5.45 MiB,2026-06-15T20:06:19.696583,2026-06-20T19:13:51.712734,true,"mov,mp4,m4a,3gp,3g2,mj2",31.7,h264,aac,1280,720
current-yes,/mnt/spirit-8tb/media/yes/Heyimbee Exclusive Leaked Nude OnlyFans 699500.mp4,Heyimbee Exclusive Leaked Nude OnlyFans 699500.mp4,.mp4,2127786,2.03 MiB,2026-06-16T16:20:04.091367,2026-06-20T19:28:16.935352,true,"mov,mp4,m4a,3gp,3g2,mj2",13.379667,h264,aac,660,1080
current-yes,/mnt/spirit-8tb/media/yes/Natalie Roush Sizzling Mesh Bodysuit Booty Tease in Leaked OnlyF.mp4,Natalie Roush Sizzling Mesh Bodysuit Booty Tease in Leaked OnlyF.mp4,.mp4,62418434,59.53 MiB,2026-06-15T23:48:36.166774,2026-06-20T19:34:56.367681,true,"mov,mp4,m4a,3gp,3g2,mj2",144.831708,h264,aac,1080,1920
current-yes,/mnt/spirit-8tb/media/yes/360 4.mp4,360 4.mp4,.mp4,35128292,33.50 MiB,2026-06-15T18:27:01.068630,2026-06-15T18:27:01.068630,true,"mov,mp4,m4a,3gp,3g2,mj2",672.92,h264,aac,640,360
current-yes,/mnt/spirit-8tb/media/yes/Savaschultz savaschulz savashultz Exclusive Leaked Nude OnlyFans(5).mp4,Savaschultz savaschulz savashultz Exclusive Leaked Nude OnlyFans(5).mp4,.mp4,5384110,5.13 MiB,2026-06-16T16:26:35.498979,2026-06-16T16:26:35.498979,true,"mov,mp4,m4a,3gp,3g2,mj2",59.274,h264,aac,404,720
current-yes,/mnt/spirit-8tb/media/yes/Devorah Roloff Flaunts And Massages Her Tits Devorah Roloff Only.mp4,Devorah Roloff Flaunts And Massages Her Tits Devorah Roloff Only.mp4,.mp4,29599459,28.23 MiB,2026-06-15T20:01:11.059994,2026-06-20T19:26:23.041830,true,"mov,mp4,m4a,3gp,3g2,mj2",121.503991,h264,aac,406,720
current-yes,/mnt/spirit-8tb/media/yes/Amburnee ambernyy Exclusive Leaked Nude OnlyFans 12558863.mp4,Amburnee ambernyy Exclusive Leaked Nude OnlyFans 12558863.mp4,.mp4,4977619,4.75 MiB,2026-06-16T16:25:26.277611,2026-06-20T19:12:44.455821,true,"mov,mp4,m4a,3gp,3g2,mj2",12.3123,h264,aac,608,1080
current-yes,/mnt/spirit-8tb/media/yes/Cecilia Rose 89 Fuck Me Hard Please PPV Video Leaked.mp4,Cecilia Rose 89 Fuck Me Hard Please PPV Video Leaked.mp4,.mp4,68289856,65.13 MiB,2026-06-15T19:05:27.107902,2026-06-20T19:32:07.189425,true,"mov,mp4,m4a,3gp,3g2,mj2",347.685664,h264,aac,1920,1080
current-yes,/mnt/spirit-8tb/media/yes/Amburnee ambernyy Exclusive Leaked Nude OnlyFans 10859483.mp4,Amburnee ambernyy Exclusive Leaked Nude OnlyFans 10859483.mp4,.mp4,2057025,1.96 MiB,2026-06-16T16:19:45.444241,2026-06-20T19:35:44.268320,true,"mov,mp4,m4a,3gp,3g2,mj2",5.31737,h264,aac,608,1080
current-yes,/mnt/spirit-8tb/media/yes/Ruth Lee Glazes A Cock During A Sloppy BJ.mp4,Ruth Lee Glazes A Cock During A Sloppy BJ.mp4,.mp4,86582413,82.57 MiB,2026-06-17T19:49:44.490817,2026-06-20T19:12:46.698851,true,"mov,mp4,m4a,3gp,3g2,mj2",642.773,h264,aac,406,720
current-yes,/mnt/spirit-8tb/media/yes/OnlyFans_5 devorah.mp4.mp4,OnlyFans_5 devorah.mp4.mp4,.mp4,158142041,150.82 MiB,2026-06-16T22:15:08.900287,2026-06-20T19:26:30.899935,true,"mov,mp4,m4a,3gp,3g2,mj2",204.570667,h264,aac,1080,1440
current-yes,/mnt/spirit-8tb/media/yes/HeyImBee Big Titty Maid.mp4,HeyImBee Big Titty Maid.mp4,.mp4,13034546,12.43 MiB,2026-06-15T21:05:34.042801,2026-06-15T21:05:34.042801,true,"mov,mp4,m4a,3gp,3g2,mj2",130.103991,h264,aac,406,720
current-yes,/mnt/spirit-8tb/media/yes/Lexi Marvel Flaunts Her Ass In Her Panty.mp4,Lexi Marvel Flaunts Her Ass In Her Panty.mp4,.mp4,16458426,15.70 MiB,2026-06-19T05:14:49.122009,2026-06-20T19:28:38.406639,true,"mov,mp4,m4a,3gp,3g2,mj2",132.498667,h264,aac,406,720
current-yes,/mnt/spirit-8tb/media/yes/RisqueCore Vid 53.mp4,RisqueCore Vid 53.mp4,.mp4,25938254,24.74 MiB,2026-06-16T16:52:28.134505,2026-06-20T19:27:41.003872,true,"mov,mp4,m4a,3gp,3g2,mj2",33.158125,h264,aac,720,1280
current-yes,/mnt/spirit-8tb/media/yes/Ruth Lee Gives A Hot Jerk Off Instructions.mp4,Ruth Lee Gives A Hot Jerk Off Instructions.mp4,.mp4,61058257,58.23 MiB,2026-06-17T19:40:36.162430,2026-06-20T19:21:31.102922,true,"mov,mp4,m4a,3gp,3g2,mj2",432.0316,h264,aac,406,720
current-yes,/mnt/spirit-8tb/media/yes/b072fcb9f821c935f46a4ed67477a041.mp4,b072fcb9f821c935f46a4ed67477a041.mp4,.mp4,414044946,394.86 MiB,2026-06-20T18:46:07.514519,2026-06-20T18:48:51.115683,true,"mov,mp4,m4a,3gp,3g2,mj2",536.527292,h264,aac,1920,1080
current-yes,/mnt/spirit-8tb/media/yes/Devdildo02.mp4.mp4,Devdildo02.mp4.mp4,.mp4,57023429,54.38 MiB,2026-06-15T19:53:19.216699,2026-06-20T19:09:35.745246,true,"mov,mp4,m4a,3gp,3g2,mj2",73.189417,h264,aac,720,1280
current-yes,/mnt/spirit-8tb/media/yes/Savaschultz savaschulz savashultz Exclusive Leaked Nude OnlyFans(10).mp4,Savaschultz savaschulz savashultz Exclusive Leaked Nude OnlyFans(10).mp4,.mp4,12116616,11.56 MiB,2026-06-16T16:38:02.989861,2026-06-16T16:38:02.989861,true,"mov,mp4,m4a,3gp,3g2,mj2",70.478375,h264,aac,608,1080
current-yes,/mnt/spirit-8tb/media/yes/Devorah Roloff Nude Ass Tease PPV OnlyFans Video Leaked.mp4,Devorah Roloff Nude Ass Tease PPV OnlyFans Video Leaked.mp4,.mp4,1340541,1.28 MiB,2026-06-15T20:06:09.784464,2026-06-15T20:06:09.784464,true,"mov,mp4,m4a,3gp,3g2,mj2",22.823991,h264,aac,270,480
current-yes,/mnt/spirit-8tb/media/yes/Sakurai Rena Strips Plays With Her Wet Asian Pussy Sakurai Rena.mp4,Sakurai Rena Strips Plays With Her Wet Asian Pussy Sakurai Rena.mp4,.mp4,102316223,97.58 MiB,2026-06-16T20:50:18.858657,2026-06-20T19:13:49.853708,true,"mov,mp4,m4a,3gp,3g2,mj2",441.783991,h264,aac,406,720
current-yes,/mnt/spirit-8tb/media/yes/Aaliyah Yasin Has Unprotected Sex With A Stranger.optimized.mp4,Aaliyah Yasin Has Unprotected Sex With A Stranger.optimized.mp4,.mp4,519857218,495.77 MiB,2026-06-15T18:37:11.951845,2026-06-20T19:32:33.079771,true,"mov,mp4,m4a,3gp,3g2,mj2",1959.811451,h264,aac,1280,720
current-yes,/mnt/spirit-8tb/media/yes/Candy Love Good Boy Gets Good Head then Good Sex Beeg.mp4,Candy Love Good Boy Gets Good Head then Good Sex Beeg.mp4,.mp4,485603930,463.11 MiB,2026-06-17T17:48:55.207648,2026-06-20T19:08:24.662269,true,"mov,mp4,m4a,3gp,3g2,mj2",846.399333,h264,aac,1920,1080
current-yes,/mnt/spirit-8tb/media/yes/Devorah Roloff Grabs Her Boobs In The Mirror Devorah Roloff Only.mp4,Devorah Roloff Grabs Her Boobs In The Mirror Devorah Roloff Only.mp4,.mp4,12884281,12.29 MiB,2026-06-15T20:04:57.570601,2026-06-20T19:12:54.785961,true,"mov,mp4,m4a,3gp,3g2,mj2",64.543991,h264,aac,406,720
current-yes,/mnt/spirit-8tb/media/yes/Savaschultz savaschulz savashultz Exclusive Leaked Nude OnlyFans(4).mp4,Savaschultz savaschulz savashultz Exclusive Leaked Nude OnlyFans(4).mp4,.mp4,3363898,3.21 MiB,2026-06-16T16:22:11.137212,2026-06-20T19:11:33.037849,true,"mov,mp4,m4a,3gp,3g2,mj2",23.723333,h264,aac,608,1080
current-yes,/mnt/spirit-8tb/media/yes/Candy Love ive Oiled Myself Up for Your Cock so now U Gonna Fill.mp4,Candy Love ive Oiled Myself Up for Your Cock so now U Gonna Fill.mp4,.mp4,507640304,484.12 MiB,2026-06-17T18:19:36.365983,2026-06-20T19:18:05.001154,true,"mov,mp4,m4a,3gp,3g2,mj2",869.299333,h264,aac,1920,1080
current-yes,/mnt/spirit-8tb/media/yes/Amburnee ambernyy Exclusive Leaked Nude OnlyFans 12726049.mp4,Amburnee ambernyy Exclusive Leaked Nude OnlyFans 12726049.mp4,.mp4,3041588,2.90 MiB,2026-06-16T16:21:43.254027,2026-06-20T19:28:10.037260,true,"mov,mp4,m4a,3gp,3g2,mj2",9.566621,h264,aac,632,1080
current-yes,/mnt/spirit-8tb/media/yes/Heyimbee - Busty E-Girl Onlyfans Leaked - Fapdungeon(1).mp4,Heyimbee - Busty E-Girl Onlyfans Leaked - Fapdungeon(1).mp4,.mp4,5166446,4.93 MiB,2026-06-15T21:15:44.668825,2026-06-15T21:15:44.668825,true,"mov,mp4,m4a,3gp,3g2,mj2",45.5,h264,,720,1280
current-yes,/mnt/spirit-8tb/media/yes/Dana DeArmond Stars in Steamy Tesla Fuck Video.mp4,Dana DeArmond Stars in Steamy Tesla Fuck Video.mp4,.mp4,392903290,374.70 MiB,2026-06-17T02:37:11.891649,2026-06-17T02:37:11.891649,true,"mov,mp4,m4a,3gp,3g2,mj2",1475.205684,h264,aac,1280,720
current-yes,/mnt/spirit-8tb/media/yes/Dana DeArmonds hot mom is a pro at giving head and fucking like.mp4,Dana DeArmonds hot mom is a pro at giving head and fucking like.mp4,.mp4,153574987,146.46 MiB,2026-06-17T08:45:02.545485,2026-06-17T08:45:02.545485,true,"mov,mp4,m4a,3gp,3g2,mj2",1627.023991,h264,aac,854,480
current-yes,/mnt/spirit-8tb/media/yes/223120.mp4,223120.mp4,.mp4,31776353,30.30 MiB,2026-06-15T18:14:10.806232,2026-06-15T18:14:10.806232,true,"mov,mp4,m4a,3gp,3g2,mj2",578.102031,h264,aac,270,480
current-yes,/mnt/spirit-8tb/media/yes/513329_720p.mp4,513329_720p.mp4,.mp4,72459810,69.10 MiB,2026-06-20T18:46:08.599533,2026-06-20T18:49:03.424846,true,"mov,mp4,m4a,3gp,3g2,mj2",252.919333,h264,aac,608,1080
current-yes,/mnt/spirit-8tb/media/yes/Natalie Roush With Hayley Maxfield In White Lingerie Took Nude B.mp4,Natalie Roush With Hayley Maxfield In White Lingerie Took Nude B.mp4,.mp4,95344493,90.93 MiB,2026-06-16T20:50:16.976641,2026-06-16T20:50:16.976641,true,"mov,mp4,m4a,3gp,3g2,mj2",148.334875,h264,aac,1080,1920
current-yes,/mnt/spirit-8tb/media/yes/Heyimbee 49.95 Ppv Floor Cam And Spreading Leak Video.mp4,Heyimbee 49.95 Ppv Floor Cam And Spreading Leak Video.mp4,.mp4,1935936,1.85 MiB,2026-06-15T21:20:24.698530,2026-06-20T19:09:02.429788,true,"mov,mp4,m4a,3gp,3g2,mj2",33.863991,h264,aac,406,720
current-yes,/mnt/spirit-8tb/media/yes/Heyimbee Teases in Intense Cowgirl Riding Action Video.mp4,Heyimbee Teases in Intense Cowgirl Riding Action Video.mp4,.mp4,4611679,4.40 MiB,2026-06-15T21:32:29.272140,2026-06-15T21:32:29.272140,true,"mov,mp4,m4a,3gp,3g2,mj2",154.542967,h264,aac,202,360
current-yes,/mnt/spirit-8tb/media/yes/14318872.mp4,14318872.mp4,.mp4,564221211,538.08 MiB,2026-06-20T18:46:02.395451,2026-06-20T18:48:31.466423,true,"mov,mp4,m4a,3gp,3g2,mj2",1584.329229,h264,aac,1920,1080
current-yes,/mnt/spirit-8tb/media/yes/New Lily Phillips Verbal Spat Erupts Into Hardcore Fucking Video.mp4,New Lily Phillips Verbal Spat Erupts Into Hardcore Fucking Video.mp4,.mp4,245538321,234.16 MiB,2026-06-16T22:47:51.824252,2026-06-20T19:31:50.734206,true,"mov,mp4,m4a,3gp,3g2,mj2",1772.189675,h264,aac,854,480
current-yes,/mnt/spirit-8tb/media/yes/Amburnee.mp4,Amburnee.mp4,.mp4,14808250,14.12 MiB,2026-06-16T16:38:34.926221,2026-06-20T19:24:23.142227,true,"mov,mp4,m4a,3gp,3g2,mj2",91.803991,h264,aac,446,720
current-yes,/mnt/spirit-8tb/media/yes/Candy Love Passionate Lovemaking before Work. Beeg.mp4,Candy Love Passionate Lovemaking before Work. Beeg.mp4,.mp4,420480368,401.00 MiB,2026-06-17T15:34:10.291547,2026-06-20T19:08:34.783408,true,"mov,mp4,m4a,3gp,3g2,mj2",737.699333,h264,aac,1920,1080
current-yes,/mnt/spirit-8tb/media/yes/Savaschultz savaschulz savashultz Exclusive Leaked Nude OnlyFans(3).mp4,Savaschultz savaschulz savashultz Exclusive Leaked Nude OnlyFans(3).mp4,.mp4,2118162,2.02 MiB,2026-06-16T16:19:50.036272,2026-06-20T19:11:33.984862,true,"mov,mp4,m4a,3gp,3g2,mj2",25.574,h264,aac,404,720
current-yes,/mnt/spirit-8tb/media/yes/RisqueCore Vid 96.mp4,RisqueCore Vid 96.mp4,.mp4,8848626,8.44 MiB,2026-06-16T16:31:28.777834,2026-06-20T19:12:45.785839,true,"mov,mp4,m4a,3gp,3g2,mj2",10.94,h264,aac,1080,564
current-yes,/mnt/spirit-8tb/media/yes/TheStartOfUs Asm-r You Cumming ️ 3 Huge Cumshots Beeg.mp4,TheStartOfUs Asm-r You Cumming ️ 3 Huge Cumshots Beeg.mp4,.mp4,95112839,90.71 MiB,2026-06-17T14:11:04.621145,2026-06-20T19:12:53.244940,true,"mov,mp4,m4a,3gp,3g2,mj2",337.9622,h264,aac,1920,1080
current-yes,/mnt/spirit-8tb/media/yes/Ruth Lee Makes Ahegao Faces During Sex.mp4,Ruth Lee Makes Ahegao Faces During Sex.mp4,.mp4,236473657,225.52 MiB,2026-06-17T20:04:45.088503,2026-06-20T19:09:13.103935,true,"mov,mp4,m4a,3gp,3g2,mj2",1436.875349,h264,aac,1280,720
current-yes,/mnt/spirit-8tb/media/yes/No+Nut+November+ends+with+a+Massive+Cumshot+-+Huge+Facial!!!+My+Sweet+Apple+[ph6389eddbe4018].mp4,No+Nut+November+ends+with+a+Massive+Cumshot+-+Huge+Facial!!!+My+Sweet+Apple+[ph6389eddbe4018].mp4,.mp4,292773483,279.21 MiB,2026-06-17T00:12:45.254568,2026-06-17T00:12:45.254568,true,"mov,mp4,m4a,3gp,3g2,mj2",1414.645638,h264,aac,1280,720
current-yes,/mnt/spirit-8tb/media/yes/Candy Love Begs for Mercy - Intense 2 Squirts - Multiple Orgasms.mp4,Candy Love Begs for Mercy - Intense 2 Squirts - Multiple Orgasms.mp4,.mp4,367868219,350.83 MiB,2026-06-17T14:45:54.227707,2026-06-20T19:20:24.243025,true,"mov,mp4,m4a,3gp,3g2,mj2",636.066,h264,aac,1920,1080
current-yes,/mnt/spirit-8tb/media/yes/RisqueCore Vid 123.mp4,RisqueCore Vid 123.mp4,.mp4,5716188,5.45 MiB,2026-06-16T16:27:09.587615,2026-06-20T19:15:39.683194,true,"mov,mp4,m4a,3gp,3g2,mj2",6.5482,h264,aac,720,1280
current-yes,/mnt/spirit-8tb/media/yes/Urfavbellabby Sex in Car Video Leaked.mp4,Urfavbellabby Sex in Car Video Leaked.mp4,.mp4,26840942,25.60 MiB,2026-06-17T08:22:36.728617,2026-06-17T08:22:36.728617,true,"mov,mp4,m4a,3gp,3g2,mj2",404.943991,h264,aac,270,480
current-yes,/mnt/spirit-8tb/media/yes/CeCe Rose Leaked Video Teasing Her Dirty Nude OF Secret.mp4,CeCe Rose Leaked Video Teasing Her Dirty Nude OF Secret.mp4,.mp4,6811169,6.50 MiB,2026-06-15T19:05:25.450878,2026-06-15T19:05:25.450878,true,"mov,mp4,m4a,3gp,3g2,mj2",137.982993,h264,aac,404,720
current-yes,/mnt/spirit-8tb/media/yes/Heyimbee New Videos 3.mp4,Heyimbee New Videos 3.mp4,.mp4,18264548,17.42 MiB,2026-06-15T21:22:34.219246,2026-06-20T19:13:03.718082,true,"mov,mp4,m4a,3gp,3g2,mj2",36.494792,h264,aac,1080,1920
current-yes,/mnt/spirit-8tb/media/yes/Natalie Roush Nut For Natalie November Ppv Dropping Tight Jeans.mp4,Natalie Roush Nut For Natalie November Ppv Dropping Tight Jeans.mp4,.mp4,76411371,72.87 MiB,2026-06-15T23:41:51.389931,2026-06-20T19:08:29.881341,true,"mov,mp4,m4a,3gp,3g2,mj2",164.642875,h264,aac,1080,1920
current-yes,/mnt/spirit-8tb/media/yes/Ruth Lee Gets Fucked Wearing Ripped Pants.mp4,Ruth Lee Gets Fucked Wearing Ripped Pants.mp4,.mp4,582302347,555.33 MiB,2026-06-19T04:24:36.423405,2026-06-20T19:28:20.319397,true,"mov,mp4,m4a,3gp,3g2,mj2",1606.72,h264,aac,1280,720
current-yes,/mnt/spirit-8tb/media/yes/Lexi Marvel Teasing With Her Big Juicy Ass.mp4,Lexi Marvel Teasing With Her Big Juicy Ass.mp4,.mp4,14452547,13.78 MiB,2026-06-19T05:09:37.811316,2026-06-20T19:09:26.528119,true,"mov,mp4,m4a,3gp,3g2,mj2",91.707917,h264,aac,406,720
current-yes,/mnt/spirit-8tb/media/yes/Devorah Roloff Nude Leaked OnlyFans Video 344 - Ibradome.mp4,Devorah Roloff Nude Leaked OnlyFans Video 344 - Ibradome.mp4,.mp4,92718800,88.42 MiB,2026-06-15T20:07:00.100072,2026-06-20T19:11:42.222974,true,"mov,mp4,m4a,3gp,3g2,mj2",218.74,hevc,aac,1280,720
current-yes,/mnt/spirit-8tb/media/yes/Emilla Official Takes Boyfriend Hug dick.mp4,Emilla Official Takes Boyfriend Hug dick.mp4,.mp4,300824609,286.89 MiB,2026-06-15T20:45:45.877903,2026-06-20T19:11:38.580925,true,"mov,mp4,m4a,3gp,3g2,mj2",998.361977,h264,aac,1280,720
current-yes,/mnt/spirit-8tb/media/yes/Heyimbee Squeezing Juicy Melons Leaked Onlyfans Video.mp4,Heyimbee Squeezing Juicy Melons Leaked Onlyfans Video.mp4,.mp4,26668149,25.43 MiB,2026-06-15T21:29:22.264658,2026-06-20T19:28:10.474266,true,"mov,mp4,m4a,3gp,3g2,mj2",56.242875,h264,aac,1080,1920
current-yes,/mnt/spirit-8tb/media/yes/Lexi Marvel Grinds That Juicy Ass In Tight Yoga Pants For This S.mp4,Lexi Marvel Grinds That Juicy Ass In Tight Yoga Pants For This S.mp4,.mp4,13176884,12.57 MiB,2026-06-15T23:23:34.556074,2026-06-20T19:10:36.293075,true,"mov,mp4,m4a,3gp,3g2,mj2",149.635024,h264,aac,406,720
current-yes,/mnt/spirit-8tb/media/yes/Devorah Roloff Video 48 Hd Leaked Content May-2025 - OnlyFans Le.mp4,Devorah Roloff Video 48 Hd Leaked Content May-2025 - OnlyFans Le.mp4,.mp4,13379896,12.76 MiB,2026-06-15T20:40:36.673704,2026-06-20T19:33:05.759207,true,"mov,mp4,m4a,3gp,3g2,mj2",109.92322,h264,aac,1280,720
current-yes,/mnt/spirit-8tb/media/yes/Comatozze Sensual Encounter in Elegant Stockings Beeg.mp4,Comatozze Sensual Encounter in Elegant Stockings Beeg.mp4,.mp4,755961877,720.94 MiB,2026-06-17T05:49:52.019732,2026-06-20T19:34:31.386348,true,"mov,mp4,m4a,3gp,3g2,mj2",1141.566,h264,aac,1920,1080
current-yes,/mnt/spirit-8tb/media/yes/41251.mp4,41251.mp4,.mp4,10778064,10.28 MiB,2026-06-15T18:37:07.500790,2026-06-15T18:37:07.500790,true,"mov,mp4,m4a,3gp,3g2,mj2",226,h264,aac,270,480
current-yes,/mnt/spirit-8tb/media/yes/video-2026-06-19T09-52-32.645Z.mp4,video-2026-06-19T09-52-32.645Z.mp4,.mp4,498195263,475.12 MiB,2026-06-20T20:04:33.952543,2026-06-20T20:04:33.960543,true,"mov,mp4,m4a,3gp,3g2,mj2",1580.675193,h264,aac,1280,720
current-yes,/mnt/spirit-8tb/media/yes/Lika Busy She Came Back from the Party Without Panties so I Fuck.mp4,Lika Busy She Came Back from the Party Without Panties so I Fuck.mp4,.mp4,580616379,553.72 MiB,2026-06-17T12:33:27.284785,2026-06-17T12:33:27.284785,true,"mov,mp4,m4a,3gp,3g2,mj2",1030.044,h264,aac,1920,1080
current-yes,/mnt/spirit-8tb/media/yes/Ruth Lee Teases Her Cunt In A Dress.mp4,Ruth Lee Teases Her Cunt In A Dress.mp4,.mp4,45791854,43.67 MiB,2026-06-17T19:35:53.972781,2026-06-20T19:31:59.994329,true,"mov,mp4,m4a,3gp,3g2,mj2",498.986667,h264,aac,406,720
current-yes,/mnt/spirit-8tb/media/yes/NotYourHoneyBB Missionary Sex.mp4,NotYourHoneyBB Missionary Sex.mp4,.mp4,157758752,150.45 MiB,2026-06-16T21:58:25.887255,2026-06-20T19:09:37.950276,true,"mov,mp4,m4a,3gp,3g2,mj2",347.543991,h264,aac,1280,720
current-yes,/mnt/spirit-8tb/media/yes/Sexy Lily Phillips Picked Up And Creampie In Self Driving Tesla.mp4,Sexy Lily Phillips Picked Up And Creampie In Self Driving Tesla.mp4,.mp4,400100722,381.57 MiB,2026-06-17T03:58:50.332901,2026-06-20T19:13:09.909167,true,"mov,mp4,m4a,3gp,3g2,mj2",1108.079433,h264,aac,1280,720
current-yes,/mnt/spirit-8tb/media/yes/Devorah Roloff Full Nude Tease Dildo Suck Onlyfans Leaked.mp4,Devorah Roloff Full Nude Tease Dildo Suck Onlyfans Leaked.mp4,.mp4,23988232,22.88 MiB,2026-06-15T20:03:57.996899,2026-06-15T20:03:57.996899,true,"mov,mp4,m4a,3gp,3g2,mj2",274.103991,h264,aac,406,720
current-yes,/mnt/spirit-8tb/media/yes/Isabelle Eleanores Pleasures A Dick Outdoors.mp4,Isabelle Eleanores Pleasures A Dick Outdoors.mp4,.mp4,67730381,64.59 MiB,2026-06-19T04:05:39.566735,2026-06-20T19:32:02.698365,true,"mov,mp4,m4a,3gp,3g2,mj2",490.602667,h264,aac,406,720
current-yes,/mnt/spirit-8tb/media/yes/Natalie Roush Stripteasing With Her Booty Hole Dropping Tight Th.mp4,Natalie Roush Stripteasing With Her Booty Hole Dropping Tight Th.mp4,.mp4,151645921,144.62 MiB,2026-06-15T23:53:12.204757,2026-06-20T19:12:38.311737,true,"mov,mp4,m4a,3gp,3g2,mj2",270.582875,h264,aac,1080,1920
current-yes,/mnt/spirit-8tb/media/yes/214616.mp4,214616.mp4,.mp4,46387767,44.24 MiB,2026-06-15T18:08:49.314274,2026-06-15T18:08:49.314274,true,"mov,mp4,m4a,3gp,3g2,mj2",767.702031,h264,aac,270,480
current-yes,/mnt/spirit-8tb/media/yes/Savaschultz savaschulz savashultz Exclusive Leaked Nude OnlyFans.mp4,Savaschultz savaschulz savashultz Exclusive Leaked Nude OnlyFans.mp4,.mp4,5183220,4.94 MiB,2026-06-16T16:25:36.590822,2026-06-20T19:20:18.639950,true,"mov,mp4,m4a,3gp,3g2,mj2",33.487683,h264,aac,608,1080
current-yes,/mnt/spirit-8tb/media/yes/unknown/OF4LM.COM is our home__377.mp4,OF4LM.COM is our home__377.mp4,.mp4,76815709,73.26 MiB,2026-06-20T19:02:54.238837,2026-06-20T19:38:11.284279,true,"mov,mp4,m4a,3gp,3g2,mj2",98.807042,h264,aac,1280,720
current-yes,/mnt/spirit-8tb/media/yes/unknown/OF4LM.COM is our home__406.mp4,OF4LM.COM is our home__406.mp4,.mp4,77456929,73.87 MiB,2026-06-20T19:02:23.795434,2026-06-20T19:35:50.251400,true,"mov,mp4,m4a,3gp,3g2,mj2",99.84975,h264,aac,1040,760
current-yes,/mnt/spirit-8tb/media/yes/unknown/107016.mp4,107016.mp4,.mp4,6160688,5.88 MiB,2026-06-20T19:02:35.483589,2026-06-20T19:36:33.242973,true,"mov,mp4,m4a,3gp,3g2,mj2",44.496939,h264,aac,720,404
current-yes,/mnt/spirit-8tb/media/yes/unknown/OF4LM.COM is our home__400.mp4,OF4LM.COM is our home__400.mp4,.mp4,39434671,37.61 MiB,2026-06-20T19:02:46.040729,2026-06-20T19:36:58.053303,true,"mov,mp4,m4a,3gp,3g2,mj2",50.633917,h264,aac,1184,888
current-yes,/mnt/spirit-8tb/media/yes/unknown/OF4LM.COM is our home__360.mp4,OF4LM.COM is our home__360.mp4,.mp4,26694757,25.46 MiB,2026-06-20T19:02:36.063596,2026-06-20T19:36:33.807980,true,"mov,mp4,m4a,3gp,3g2,mj2",33.992292,h264,aac,1280,720
current-yes,/mnt/spirit-8tb/media/yes/unknown/JoinUs @RisqueMega 64.mp4,JoinUs @RisqueMega 64.mp4,.mp4,629115851,599.97 MiB,2026-06-20T19:02:53.186823,2026-06-20T19:38:09.778259,true,"mov,mp4,m4a,3gp,3g2,mj2",815.606458,h264,aac,1920,1080
current-yes,/mnt/spirit-8tb/media/yes/unknown/3888823_hq.mp4,3888823_hq.mp4,.mp4,95930069,91.49 MiB,2026-06-20T19:02:44.818712,2026-06-20T19:36:49.452189,true,"mov,mp4,m4a,3gp,3g2,mj2",999.038005,h264,aac,960,720
current-yes,/mnt/spirit-8tb/media/yes/unknown/JoinUs @RisqueMega 233.mp4,JoinUs @RisqueMega 233.mp4,.mp4,318497028,303.74 MiB,2026-06-20T19:02:30.981529,2026-06-20T19:36:30.024930,true,"mov,mp4,m4a,3gp,3g2,mj2",413.454708,h264,aac,1920,1080
current-yes,/mnt/spirit-8tb/media/yes/unknown/0nLf0hfdEcUrDyYt.mp4,0nLf0hfdEcUrDyYt.mp4,.mp4,5067916,4.83 MiB,2026-06-20T19:02:22.707420,2026-06-20T19:35:46.030343,true,"mov,mp4,m4a,3gp,3g2,mj2",50.3,h264,aac,284,480
current-yes,/mnt/spirit-8tb/media/yes/unknown/97970164000c08f0fef549c141e1af0d5c2b4510c51.mp4,97970164000c08f0fef549c141e1af0d5c2b4510c51.mp4,.mp4,131927171,125.82 MiB,2026-06-20T19:02:42.985688,2026-06-20T19:36:46.000143,true,"mov,mp4,m4a,3gp,3g2,mj2",926.383,h264,aac,404,720
current-yes,/mnt/spirit-8tb/media/yes/unknown/OF4LM.COM is our home__315.mp4,OF4LM.COM is our home__315.mp4,.mp4,11518816,10.99 MiB,2026-06-20T19:02:45.193717,2026-06-20T19:36:51.599217,true,"mov,mp4,m4a,3gp,3g2,mj2",14.097417,h264,aac,1280,720
current-yes,/mnt/spirit-8tb/media/yes/unknown/ScreenRecording_05-20-2026 23-18-19_1.mp4,ScreenRecording_05-20-2026 23-18-19_1.mp4,.mp4,114911439,109.59 MiB,2026-06-20T19:02:25.341455,2026-06-20T19:36:01.045543,true,"mov,mp4,m4a,3gp,3g2,mj2",62.385011,hevc,aac,884,1920
current-yes,/mnt/spirit-8tb/media/yes/unknown/JoinUs @RisqueMega 184.mp4,JoinUs @RisqueMega 184.mp4,.mp4,433398339,413.32 MiB,2026-06-20T19:02:40.769659,2026-06-20T19:36:42.179092,true,"mov,mp4,m4a,3gp,3g2,mj2",561.686125,h264,aac,1920,1080
current-yes,/mnt/spirit-8tb/media/yes/unknown/407017_720p.mp4,407017_720p.mp4,.mp4,35608489,33.96 MiB,2026-06-20T19:02:35.124584,2026-06-20T19:36:32.519963,true,"mov,mp4,m4a,3gp,3g2,mj2",280.384,h264,aac,360,636
current-yes,/mnt/spirit-8tb/media/yes/mi-mpyvel2x-929d9042/spiritos-convert-test-375m.mp4,spiritos-convert-test-375m.mp4,.mp4,392858929,374.66 MiB,2026-06-17T01:14:26.084542,2026-06-20T19:38:15.545336,true,"mov,mp4,m4a,3gp,3g2,mj2",594.45,h264,aac,1920,1080
current-yes,/mnt/spirit-8tb/media/yes/models/katievaynes/0c194b909a8200e58550eaff39154d1faaa821f417d6a10ca949c247c50fed94.mp4,0c194b909a8200e58550eaff39154d1faaa821f417d6a10ca949c247c50fed94.mp4,.mp4,26345752,25.13 MiB,2026-06-20T19:02:54.775844,2026-06-20T19:38:52.692831,true,"mov,mp4,m4a,3gp,3g2,mj2",23.9239,h264,aac,1920,1080
current-yes,/mnt/spirit-8tb/media/yes/models/bearuby/442610_720p.mp4,442610_720p.mp4,.mp4,37230842,35.51 MiB,2026-06-20T19:02:55.575855,2026-06-20T19:38:57.066889,true,"mov,mp4,m4a,3gp,3g2,mj2",401.002667,h264,aac,404,720
current-yes,/mnt/spirit-8tb/media/yes/models/bearuby/400317_720p.mp4,400317_720p.mp4,.mp4,47826742,45.61 MiB,2026-06-20T19:02:57.621882,2026-06-20T19:39:00.255932,true,"mov,mp4,m4a,3gp,3g2,mj2",468.801667,h264,aac,406,720
current-yes,/mnt/spirit-8tb/media/yes/models/bearuby/398761_720p.mp4,398761_720p.mp4,.mp4,31661017,30.19 MiB,2026-06-20T19:02:56.453866,2026-06-20T19:38:59.369920,true,"mov,mp4,m4a,3gp,3g2,mj2",314.9146,h264,aac,406,720
current-yes,/mnt/spirit-8tb/media/yes/models/leighbunbun/Visit onlyshare.io FOR MORE (8).mp4,Visit onlyshare.io FOR MORE (8).mp4,.mp4,55332943,52.77 MiB,2026-06-20T19:02:58.954899,2026-06-20T19:39:01.652950,true,"mov,mp4,m4a,3gp,3g2,mj2",71.18,h264,aac,404,720
current-yes,/mnt/spirit-8tb/media/yes/models/sakhovanski/79568.mp4,79568.mp4,.mp4,35530236,33.88 MiB,2026-06-20T19:02:59.571908,2026-06-20T19:39:02.365960,true,"mov,mp4,m4a,3gp,3g2,mj2",223.264708,h264,aac,406,720
current-yes,/mnt/spirit-8tb/media/yes/models/azilia-hadid/@boomboomhub TG (50).mp4,@boomboomhub TG (50).mp4,.mp4,106462298,101.53 MiB,2026-06-20T19:03:02.451946,2026-06-20T19:39:04.968995,true,"mov,mp4,m4a,3gp,3g2,mj2",137.38725,h264,aac,1080,1920
current-yes,/mnt/spirit-8tb/media/yes/models/azilia-hadid/@boomboomhub TG (39).mp4,@boomboomhub TG (39).mp4,.mp4,271498774,258.92 MiB,2026-06-20T19:03:06.029993,2026-06-20T19:39:08.791045,true,"mov,mp4,m4a,3gp,3g2,mj2",351.60125,h264,aac,1080,1920
current-yes,/mnt/spirit-8tb/media/yes/models/azilia-hadid/@boomboomhub TG (43).mp4,@boomboomhub TG (43).mp4,.mp4,71112035,67.82 MiB,2026-06-20T19:03:00.484920,2026-06-20T19:39:03.406974,true,"mov,mp4,m4a,3gp,3g2,mj2",91.716625,h264,aac,720,1280
current-yes,/mnt/spirit-8tb/media/yes/models/lustcnotal/455505_720p.mp4,455505_720p.mp4,.mp4,18644349,17.78 MiB,2026-06-20T19:03:06.508999,2026-06-20T19:39:09.483055,true,"mov,mp4,m4a,3gp,3g2,mj2",130,h264,aac,406,720
current-yes,/mnt/spirit-8tb/media/yes/models/ruth-lee/362027_720p.mp4,362027_720p.mp4,.mp4,191957338,183.06 MiB,2026-06-20T19:03:08.985032,2026-06-20T19:39:21.786219,true,"mov,mp4,m4a,3gp,3g2,mj2",435.560125,h264,aac,1280,720
current-yes,/mnt/spirit-8tb/media/yes/models/ruth-lee/ruth-lee-after-gym-blowjob-titty-fuck-cumshot-video-leaked-480p.mp4,ruth-lee-after-gym-blowjob-titty-fuck-cumshot-video-leaked-480p.mp4,.mp4,45149379,43.06 MiB,2026-06-20T19:03:09.652041,2026-06-20T19:39:23.089236,true,"mov,mp4,m4a,3gp,3g2,mj2",544.600998,h264,aac,270,480
current-yes,/mnt/spirit-8tb/media/yes/models/haylee-love/71357paid.mp4,71357paid.mp4,.mp4,104663074,99.81 MiB,2026-06-20T19:03:11.053059,2026-06-20T19:39:24.776258,true,"mov,mp4,m4a,3gp,3g2,mj2",844.44,h264,aac,1280,720
current-yes,/mnt/spirit-8tb/media/yes/models/haylee-love/HxtQnxktezuQzwketwMx.mp4,HxtQnxktezuQzwketwMx.mp4,.mp4,303208133,289.16 MiB,2026-06-20T19:03:14.930111,2026-06-20T19:39:48.699577,true,"mov,mp4,m4a,3gp,3g2,mj2",998.746444,h264,aac,1280,720
current-yes,/mnt/spirit-8tb/media/yes/models/sienna-ababi/Visit onlyshare.io for MORE (28).mp4,Visit onlyshare.io for MORE (28).mp4,.mp4,19218050,18.33 MiB,2026-06-20T19:03:18.857162,2026-06-20T19:40:32.077155,true,"mov,mp4,m4a,3gp,3g2,mj2",24.190833,h264,aac,672,1232
current-yes,/mnt/spirit-8tb/media/yes/models/sienna-ababi/Visit onlyshare.io for MORE (1).mp4,Visit onlyshare.io for MORE (1).mp4,.mp4,53797624,51.31 MiB,2026-06-20T19:03:17.398143,2026-06-20T19:40:22.254024,true,"mov,mp4,m4a,3gp,3g2,mj2",69.069,h264,aac,1920,1080
current-yes,/mnt/spirit-8tb/media/yes/models/sienna-ababi/Visit onlyshare.io for MORE (5).mp4,Visit onlyshare.io for MORE (5).mp4,.mp4,66625614,63.54 MiB,2026-06-20T19:03:18.262155,2026-06-20T19:40:31.277144,true,"mov,mp4,m4a,3gp,3g2,mj2",85.460375,h264,aac,1280,720
current-yes,/mnt/spirit-8tb/media/yes/models/sienna-ababi/Visit onlyshare.io for MORE (7).mp4,Visit onlyshare.io for MORE (7).mp4,.mp4,13371987,12.75 MiB,2026-06-20T19:03:16.396130,2026-06-20T19:40:05.041795,true,"mov,mp4,m4a,3gp,3g2,mj2",16.307958,h264,aac,1280,720
current-yes,/mnt/spirit-8tb/media/yes/models/sienna-ababi/@DailyLeaksMain_5a6152622c58eb1a882b28ad94a5b92dbafc2eaa155bb35c1ce00b835156eba3.mp4,@DailyLeaksMain_5a6152622c58eb1a882b28ad94a5b92dbafc2eaa155bb35c1ce00b835156eba3.mp4,.mp4,72994419,69.61 MiB,2026-06-20T19:03:15.812122,2026-06-20T19:40:00.368733,true,"mov,mp4,m4a,3gp,3g2,mj2",93.676917,h264,aac,1080,1920
current-yes,/mnt/spirit-8tb/media/yes/models/mulai/99022_720p.mp4,99022_720p.mp4,.mp4,64218137,61.24 MiB,2026-06-20T19:03:20.021178,2026-06-20T19:40:33.453173,true,"mov,mp4,m4a,3gp,3g2,mj2",430,h264,aac,442,720
current-yes,/mnt/spirit-8tb/media/yes/models/katianakayfree/278848_720p.mp4,278848_720p.mp4,.mp4,57541657,54.88 MiB,2026-06-20T19:03:20.893189,2026-06-20T19:40:37.915233,true,"mov,mp4,m4a,3gp,3g2,mj2",578.44,h264,aac,406,720
current-yes,/mnt/spirit-8tb/media/yes/models/cutefru/Visit onlyshare.io for MORE 04419.mp4,Visit onlyshare.io for MORE 04419.mp4,.mp4,118784713,113.28 MiB,2026-06-20T19:03:23.179220,2026-06-20T19:40:44.354319,true,"mov,mp4,m4a,3gp,3g2,mj2",154.320833,h264,aac,1080,1516
current-yes,/mnt/spirit-8tb/media/yes/models/izzy-green/Izzy Green Finger And Dildo Fuck Pussy Squirt Everywhere For Her.mp4,Izzy Green Finger And Dildo Fuck Pussy Squirt Everywhere For Her.mp4,.mp4,84362872,80.45 MiB,2026-06-15T21:33:38.681062,2026-06-20T19:40:46.112342,true,"mov,mp4,m4a,3gp,3g2,mj2",501.338969,h264,aac,470,836
current-yes,/mnt/spirit-8tb/media/yes/models/izzy-green/Izzy Green New Titty Drop Joi Onlyfans.mp4,Izzy Green New Titty Drop Joi Onlyfans.mp4,.mp4,93780162,89.44 MiB,2026-06-16T20:44:31.879659,2026-06-16T20:44:31.879659,true,"mov,mp4,m4a,3gp,3g2,mj2",554.901,h264,aac,472,838
current-yes,/mnt/spirit-8tb/media/yes/models/izzy-green/Izzy Green Suck Till Mouth Got Filled With Cum Then Bounce On Th.mp4,Izzy Green Suck Till Mouth Got Filled With Cum Then Bounce On Th.mp4,.mp4,471984210,450.12 MiB,2026-06-15T22:19:09.566947,2026-06-20T19:40:50.160397,true,"mov,mp4,m4a,3gp,3g2,mj2",1148.607333,h264,aac,1920,1080
current-yes,/mnt/spirit-8tb/media/yes/models/izzy-green/Izzy Green Squirt Compilation Leaked Sextape.mp4,Izzy Green Squirt Compilation Leaked Sextape.mp4,.mp4,353305369,336.94 MiB,2026-06-15T21:41:51.999715,2026-06-20T19:41:08.781713,true,"mov,mp4,m4a,3gp,3g2,mj2",1194.948067,h264,aac,1920,1080
current-yes,/mnt/spirit-8tb/media/yes/models/izzy-green/ScreenRecording_05-20-2026 23-16-39_1.mp4,ScreenRecording_05-20-2026 23-16-39_1.mp4,.mp4,55524763,52.95 MiB,2026-06-20T19:03:24.024231,2026-06-20T19:40:45.438333,true,"mov,mp4,m4a,3gp,3g2,mj2",29.741202,hevc,aac,884,1920
current-yes,/mnt/spirit-8tb/media/yes/models/izzy-green/Join ✨@ofxmega on [TELEGRAM] (283).mp4,Join ✨@ofxmega on [TELEGRAM] (283).mp4,.mp4,40967718,39.07 MiB,2026-06-20T19:03:58.980693,2026-06-20T19:41:12.060769,true,"mov,mp4,m4a,3gp,3g2,mj2",52.5,h264,aac,1232,656
current-yes,/mnt/spirit-8tb/media/yes/models/izzy-green/Join ✨@ofxmega on [TELEGRAM] (218).mp4,Join ✨@ofxmega on [TELEGRAM] (218).mp4,.mp4,54937699,52.39 MiB,2026-06-20T19:03:58.001680,2026-06-20T19:41:05.905664,true,"mov,mp4,m4a,3gp,3g2,mj2",70.445375,h264,aac,1080,1920
current-yes,/mnt/spirit-8tb/media/yes/models/aaliyah-yasan/Visit onlyshare.io for MORE 86.mp4,Visit onlyshare.io for MORE 86.mp4,.mp4,541491435,516.41 MiB,2026-06-20T19:04:12.927878,2026-06-20T19:42:12.185776,true,"mov,mp4,m4a,3gp,3g2,mj2",701.992958,h264,aac,1920,1080
current-yes,/mnt/spirit-8tb/media/yes/models/aaliyah-yasan/Visit onlyshare.io for MORE 40.mp4,Visit onlyshare.io for MORE 40.mp4,.mp4,801621371,764.49 MiB,2026-06-20T19:04:06.882798,2026-06-20T19:41:39.546232,true,"mov,mp4,m4a,3gp,3g2,mj2",1039.580208,h264,aac,1080,1920
current-yes,/mnt/spirit-8tb/media/yes/models/aaliyah-yasan/Visit onlyshare.io for MORE 79.mp4,Visit onlyshare.io for MORE 79.mp4,.mp4,558447664,532.58 MiB,2026-06-20T19:04:30.642112,2026-06-20T19:43:04.113629,true,"mov,mp4,m4a,3gp,3g2,mj2",723.889833,h264,aac,1920,1080
current-yes,/mnt/spirit-8tb/media/yes/models/aaliyah-yasan/540598_720p.mp4,540598_720p.mp4,.mp4,387879135,369.91 MiB,2026-06-20T19:05:04.443559,2026-06-20T19:44:08.704671,true,"mov,mp4,m4a,3gp,3g2,mj2",1059.224833,h264,aac,1280,720
current-yes,/mnt/spirit-8tb/media/yes/models/aaliyah-yasan/Naughty Aaliyah Yasin Sucks A Big Cock While Smoking.mp4,Naughty Aaliyah Yasin Sucks A Big Cock While Smoking.mp4,.mp4,344358414,328.41 MiB,2026-06-17T00:30:10.411952,2026-06-20T19:41:45.250327,true,"mov,mp4,m4a,3gp,3g2,mj2",1034.421033,h264,aac,1280,720
current-yes,/mnt/spirit-8tb/media/yes/models/aaliyah-yasan/Visit onlyshare.io for MORE 130.mp4,Visit onlyshare.io for MORE 130.mp4,.mp4,91021001,86.80 MiB,2026-06-20T19:04:15.327910,2026-06-20T19:42:14.353811,true,"mov,mp4,m4a,3gp,3g2,mj2",117.450667,h264,aac,1080,1920
current-yes,/mnt/spirit-8tb/media/yes/models/aaliyah-yasan/HkkzMtwQexuQzwkQMekM.mp4,HkkzMtwQexuQzwkQMekM.mp4,.mp4,666688410,635.80 MiB,2026-06-20T19:04:51.061382,2026-06-20T19:43:42.809256,true,"mov,mp4,m4a,3gp,3g2,mj2",2753.410729,h264,aac,1280,720
current-yes,/mnt/spirit-8tb/media/yes/models/aaliyah-yasan/Visit onlyshare.io for MORE 50.mp4,Visit onlyshare.io for MORE 50.mp4,.mp4,746019623,711.46 MiB,2026-06-20T19:04:41.373254,2026-06-20T19:43:21.655914,true,"mov,mp4,m4a,3gp,3g2,mj2",967.341375,h264,aac,1920,1080
current-yes,/mnt/spirit-8tb/media/yes/models/aaliyah-yasan/Visit onlyshare.io for MORE 62.mp4,Visit onlyshare.io for MORE 62.mp4,.mp4,666748232,635.86 MiB,2026-06-20T19:04:22.711007,2026-06-20T19:42:37.368191,true,"mov,mp4,m4a,3gp,3g2,mj2",864.3635,h264,aac,1920,1080
current-yes,/mnt/spirit-8tb/media/yes/models/gem-the-jewels/487723_720p.mp4,487723_720p.mp4,.mp4,203563976,194.13 MiB,2026-06-20T19:05:12.661668,2026-06-20T19:44:17.759816,true,"mov,mp4,m4a,3gp,3g2,mj2",1355.06712,h264,aac,406,720
current-yes,/mnt/spirit-8tb/media/yes/models/gem-the-jewels/548555_720p.mp4,548555_720p.mp4,.mp4,240869964,229.71 MiB,2026-06-20T19:05:08.239610,2026-06-20T19:44:14.732767,true,"mov,mp4,m4a,3gp,3g2,mj2",785.159375,h264,aac,1280,720
current-yes,/mnt/spirit-8tb/media/yes/models/emiliaofficial/Emilia Bunny Sexy Schoolgirl in Pantyhose Helps with Homework Be.mp4,Emilia Bunny Sexy Schoolgirl in Pantyhose Helps with Homework Be.mp4,.mp4,425433333,405.72 MiB,2026-06-19T01:48:29.095651,2026-06-20T19:44:41.554194,true,"mov,mp4,m4a,3gp,3g2,mj2",733.866,h264,aac,1920,1080
current-yes,/mnt/spirit-8tb/media/yes/models/emiliaofficial/Emilia Bunny POV Woman Rubs Clit Receives Cum on Panties Beeg.mp4,Emilia Bunny POV Woman Rubs Clit Receives Cum on Panties Beeg.mp4,.mp4,421083282,401.58 MiB,2026-06-19T01:15:22.212796,2026-06-20T19:46:22.601776,true,"mov,mp4,m4a,3gp,3g2,mj2",766.92,h264,aac,1920,1080
current-yes,/mnt/spirit-8tb/media/yes/models/emiliaofficial/Emilia Bunny Model in Bodysuit Receives Facial After Passionate.mp4,Emilia Bunny Model in Bodysuit Receives Facial After Passionate.mp4,.mp4,331790376,316.42 MiB,2026-06-18T23:46:21.012289,2026-06-20T19:46:14.076644,true,"mov,mp4,m4a,3gp,3g2,mj2",1098.2631,h264,aac,1920,1080
current-yes,/mnt/spirit-8tb/media/yes/models/emiliaofficial/Emilia Bunny A Playful Evening with a Natural Beauty Who Always.mp4,Emilia Bunny A Playful Evening with a Natural Beauty Who Always.mp4,.mp4,412935039,393.81 MiB,2026-06-19T00:50:41.171239,2026-06-20T19:45:56.482371,true,"mov,mp4,m4a,3gp,3g2,mj2",721.066,h264,aac,1920,1080
current-yes,/mnt/spirit-8tb/media/yes/models/emiliaofficial/Emilia Bunny Schoolgirl Plays Hooky and gets Naughty on Camera B.mp4,Emilia Bunny Schoolgirl Plays Hooky and gets Naughty on Camera B.mp4,.mp4,430433566,410.49 MiB,2026-06-19T02:12:50.269576,2026-06-20T19:46:01.273445,true,"mov,mp4,m4a,3gp,3g2,mj2",966.600272,h264,aac,1920,1080
current-yes,/mnt/spirit-8tb/media/yes/models/emiliaofficial/Emilia Bunny Pov Your Sexy Gf Cant Leave the House until You Mak.mp4,Emilia Bunny Pov Your Sexy Gf Cant Leave the House until You Mak.mp4,.mp4,376296960,358.86 MiB,2026-06-19T00:26:33.749767,2026-06-20T19:45:03.474540,true,"mov,mp4,m4a,3gp,3g2,mj2",612.449524,h264,aac,1920,1080
current-yes,/mnt/spirit-8tb/media/yes/models/emiliaofficial/Строгая учительница… но после уроков разрешено всё 💦 - EmiliaBunny - Pornhub.com.mp4,Строгая учительница… но после уроков разрешено всё 💦 - EmiliaBunny - Pornhub.com.mp4,.mp4,134819155,128.57 MiB,2026-06-20T19:05:15.473705,2026-06-20T19:44:33.559067,true,"mov,mp4,m4a,3gp,3g2,mj2",847.458685,h264,aac,1280,720
current-yes,/mnt/spirit-8tb/media/yes/models/emiliaofficial/Emilia Bunny Horny Girl Takes It Deep Beeg.mp4,Emilia Bunny Horny Girl Takes It Deep Beeg.mp4,.mp4,444771116,424.17 MiB,2026-06-19T02:43:46.966230,2026-06-20T19:45:08.041612,true,"mov,mp4,m4a,3gp,3g2,mj2",1103.2,h264,aac,1920,1080
current-yes,/mnt/spirit-8tb/media/yes/models/emiliaofficial/Emilia Bunny Model Encounter Exceeds Expectations Beeg.mp4,Emilia Bunny Model Encounter Exceeds Expectations Beeg.mp4,.mp4,273841390,261.16 MiB,2026-06-18T22:23:07.799410,2026-06-20T19:45:50.944284,true,"mov,mp4,m4a,3gp,3g2,mj2",987.1521,h264,aac,1920,1080
current-yes,/mnt/spirit-8tb/media/yes/models/emiliaofficial/Emilia Bunny Help Me with the Game and Ill Help You Cum Step Sis.mp4,Emilia Bunny Help Me with the Game and Ill Help You Cum Step Sis.mp4,.mp4,485845144,463.34 MiB,2026-06-19T03:38:26.451995,2026-06-20T19:45:18.148771,true,"mov,mp4,m4a,3gp,3g2,mj2",857.164626,h264,aac,1920,1080
current-yes,/mnt/spirit-8tb/media/yes/models/emiliaofficial/Emilia Bunny 2 Cumshots. Feet Ride. the Wettest Pussy Beeg.mp4,Emilia Bunny 2 Cumshots. Feet Ride. the Wettest Pussy Beeg.mp4,.mp4,449554503,428.73 MiB,2026-06-19T03:16:35.198477,2026-06-20T19:45:30.846970,true,"mov,mp4,m4a,3gp,3g2,mj2",778.843719,h264,aac,1920,1080
current-yes,/mnt/spirit-8tb/media/yes/models/emiliaofficial/Emilia Bunny Strict Teachers Private Lesson Beeg.mp4,Emilia Bunny Strict Teachers Private Lesson Beeg.mp4,.mp4,320237525,305.40 MiB,2026-06-18T23:07:45.590222,2026-06-20T19:44:27.010963,true,"mov,mp4,m4a,3gp,3g2,mj2",968.782948,h264,aac,1920,1080
current-yes,/mnt/spirit-8tb/media/yes/models/strawberrytabby/564677_720p.mp4,564677_720p.mp4,.mp4,70392847,67.13 MiB,2026-06-20T18:46:09.666547,2026-06-20T18:49:15.755009,true,"mov,mp4,m4a,3gp,3g2,mj2",253.878625,h264,aac,608,1080
current-yes,/mnt/spirit-8tb/media/yes/models/maditay/207601_720p.mp4,207601_720p.mp4,.mp4,393069701,374.86 MiB,2026-06-20T19:05:19.961765,2026-06-20T19:46:41.350065,true,"mov,mp4,m4a,3gp,3g2,mj2",1045.29,h264,aac,1280,720
current-yes,/mnt/spirit-8tb/media/yes/models/pinkychu/176349.mp4,176349.mp4,.mp4,5871579,5.60 MiB,2026-06-20T19:05:20.473772,2026-06-20T19:46:42.242079,true,"mov,mp4,m4a,3gp,3g2,mj2",29.796433,h264,aac,406,720
current-yes,/mnt/spirit-8tb/media/yes/models/alannasworldx/438588_720p.mp4,438588_720p.mp4,.mp4,64060147,61.09 MiB,2026-06-20T19:05:24.723828,2026-06-20T19:46:56.732302,true,"mov,mp4,m4a,3gp,3g2,mj2",452.284656,h264,aac,404,720
current-yes,/mnt/spirit-8tb/media/yes/models/alannasworldx/256433_720p.mp4,256433_720p.mp4,.mp4,177296903,169.08 MiB,2026-06-20T19:05:23.473811,2026-06-20T19:46:45.247125,true,"mov,mp4,m4a,3gp,3g2,mj2",1241.615375,h264,aac,406,720
current-yes,/mnt/spirit-8tb/media/yes/models/cute-geekie/@MLHUBOF Telegram 🌌🔥 - 537.mp4,@MLHUBOF Telegram 🌌🔥 - 537.mp4,.mp4,76651228,73.10 MiB,2026-06-20T19:05:33.183940,2026-06-20T19:48:08.474396,true,"mov,mp4,m4a,3gp,3g2,mj2",98.681917,h264,aac,1076,1822
current-yes,/mnt/spirit-8tb/media/yes/models/cute-geekie/2783 cutelittlepearl leather sextape.mp4,2783 cutelittlepearl leather sextape.mp4,.mp4,204751564,195.27 MiB,2026-06-20T19:05:44.201085,2026-06-20T19:52:26.876230,true,"mov,mp4,m4a,3gp,3g2,mj2",527.727211,h264,aac,1280,720
current-yes,/mnt/spirit-8tb/media/yes/models/cute-geekie/148460_1080p.mp4,148460_1080p.mp4,.mp4,326147372,311.04 MiB,2026-06-20T19:05:40.485036,2026-06-20T19:50:40.977676,true,"mov,mp4,m4a,3gp,3g2,mj2",637.418295,h264,aac,1920,1080
current-yes,/mnt/spirit-8tb/media/yes/models/cute-geekie/@MLHUBOF Telegram 🌌🔥 - 870.mp4,@MLHUBOF Telegram 🌌🔥 - 870.mp4,.mp4,10602953,10.11 MiB,2026-06-20T18:46:18.971670,2026-06-20T18:50:52.996295,true,"mov,mp4,m4a,3gp,3g2,mj2",82.749667,h264,aac,404,720
current-yes,/mnt/spirit-8tb/media/yes/models/cute-geekie/51591.mp4,51591.mp4,.mp4,272625353,260.00 MiB,2026-06-20T18:46:13.370596,2026-06-20T18:49:29.936197,true,"mov,mp4,m4a,3gp,3g2,mj2",780.446333,h264,aac,1284,720
current-yes,/mnt/spirit-8tb/media/yes/models/cute-geekie/@MLHUBOF Telegram 🌌🔥 - 793.mp4,@MLHUBOF Telegram 🌌🔥 - 793.mp4,.mp4,189460157,180.68 MiB,2026-06-20T19:05:28.245874,2026-06-20T19:47:18.309633,true,"mov,mp4,m4a,3gp,3g2,mj2",244.786208,h264,aac,1080,1920
current-yes,/mnt/spirit-8tb/media/yes/models/cute-geekie/@MLHUBOF Telegram 🌌🔥 - 959.mp4,@MLHUBOF Telegram 🌌🔥 - 959.mp4,.mp4,25866922,24.67 MiB,2026-06-20T18:46:13.973604,2026-06-20T18:50:52.021282,true,"mov,mp4,m4a,3gp,3g2,mj2",139.732667,h264,aac,900,720
current-yes,/mnt/spirit-8tb/media/yes/models/cute-geekie/@MLHUBOF Telegram 🌌🔥 - 558.mp4,@MLHUBOF Telegram 🌌🔥 - 558.mp4,.mp4,58011353,55.32 MiB,2026-06-20T19:05:35.186966,2026-06-20T19:48:34.836794,true,"mov,mp4,m4a,3gp,3g2,mj2",66.453991,h264,aac,1078,1920
current-yes,/mnt/spirit-8tb/media/yes/models/cute-geekie/Visit onlyshare.io for MORE 05135.mp4,Visit onlyshare.io for MORE 05135.mp4,.mp4,135836622,129.54 MiB,2026-06-20T19:05:31.534918,2026-06-20T19:47:43.164011,true,"mov,mp4,m4a,3gp,3g2,mj2",125.5254,h264,aac,1920,1080
current-yes,/mnt/spirit-8tb/media/yes/models/sava-schultz/Savaschultz savaschulz savashultz Exclusive Leaked Nude OnlyFans(21).mp4,Savaschultz savaschulz savashultz Exclusive Leaked Nude OnlyFans(21).mp4,.mp4,7772604,7.41 MiB,2026-06-16T16:29:41.719210,2026-06-20T19:53:12.077888,true,"mov,mp4,m4a,3gp,3g2,mj2",29.31225,h264,aac,608,1080
current-yes,/mnt/spirit-8tb/media/yes/models/sava-schultz/watermark_9744_savaschultz_81845478182.mp4,watermark_9744_savaschultz_81845478182.mp4,.mp4,2011005,1.92 MiB,2026-06-16T16:18:52.164880,2026-06-20T19:53:13.806913,true,"mov,mp4,m4a,3gp,3g2,mj2",25.366667,h264,aac,404,720
current-yes,/mnt/spirit-8tb/media/yes/models/sava-schultz/Savaschultz savaschulz savashultz Exclusive Leaked Nude OnlyFans(13).mp4,Savaschultz savaschulz savashultz Exclusive Leaked Nude OnlyFans(13).mp4,.mp4,5677617,5.41 MiB,2026-06-15T17:59:28.621988,2026-06-20T19:53:38.764274,true,"mov,mp4,m4a,3gp,3g2,mj2",18.874,h264,aac,404,720
current-yes,/mnt/spirit-8tb/media/yes/models/sava-schultz/Savaschultz savaschulz savashultz Exclusive Leaked Nude OnlyFans(15).mp4,Savaschultz savaschulz savashultz Exclusive Leaked Nude OnlyFans(15).mp4,.mp4,3901376,3.72 MiB,2026-06-16T16:24:30.580431,2026-06-20T19:52:40.571430,true,"mov,mp4,m4a,3gp,3g2,mj2",33.874,h264,aac,404,720
current-yes,/mnt/spirit-8tb/media/yes/models/sava-schultz/Sava.Schultz - Sava Schultz Onlyfans Leaked Naked Video.mp4,Sava.Schultz - Sava Schultz Onlyfans Leaked Naked Video.mp4,.mp4,7555115,7.21 MiB,2026-06-16T16:29:41.475206,2026-06-16T16:29:41.475206,true,"mov,mp4,m4a,3gp,3g2,mj2",52.990583,h264,aac,720,1280
current-yes,/mnt/spirit-8tb/media/yes/models/sava-schultz/Savaschultz savaschulz savashultz Exclusive Leaked Nude OnlyFans(19).mp4,Savaschultz savaschulz savashultz Exclusive Leaked Nude OnlyFans(19).mp4,.mp4,3765522,3.59 MiB,2026-06-16T16:23:31.456738,2026-06-20T19:53:13.405907,true,"mov,mp4,m4a,3gp,3g2,mj2",29.270542,h264,aac,608,1080
current-yes,/mnt/spirit-8tb/media/yes/models/sava-schultz/Sava Schultz - Videos - leak stars nackt leaks download leaked(5).mp4,Sava Schultz - Videos - leak stars nackt leaks download leaked(5).mp4,.mp4,8600693,8.20 MiB,2026-06-16T16:31:28.275826,2026-06-16T16:31:28.275826,true,"mov,mp4,m4a,3gp,3g2,mj2",61.081989,h264,aac,720,1280
current-yes,/mnt/spirit-8tb/media/yes/models/sava-schultz/(116).mp4,(116).mp4,.mp4,18785382,17.92 MiB,2026-06-20T19:05:46.409115,2026-06-20T19:52:59.743709,true,"mov,mp4,m4a,3gp,3g2,mj2",23.732042,h264,aac,720,1280
current-yes,/mnt/spirit-8tb/media/yes/models/sava-schultz/Sava Schultz - Videos - leak stars nackt leaks download leaked(4).mp4,Sava Schultz - Videos - leak stars nackt leaks download leaked(4).mp4,.mp4,2304942,2.20 MiB,2026-06-16T16:20:43.878633,2026-06-16T16:20:43.878633,true,"mov,mp4,m4a,3gp,3g2,mj2",16.495789,h264,aac,720,1280
current-yes,/mnt/spirit-8tb/media/yes/models/sava-schultz/Savaschultz savaschulz savashultz Exclusive Leaked Nude OnlyFans(18).mp4,Savaschultz savaschulz savashultz Exclusive Leaked Nude OnlyFans(18).mp4,.mp4,10103177,9.64 MiB,2026-06-16T16:36:01.997441,2026-06-20T19:53:18.114975,true,"mov,mp4,m4a,3gp,3g2,mj2",31.174,h264,aac,404,720
current-yes,/mnt/spirit-8tb/media/yes/models/sava-schultz/Sava Schultz - Videos - leak stars nackt leaks download leaked(3).mp4,Sava Schultz - Videos - leak stars nackt leaks download leaked(3).mp4,.mp4,570392,557.02 KiB,2026-06-16T16:15:04.715291,2026-06-20T19:53:38.234267,true,mpegts,4.025322,h264,aac,720,1280
current-yes,/mnt/spirit-8tb/media/yes/models/sava-schultz/Savaschultz savaschulz savashultz Exclusive Leaked Nude OnlyFans(17).mp4,Savaschultz savaschulz savashultz Exclusive Leaked Nude OnlyFans(17).mp4,.mp4,11072864,10.56 MiB,2026-06-15T18:00:01.684486,2026-06-20T19:53:36.700245,true,"mov,mp4,m4a,3gp,3g2,mj2",38.634,h264,aac,404,720
current-yes,/mnt/spirit-8tb/media/yes/models/sava-schultz/(28).mp4,(28).mp4,.mp4,3748688,3.58 MiB,2026-06-20T18:46:19.591678,2026-06-20T18:50:55.192324,true,"mov,mp4,m4a,3gp,3g2,mj2",20.30325,h264,aac,608,1080
current-yes,/mnt/spirit-8tb/media/yes/models/sava-schultz/46783.mp4,46783.mp4,.mp4,12142634,11.58 MiB,2026-06-20T19:05:53.065203,2026-06-20T19:53:35.492227,true,"mov,mp4,m4a,3gp,3g2,mj2",59.851458,h264,aac,394,720
current-yes,/mnt/spirit-8tb/media/yes/models/sava-schultz/Sava Schultz grinding BBC so lewd leak.mp4,Sava Schultz grinding BBC so lewd leak.mp4,.mp4,9899427,9.44 MiB,2026-06-16T16:35:39.267164,2026-06-20T19:53:11.402878,true,"mov,mp4,m4a,3gp,3g2,mj2",58.1,h264,aac,254,480
current-yes,/mnt/spirit-8tb/media/yes/models/sava-schultz/Sava Schultz - Videos - leak stars nackt leaks download leaked(2).mp4,Sava Schultz - Videos - leak stars nackt leaks download leaked(2).mp4,.mp4,3520042,3.36 MiB,2026-06-16T16:23:31.260737,2026-06-16T16:23:31.260737,true,"mov,mp4,m4a,3gp,3g2,mj2",25.0877,h264,aac,720,1280
current-yes,/mnt/spirit-8tb/media/yes/models/sava-schultz/169901_1080p.mp4,169901_1080p.mp4,.mp4,17627866,16.81 MiB,2026-06-20T19:05:48.272139,2026-06-20T19:53:10.388863,true,"mov,mp4,m4a,3gp,3g2,mj2",94.155917,h264,aac,720,1280
current-yes,/mnt/spirit-8tb/media/yes/models/sava-schultz/Sava.schultz Ass PPV OnlyFans Video Leaked.mp4,Sava.schultz Ass PPV OnlyFans Video Leaked.mp4,.mp4,6366161,6.07 MiB,2026-06-16T16:28:13.641754,2026-06-16T16:28:13.641754,true,"mov,mp4,m4a,3gp,3g2,mj2",91.143991,h264,aac,406,720
current-yes,/mnt/spirit-8tb/media/yes/models/sava-schultz/Sava Schultz - Videos - leak stars nackt leaks download leaked(1).mp4,Sava Schultz - Videos - leak stars nackt leaks download leaked(1).mp4,.mp4,3115096,2.97 MiB,2026-06-16T16:21:50.147073,2026-06-20T19:53:23.130048,true,"mov,mp4,m4a,3gp,3g2,mj2",22.126411,h264,aac,720,1280
current-yes,/mnt/spirit-8tb/media/yes/models/sava-schultz/Savaschultz savaschulz savashultz Exclusive Leaked Nude OnlyFans(25).mp4,Savaschultz savaschulz savashultz Exclusive Leaked Nude OnlyFans(25).mp4,.mp4,4331442,4.13 MiB,2026-06-16T16:25:14.488368,2026-06-20T19:53:13.127903,true,"mov,mp4,m4a,3gp,3g2,mj2",11.874,h264,aac,404,720
current-yes,/mnt/spirit-8tb/media/yes/models/sava-schultz/Savaschultz savaschulz savashultz Exclusive Leaked Nude OnlyFans(1).mp4,Savaschultz savaschulz savashultz Exclusive Leaked Nude OnlyFans(1).mp4,.mp4,1815120,1.73 MiB,2026-06-16T16:17:41.586396,2026-06-20T19:53:22.847044,true,"mov,mp4,m4a,3gp,3g2,mj2",20.474,h264,aac,404,720
current-yes,/mnt/spirit-8tb/media/yes/models/sava-schultz/Savaschultz savaschulz savashultz Exclusive Leaked Nude OnlyFans(22).mp4,Savaschultz savaschulz savashultz Exclusive Leaked Nude OnlyFans(22).mp4,.mp4,1091491,1.04 MiB,2026-06-16T16:15:14.335360,2026-06-20T19:53:23.620055,true,"mov,mp4,m4a,3gp,3g2,mj2",12.086708,h264,aac,480,848
current-yes,/mnt/spirit-8tb/media/yes/models/sava-schultz/Sava.schultz Horny Tease OnlyFans Video Leaked.mp4,Sava.schultz Horny Tease OnlyFans Video Leaked.mp4,.mp4,7245753,6.91 MiB,2026-06-16T16:28:47.416327,2026-06-16T16:28:47.416327,true,"mov,mp4,m4a,3gp,3g2,mj2",81.063991,h264,aac,406,720
current-yes,/mnt/spirit-8tb/media/yes/models/sava-schultz/Savaschultz savaschulz savashultz Exclusive Leaked Nude OnlyFans(11).mp4,Savaschultz savaschulz savashultz Exclusive Leaked Nude OnlyFans(11).mp4,.mp4,3507251,3.34 MiB,2026-06-16T16:22:48.082454,2026-06-20T19:53:12.769898,true,"mov,mp4,m4a,3gp,3g2,mj2",46.08,h264,aac,392,720
current-yes,/mnt/spirit-8tb/media/yes/models/sava-schultz/6513.mp4,6513.mp4,.mp4,1251429,1.19 MiB,2026-06-15T17:59:15.807794,2026-06-15T18:03:03.853207,true,"mov,mp4,m4a,3gp,3g2,mj2",30.6,h264,aac,270,480
current-yes,/mnt/spirit-8tb/media/yes/models/sava-schultz/Savaschultz savaschulz savashultz Exclusive Leaked Nude OnlyFans(14).mp4,Savaschultz savaschulz savashultz Exclusive Leaked Nude OnlyFans(14).mp4,.mp4,645614,630.48 KiB,2026-06-16T16:15:10.594333,2026-06-20T19:53:17.815971,true,"mov,mp4,m4a,3gp,3g2,mj2",4.766667,h264,,720,900
current-yes,/mnt/spirit-8tb/media/yes/models/sava-schultz/Savaschultz savaschulz savashultz Exclusive Leaked Nude OnlyFans(24).mp4,Savaschultz savaschulz savashultz Exclusive Leaked Nude OnlyFans(24).mp4,.mp4,4130405,3.94 MiB,2026-06-16T16:24:54.864955,2026-06-20T19:53:23.967060,true,"mov,mp4,m4a,3gp,3g2,mj2",21.30425,h264,aac,608,1080
current-yes,/mnt/spirit-8tb/media/yes/models/sava-schultz/Savaschultz savaschulz savashultz Exclusive Leaked Nude OnlyFans(23).mp4,Savaschultz savaschulz savashultz Exclusive Leaked Nude OnlyFans(23).mp4,.mp4,1358047,1.30 MiB,2026-06-16T16:16:08.420745,2026-06-20T19:53:00.112714,true,"mov,mp4,m4a,3gp,3g2,mj2",7.999292,h264,aac,608,1080
current-yes,/mnt/spirit-8tb/media/yes/models/sava-schultz/Sava-Schultz-2.mp4,Sava-Schultz-2.mp4,.mp4,34431330,32.84 MiB,2026-06-20T19:05:50.202165,2026-06-20T19:53:22.165034,true,"mov,mp4,m4a,3gp,3g2,mj2",37.037,h264,aac,720,1280
current-yes,/mnt/spirit-8tb/media/yes/models/sava-schultz/(21).mp4,(21).mp4,.mp4,35337833,33.70 MiB,2026-06-20T19:05:45.172098,2026-06-20T19:52:52.957610,true,"mov,mp4,m4a,3gp,3g2,mj2",45.253542,h264,aac,720,1280
current-yes,/mnt/spirit-8tb/media/yes/models/sava-schultz/(31).mp4,(31).mp4,.mp4,24613509,23.47 MiB,2026-06-20T19:05:49.117150,2026-06-20T19:53:17.238963,true,"mov,mp4,m4a,3gp,3g2,mj2",31.364667,h264,aac,720,1280
current-yes,/mnt/spirit-8tb/media/yes/models/sava-schultz/169902_1080p.mp4,169902_1080p.mp4,.mp4,9512879,9.07 MiB,2026-06-20T19:05:51.411181,2026-06-20T19:53:30.724158,true,"mov,mp4,m4a,3gp,3g2,mj2",60.372917,h264,aac,720,1280
current-yes,/mnt/spirit-8tb/media/yes/models/sava-schultz/Savaschultz savaschulz savashultz Exclusive Leaked Nude OnlyFans(20).mp4,Savaschultz savaschulz savashultz Exclusive Leaked Nude OnlyFans(20).mp4,.mp4,6046255,5.77 MiB,2026-06-16T16:27:17.032752,2026-06-20T19:52:39.445413,true,"mov,mp4,m4a,3gp,3g2,mj2",26.601208,h264,aac,608,1080
current-yes,/mnt/spirit-8tb/media/yes/models/sava-schultz/Sava Schultz BDSM doggy fuck so hard.mp4,Sava Schultz BDSM doggy fuck so hard.mp4,.mp4,16830782,16.05 MiB,2026-06-16T16:39:21.921744,2026-06-20T19:52:53.877623,true,"mov,mp4,m4a,3gp,3g2,mj2",60.016667,h264,aac,270,480
current-yes,/mnt/spirit-8tb/media/yes/models/sava-schultz/(19).mp4,(19).mp4,.mp4,39064427,37.25 MiB,2026-06-20T19:05:47.214125,2026-06-20T19:53:07.221817,true,"mov,mp4,m4a,3gp,3g2,mj2",50.175125,h264,aac,720,1062
current-yes,/mnt/spirit-8tb/media/yes/models/sava-schultz/Savaschultz savaschulz savashultz Exclusive Leaked Nude OnlyFans(12).mp4,Savaschultz savaschulz savashultz Exclusive Leaked Nude OnlyFans(12).mp4,.mp4,1759845,1.68 MiB,2026-06-16T16:17:22.362263,2026-06-20T19:53:22.641041,true,"mov,mp4,m4a,3gp,3g2,mj2",14.964583,h264,aac,608,1080
current-yes,/mnt/spirit-8tb/media/yes/models/sava-schultz/Sava schultz savaschultz 1 nectgbustytiktokteenpussybig boobshot(1).mp4,Sava schultz savaschultz 1 nectgbustytiktokteenpussybig boobshot(1).mp4,.mp4,2855173,2.72 MiB,2026-06-16T16:21:24.902906,2026-06-16T16:21:24.902906,true,"mov,mp4,m4a,3gp,3g2,mj2",32.415057,h264,aac,358,640
current-yes,/mnt/spirit-8tb/media/yes/models/sava-schultz/Savaschultz savaschulz savashultz Exclusive Leaked Nude OnlyFans(9).mp4,Savaschultz savaschulz savashultz Exclusive Leaked Nude OnlyFans(9).mp4,.mp4,19741765,18.83 MiB,2026-06-15T18:00:48.876196,2026-06-20T19:53:24.610070,true,"mov,mp4,m4a,3gp,3g2,mj2",62.84575,h264,aac,1280,720
current-yes,/mnt/spirit-8tb/media/yes/models/sava-schultz/Savaschultz savaschulz savashultz Exclusive Leaked Nude OnlyFans(16).mp4,Savaschultz savaschulz savashultz Exclusive Leaked Nude OnlyFans(16).mp4,.mp4,1779730,1.70 MiB,2026-06-16T16:17:30.864322,2026-06-20T19:53:38.954277,true,"mov,mp4,m4a,3gp,3g2,mj2",19.994,h264,aac,404,720
current-yes,/mnt/spirit-8tb/media/yes/models/sava-schultz/Sava Schultz - Videos - leak stars nackt leaks download leaked.mp4,Sava Schultz - Videos - leak stars nackt leaks download leaked.mp4,.mp4,3900484,3.72 MiB,2026-06-16T16:24:30.376427,2026-06-16T16:24:30.376427,true,"mov,mp4,m4a,3gp,3g2,mj2",27.162,h264,aac,1280,720
current-yes,/mnt/spirit-8tb/media/yes/models/jakara-mitchell/Jakara Mitchell Sexy Ass Tease and JOI.mp4,Jakara Mitchell Sexy Ass Tease and JOI.mp4,.mp4,50415236,48.08 MiB,2026-06-16T17:42:59.780329,2026-06-20T19:54:33.052058,true,"mov,mp4,m4a,3gp,3g2,mj2",499.285333,h264,aac,400,720
current-yes,/mnt/spirit-8tb/media/yes/models/jakara-mitchell/Fap__01cfdec15d25f9cd19397c0709e49162.mp4,Fap__01cfdec15d25f9cd19397c0709e49162.mp4,.mp4,220218023,210.02 MiB,2026-06-20T19:06:11.738450,2026-06-20T19:55:16.207678,true,"mov,mp4,m4a,3gp,3g2,mj2",204.0038,h264,aac,1080,1920
current-yes,/mnt/spirit-8tb/media/yes/models/jakara-mitchell/Fap__1c31400144c5b4a8cb977202cfb8121c.mp4,Fap__1c31400144c5b4a8cb977202cfb8121c.mp4,.mp4,46641046,44.48 MiB,2026-06-20T19:06:08.916412,2026-06-20T19:54:48.780284,true,"mov,mp4,m4a,3gp,3g2,mj2",59.934875,h264,aac,720,1280
current-yes,/mnt/spirit-8tb/media/yes/models/jakara-mitchell/v.mp4,v.mp4,.mp4,94145805,89.78 MiB,2026-06-20T19:05:58.378273,2026-06-20T19:54:05.185656,true,"mov,mp4,m4a,3gp,3g2,mj2",541.541,h264,aac,606,1080
current-yes,/mnt/spirit-8tb/media/yes/models/jakara-mitchell/v 1.mp4,v 1.mp4,.mp4,59520865,56.76 MiB,2026-06-20T19:06:00.362299,2026-06-20T19:54:10.229729,true,"mov,mp4,m4a,3gp,3g2,mj2",490.433984,h264,aac,404,720
current-yes,/mnt/spirit-8tb/media/yes/models/jakara-mitchell/Karamitch- gym bg.mp4,Karamitch- gym bg.mp4,.mp4,284334185,271.16 MiB,2026-06-15T22:56:11.509519,2026-06-20T19:54:18.703851,true,"mov,mp4,m4a,3gp,3g2,mj2",1307.523008,h264,aac,406,720
current-yes,/mnt/spirit-8tb/media/yes/models/jakara-mitchell/Fap__5e5eb028f60361971febc5850e5c000c.mp4,Fap__5e5eb028f60361971febc5850e5c000c.mp4,.mp4,243297199,232.03 MiB,2026-06-20T19:06:15.243496,2026-06-20T19:56:09.810445,true,"mov,mp4,m4a,3gp,3g2,mj2",686.394042,h264,aac,1920,1080
current-yes,/mnt/spirit-8tb/media/yes/models/jakara-mitchell/Jakara Mitchell Glasses Sex Tape Video Leaked - Fapptime.mp4,Jakara Mitchell Glasses Sex Tape Video Leaked - Fapptime.mp4,.mp4,128927376,122.95 MiB,2026-06-20T19:05:55.454234,2026-06-20T19:53:47.385399,true,"mov,mp4,m4a,3gp,3g2,mj2",1119.566,h264,aac,404,720
current-yes,/mnt/spirit-8tb/media/yes/models/brenda-trindade/467345_720p.mp4,467345_720p.mp4,.mp4,46669863,44.51 MiB,2026-06-20T19:06:16.813517,2026-06-20T19:56:21.103606,true,"mov,mp4,m4a,3gp,3g2,mj2",344.977967,h264,aac,406,720
current-yes,/mnt/spirit-8tb/media/yes/models/amburne/141711.mp4,141711.mp4,.mp4,8806111,8.40 MiB,2026-06-20T19:06:17.574527,2026-06-20T19:56:27.880703,true,"mov,mp4,m4a,3gp,3g2,mj2",18.412993,h264,aac,1280,720
current-yes,/mnt/spirit-8tb/media/yes/models/sendnudes/169870_1080p.mp4,169870_1080p.mp4,.mp4,191052542,182.20 MiB,2026-06-20T19:06:19.908558,2026-06-20T19:57:01.498182,true,"mov,mp4,m4a,3gp,3g2,mj2",279.048917,h264,aac,1080,1920
current-yes,/mnt/spirit-8tb/media/yes/models/jazmen-jafar/107774.mp4,107774.mp4,.mp4,65243975,62.22 MiB,2026-06-20T19:06:24.271616,2026-06-20T19:57:40.719739,true,"mov,mp4,m4a,3gp,3g2,mj2",455.645011,h264,aac,406,720
current-yes,/mnt/spirit-8tb/media/yes/models/jazmen-jafar/✨@ofxmega on [TELEGRAM] (286).mp4,✨@ofxmega on [TELEGRAM] (286).mp4,.mp4,14668587,13.99 MiB,2026-06-20T19:06:29.128680,2026-06-20T19:58:21.932323,true,"mov,mp4,m4a,3gp,3g2,mj2",18.393375,h264,aac,680,1276
current-yes,/mnt/spirit-8tb/media/yes/models/jazmen-jafar/484359_720p.mp4,484359_720p.mp4,.mp4,182301289,173.86 MiB,2026-06-20T19:06:32.372723,2026-06-20T19:58:50.077721,true,"mov,mp4,m4a,3gp,3g2,mj2",1113.946167,h264,aac,406,720
current-yes,/mnt/spirit-8tb/media/yes/models/jazmen-jafar/✨@ofxmega on [TELEGRAM] (276).mp4,✨@ofxmega on [TELEGRAM] (276).mp4,.mp4,19142368,18.26 MiB,2026-06-20T19:06:34.587752,2026-06-20T19:59:01.871888,true,"mov,mp4,m4a,3gp,3g2,mj2",24.232542,h264,aac,696,1276
current-yes,/mnt/spirit-8tb/media/yes/models/jazmen-jafar/jazmen-jafar-hard-fuck-and-facial.mp4,jazmen-jafar-hard-fuck-and-facial.mp4,.mp4,48789720,46.53 MiB,2026-06-16T17:39:48.028644,2026-06-20T19:57:21.606468,true,"mov,mp4,m4a,3gp,3g2,mj2",595.8,h264,aac,270,480
current-yes,/mnt/spirit-8tb/media/yes/models/jazmen-jafar/✨@ofxmega on [TELEGRAM] (278).mp4,✨@ofxmega on [TELEGRAM] (278).mp4,.mp4,17991480,17.16 MiB,2026-06-20T19:06:23.111600,2026-06-20T19:57:20.782456,true,"mov,mp4,m4a,3gp,3g2,mj2",22.77275,h264,aac,634,1020
current-yes,/mnt/spirit-8tb/media/yes/models/jazmen-jafar/✨@ofxmega on [TELEGRAM] (274).mp4,✨@ofxmega on [TELEGRAM] (274).mp4,.mp4,19386091,18.49 MiB,2026-06-20T19:06:25.870637,2026-06-20T19:57:51.932898,true,"mov,mp4,m4a,3gp,3g2,mj2",24.441083,h264,aac,672,1232
current-yes,/mnt/spirit-8tb/media/yes/models/jazmen-jafar/449071_720p.mp4,449071_720p.mp4,.mp4,55502532,52.93 MiB,2026-06-20T19:06:27.563659,2026-06-20T19:58:13.177199,true,"mov,mp4,m4a,3gp,3g2,mj2",366.248345,h264,aac,406,720
current-yes,/mnt/spirit-8tb/media/yes/models/jazmen-jafar/✨@ofxmega on [TELEGRAM] (279).mp4,✨@ofxmega on [TELEGRAM] (279).mp4,.mp4,17527128,16.72 MiB,2026-06-20T19:06:24.887624,2026-06-20T19:57:49.768867,true,"mov,mp4,m4a,3gp,3g2,mj2",22.105417,h264,aac,672,1232
current-yes,/mnt/spirit-8tb/media/yes/models/jazmen-jafar/✨@ofxmega on [TELEGRAM] (295).mp4,✨@ofxmega on [TELEGRAM] (295).mp4,.mp4,12910306,12.31 MiB,2026-06-20T19:06:33.479737,2026-06-20T19:58:57.482826,true,"mov,mp4,m4a,3gp,3g2,mj2",16.182833,h264,aac,696,1276
current-yes,/mnt/spirit-8tb/media/yes/models/jazmen-jafar/✨@ofxmega on [TELEGRAM] (299).mp4,✨@ofxmega on [TELEGRAM] (299).mp4,.mp4,12394400,11.82 MiB,2026-06-20T19:06:26.433644,2026-06-20T19:57:54.407933,true,"mov,mp4,m4a,3gp,3g2,mj2",15.390375,h264,aac,888,1658
current-yes,/mnt/spirit-8tb/media/yes/models/jazmen-jafar/83397.mp4,83397.mp4,.mp4,56948030,54.31 MiB,2026-06-20T19:06:22.107587,2026-06-20T19:57:16.388393,true,"mov,mp4,m4a,3gp,3g2,mj2",307.593991,h264,aac,406,720
current-yes,/mnt/spirit-8tb/media/yes/models/jazmen-jafar/✨@ofxmega on [TELEGRAM] (288).mp4,✨@ofxmega on [TELEGRAM] (288).mp4,.mp4,14458726,13.79 MiB,2026-06-20T19:06:21.053573,2026-06-20T19:57:06.238249,true,"mov,mp4,m4a,3gp,3g2,mj2",18.101417,h264,aac,694,1232
current-yes,/mnt/spirit-8tb/media/yes/models/whoahannahjo/43619.mp4,43619.mp4,.mp4,34969369,33.35 MiB,2026-06-20T19:06:40.107825,2026-06-20T19:59:17.656111,true,"mov,mp4,m4a,3gp,3g2,mj2",246.833333,h264,aac,394,720
current-yes,/mnt/spirit-8tb/media/yes/models/whoahannahjo/v 3.mp4,v 3.mp4,.mp4,53625092,51.14 MiB,2026-06-20T19:06:42.289854,2026-06-20T19:59:20.939157,true,"mov,mp4,m4a,3gp,3g2,mj2",295.7,h264,aac,608,1080
current-yes,/mnt/spirit-8tb/media/yes/models/whoahannahjo/HkxQxzewMkuQzwkQneee.mp4,HkxQxzewMkuQzwkQneee.mp4,.mp4,38854095,37.05 MiB,2026-06-20T19:06:41.132838,2026-06-20T19:59:19.840142,true,"mov,mp4,m4a,3gp,3g2,mj2",196.399489,h264,aac,1280,720
current-yes,/mnt/spirit-8tb/media/yes/models/whoahannahjo/v 4.mp4,v 4.mp4,.mp4,226085563,215.61 MiB,2026-06-20T19:06:37.154786,2026-06-20T19:59:11.856029,true,"mov,mp4,m4a,3gp,3g2,mj2",950.116,h264,aac,1920,1080
current-yes,/mnt/spirit-8tb/media/yes/models/whoahannahjo/n6utt4v0th~oBjJ4OdyPb.mp4,n6utt4v0th~oBjJ4OdyPb.mp4,.mp4,105325223,100.45 MiB,2026-06-20T19:06:39.202813,2026-06-20T19:59:16.278091,true,"mov,mp4,m4a,3gp,3g2,mj2",603.833333,h264,aac,1280,720
current-yes,/mnt/spirit-8tb/media/yes/models/angela-white/556530_720p.mp4,556530_720p.mp4,.mp4,550263227,524.77 MiB,2026-06-20T18:46:27.146778,2026-06-20T18:51:06.171470,true,"mov,mp4,m4a,3gp,3g2,mj2",1561.426167,h264,aac,1280,720
current-yes,/mnt/spirit-8tb/media/yes/models/sendnudesx/PlugLeakz.net - Join Telegram @PlugLeaksHub (224).mp4,PlugLeakz.net - Join Telegram @PlugLeaksHub (224).mp4,.mp4,528198691,503.73 MiB,2026-06-20T19:06:49.432953,2026-06-20T20:00:14.435911,true,"mov,mp4,m4a,3gp,3g2,mj2",684.558875,h264,aac,1080,1920
current-yes,/mnt/spirit-8tb/media/yes/models/sendnudesx/PlugLeakz.net - Join Telegram @PlugLeaksHub (198).mp4,PlugLeakz.net - Join Telegram @PlugLeaksHub (198).mp4,.mp4,185587314,176.99 MiB,2026-06-20T19:06:52.143991,2026-06-20T20:00:24.193048,true,"mov,mp4,m4a,3gp,3g2,mj2",239.781208,h264,aac,1080,1920
current-yes,/mnt/spirit-8tb/media/yes/models/yummy-couple/Ayucpl.mp4,Ayucpl.mp4,.mp4,500537437,477.35 MiB,2026-06-20T19:06:58.289076,2026-06-20T20:00:39.953269,true,"mov,mp4,m4a,3gp,3g2,mj2",648.939958,h264,aac,1920,1080
current-yes,/mnt/spirit-8tb/media/yes/models/zoey-uso/2209.mp4,2209.mp4,.mp4,291954475,278.43 MiB,2026-06-20T19:07:02.653136,2026-06-20T20:00:50.284415,true,"mov,mp4,m4a,3gp,3g2,mj2",2452.665938,h264,aac,854,480
current-yes,/mnt/spirit-8tb/media/yes/models/kinkykttn/444474.mp4,444474.mp4,.mp4,12433684,11.86 MiB,2026-06-20T19:07:04.329159,2026-06-20T20:00:54.118469,true,"mov,mp4,m4a,3gp,3g2,mj2",59.80975,h264,aac,854,480
current-yes,/mnt/spirit-8tb/media/yes/models/kinkykttn/OF4LM.COM is our home__282.mp4,OF4LM.COM is our home__282.mp4,.mp4,98930019,94.35 MiB,2026-06-20T19:07:07.148199,2026-06-20T20:00:57.238512,true,"mov,mp4,m4a,3gp,3g2,mj2",127.752625,h264,aac,1280,720
current-yes,/mnt/spirit-8tb/media/yes/models/kinkykttn/OF4LM.COM is our home__297.mp4,OF4LM.COM is our home__297.mp4,.mp4,30120770,28.73 MiB,2026-06-20T19:07:05.575177,2026-06-20T20:00:56.105496,true,"mov,mp4,m4a,3gp,3g2,mj2",38.56,h264,aac,990,588
current-yes,/mnt/spirit-8tb/media/yes/models/kinkykttn/444464.mp4,444464.mp4,.mp4,6896728,6.58 MiB,2026-06-20T19:07:03.755152,2026-06-20T20:00:52.174441,true,"mov,mp4,m4a,3gp,3g2,mj2",62.187125,h264,aac,296,480
current-yes,/mnt/spirit-8tb/media/yes/models/chloe-lamb/v 5.mp4,v 5.mp4,.mp4,229963559,219.31 MiB,2026-06-20T19:07:19.766373,2026-06-20T20:01:11.044706,true,"mov,mp4,m4a,3gp,3g2,mj2",968.218,h264,aac,1080,1080
current-yes,/mnt/spirit-8tb/media/yes/models/chloe-lamb/JoinUs @RisqueMega 25.mp4,JoinUs @RisqueMega 25.mp4,.mp4,790227436,753.62 MiB,2026-06-20T19:07:38.071626,2026-06-20T20:01:50.491259,true,"mov,mp4,m4a,3gp,3g2,mj2",1024.648625,h264,aac,1080,1920
current-yes,/mnt/spirit-8tb/media/yes/models/chloe-lamb/JoinUs @RisqueMega 61.mp4,JoinUs @RisqueMega 61.mp4,.mp4,566805180,540.55 MiB,2026-06-20T19:07:27.961487,2026-06-20T20:01:23.638883,true,"mov,mp4,m4a,3gp,3g2,mj2",734.608875,h264,aac,1920,1080
current-yes,/mnt/spirit-8tb/media/yes/models/chloe-lamb/442642_720p.mp4,442642_720p.mp4,.mp4,70762008,67.48 MiB,2026-06-20T19:07:20.977390,2026-06-20T20:01:12.485726,true,"mov,mp4,m4a,3gp,3g2,mj2",881.338792,h264,aac,404,720
current-yes,/mnt/spirit-8tb/media/yes/models/chloe-lamb/vid_480p.mp4,vid_480p.mp4,.mp4,72734697,69.37 MiB,2026-06-20T19:07:29.966514,2026-06-20T20:01:25.082903,true,"mov,mp4,m4a,3gp,3g2,mj2",544.066757,h264,aac,852,480
current-yes,/mnt/spirit-8tb/media/yes/models/mackzjones/15517_720p.mp4,15517_720p.mp4,.mp4,44634144,42.57 MiB,2026-06-20T19:07:39.458646,2026-06-20T20:01:53.677304,true,"mov,mp4,m4a,3gp,3g2,mj2",242.583333,h264,aac,1280,720
current-yes-models,/mnt/spirit-8tb/media/yes/models/katievaynes/0c194b909a8200e58550eaff39154d1faaa821f417d6a10ca949c247c50fed94.mp4,0c194b909a8200e58550eaff39154d1faaa821f417d6a10ca949c247c50fed94.mp4,.mp4,26345752,25.13 MiB,2026-06-20T19:02:54.775844,2026-06-20T19:38:52.692831,true,"mov,mp4,m4a,3gp,3g2,mj2",23.9239,h264,aac,1920,1080
current-yes-models,/mnt/spirit-8tb/media/yes/models/bearuby/442610_720p.mp4,442610_720p.mp4,.mp4,37230842,35.51 MiB,2026-06-20T19:02:55.575855,2026-06-20T19:38:57.066889,true,"mov,mp4,m4a,3gp,3g2,mj2",401.002667,h264,aac,404,720
current-yes-models,/mnt/spirit-8tb/media/yes/models/bearuby/400317_720p.mp4,400317_720p.mp4,.mp4,47826742,45.61 MiB,2026-06-20T19:02:57.621882,2026-06-20T19:39:00.255932,true,"mov,mp4,m4a,3gp,3g2,mj2",468.801667,h264,aac,406,720
current-yes-models,/mnt/spirit-8tb/media/yes/models/bearuby/398761_720p.mp4,398761_720p.mp4,.mp4,31661017,30.19 MiB,2026-06-20T19:02:56.453866,2026-06-20T19:38:59.369920,true,"mov,mp4,m4a,3gp,3g2,mj2",314.9146,h264,aac,406,720
current-yes-models,/mnt/spirit-8tb/media/yes/models/leighbunbun/Visit onlyshare.io FOR MORE (8).mp4,Visit onlyshare.io FOR MORE (8).mp4,.mp4,55332943,52.77 MiB,2026-06-20T19:02:58.954899,2026-06-20T19:39:01.652950,true,"mov,mp4,m4a,3gp,3g2,mj2",71.18,h264,aac,404,720
current-yes-models,/mnt/spirit-8tb/media/yes/models/sakhovanski/79568.mp4,79568.mp4,.mp4,35530236,33.88 MiB,2026-06-20T19:02:59.571908,2026-06-20T19:39:02.365960,true,"mov,mp4,m4a,3gp,3g2,mj2",223.264708,h264,aac,406,720
current-yes-models,/mnt/spirit-8tb/media/yes/models/azilia-hadid/@boomboomhub TG (50).mp4,@boomboomhub TG (50).mp4,.mp4,106462298,101.53 MiB,2026-06-20T19:03:02.451946,2026-06-20T19:39:04.968995,true,"mov,mp4,m4a,3gp,3g2,mj2",137.38725,h264,aac,1080,1920
current-yes-models,/mnt/spirit-8tb/media/yes/models/azilia-hadid/@boomboomhub TG (39).mp4,@boomboomhub TG (39).mp4,.mp4,271498774,258.92 MiB,2026-06-20T19:03:06.029993,2026-06-20T19:39:08.791045,true,"mov,mp4,m4a,3gp,3g2,mj2",351.60125,h264,aac,1080,1920
current-yes-models,/mnt/spirit-8tb/media/yes/models/azilia-hadid/@boomboomhub TG (43).mp4,@boomboomhub TG (43).mp4,.mp4,71112035,67.82 MiB,2026-06-20T19:03:00.484920,2026-06-20T19:39:03.406974,true,"mov,mp4,m4a,3gp,3g2,mj2",91.716625,h264,aac,720,1280
current-yes-models,/mnt/spirit-8tb/media/yes/models/lustcnotal/455505_720p.mp4,455505_720p.mp4,.mp4,18644349,17.78 MiB,2026-06-20T19:03:06.508999,2026-06-20T19:39:09.483055,true,"mov,mp4,m4a,3gp,3g2,mj2",130,h264,aac,406,720
current-yes-models,/mnt/spirit-8tb/media/yes/models/ruth-lee/362027_720p.mp4,362027_720p.mp4,.mp4,191957338,183.06 MiB,2026-06-20T19:03:08.985032,2026-06-20T19:39:21.786219,true,"mov,mp4,m4a,3gp,3g2,mj2",435.560125,h264,aac,1280,720
current-yes-models,/mnt/spirit-8tb/media/yes/models/ruth-lee/ruth-lee-after-gym-blowjob-titty-fuck-cumshot-video-leaked-480p.mp4,ruth-lee-after-gym-blowjob-titty-fuck-cumshot-video-leaked-480p.mp4,.mp4,45149379,43.06 MiB,2026-06-20T19:03:09.652041,2026-06-20T19:39:23.089236,true,"mov,mp4,m4a,3gp,3g2,mj2",544.600998,h264,aac,270,480
current-yes-models,/mnt/spirit-8tb/media/yes/models/haylee-love/71357paid.mp4,71357paid.mp4,.mp4,104663074,99.81 MiB,2026-06-20T19:03:11.053059,2026-06-20T19:39:24.776258,true,"mov,mp4,m4a,3gp,3g2,mj2",844.44,h264,aac,1280,720
current-yes-models,/mnt/spirit-8tb/media/yes/models/haylee-love/HxtQnxktezuQzwketwMx.mp4,HxtQnxktezuQzwketwMx.mp4,.mp4,303208133,289.16 MiB,2026-06-20T19:03:14.930111,2026-06-20T19:39:48.699577,true,"mov,mp4,m4a,3gp,3g2,mj2",998.746444,h264,aac,1280,720
current-yes-models,/mnt/spirit-8tb/media/yes/models/sienna-ababi/Visit onlyshare.io for MORE (28).mp4,Visit onlyshare.io for MORE (28).mp4,.mp4,19218050,18.33 MiB,2026-06-20T19:03:18.857162,2026-06-20T19:40:32.077155,true,"mov,mp4,m4a,3gp,3g2,mj2",24.190833,h264,aac,672,1232
current-yes-models,/mnt/spirit-8tb/media/yes/models/sienna-ababi/Visit onlyshare.io for MORE (1).mp4,Visit onlyshare.io for MORE (1).mp4,.mp4,53797624,51.31 MiB,2026-06-20T19:03:17.398143,2026-06-20T19:40:22.254024,true,"mov,mp4,m4a,3gp,3g2,mj2",69.069,h264,aac,1920,1080
current-yes-models,/mnt/spirit-8tb/media/yes/models/sienna-ababi/Visit onlyshare.io for MORE (5).mp4,Visit onlyshare.io for MORE (5).mp4,.mp4,66625614,63.54 MiB,2026-06-20T19:03:18.262155,2026-06-20T19:40:31.277144,true,"mov,mp4,m4a,3gp,3g2,mj2",85.460375,h264,aac,1280,720
current-yes-models,/mnt/spirit-8tb/media/yes/models/sienna-ababi/Visit onlyshare.io for MORE (7).mp4,Visit onlyshare.io for MORE (7).mp4,.mp4,13371987,12.75 MiB,2026-06-20T19:03:16.396130,2026-06-20T19:40:05.041795,true,"mov,mp4,m4a,3gp,3g2,mj2",16.307958,h264,aac,1280,720
current-yes-models,/mnt/spirit-8tb/media/yes/models/sienna-ababi/@DailyLeaksMain_5a6152622c58eb1a882b28ad94a5b92dbafc2eaa155bb35c1ce00b835156eba3.mp4,@DailyLeaksMain_5a6152622c58eb1a882b28ad94a5b92dbafc2eaa155bb35c1ce00b835156eba3.mp4,.mp4,72994419,69.61 MiB,2026-06-20T19:03:15.812122,2026-06-20T19:40:00.368733,true,"mov,mp4,m4a,3gp,3g2,mj2",93.676917,h264,aac,1080,1920
current-yes-models,/mnt/spirit-8tb/media/yes/models/mulai/99022_720p.mp4,99022_720p.mp4,.mp4,64218137,61.24 MiB,2026-06-20T19:03:20.021178,2026-06-20T19:40:33.453173,true,"mov,mp4,m4a,3gp,3g2,mj2",430,h264,aac,442,720
current-yes-models,/mnt/spirit-8tb/media/yes/models/katianakayfree/278848_720p.mp4,278848_720p.mp4,.mp4,57541657,54.88 MiB,2026-06-20T19:03:20.893189,2026-06-20T19:40:37.915233,true,"mov,mp4,m4a,3gp,3g2,mj2",578.44,h264,aac,406,720
current-yes-models,/mnt/spirit-8tb/media/yes/models/cutefru/Visit onlyshare.io for MORE 04419.mp4,Visit onlyshare.io for MORE 04419.mp4,.mp4,118784713,113.28 MiB,2026-06-20T19:03:23.179220,2026-06-20T19:40:44.354319,true,"mov,mp4,m4a,3gp,3g2,mj2",154.320833,h264,aac,1080,1516
current-yes-models,/mnt/spirit-8tb/media/yes/models/izzy-green/Izzy Green Finger And Dildo Fuck Pussy Squirt Everywhere For Her.mp4,Izzy Green Finger And Dildo Fuck Pussy Squirt Everywhere For Her.mp4,.mp4,84362872,80.45 MiB,2026-06-15T21:33:38.681062,2026-06-20T19:40:46.112342,true,"mov,mp4,m4a,3gp,3g2,mj2",501.338969,h264,aac,470,836
current-yes-models,/mnt/spirit-8tb/media/yes/models/izzy-green/Izzy Green New Titty Drop Joi Onlyfans.mp4,Izzy Green New Titty Drop Joi Onlyfans.mp4,.mp4,93780162,89.44 MiB,2026-06-16T20:44:31.879659,2026-06-16T20:44:31.879659,true,"mov,mp4,m4a,3gp,3g2,mj2",554.901,h264,aac,472,838
current-yes-models,/mnt/spirit-8tb/media/yes/models/izzy-green/Izzy Green Suck Till Mouth Got Filled With Cum Then Bounce On Th.mp4,Izzy Green Suck Till Mouth Got Filled With Cum Then Bounce On Th.mp4,.mp4,471984210,450.12 MiB,2026-06-15T22:19:09.566947,2026-06-20T19:40:50.160397,true,"mov,mp4,m4a,3gp,3g2,mj2",1148.607333,h264,aac,1920,1080
current-yes-models,/mnt/spirit-8tb/media/yes/models/izzy-green/Izzy Green Squirt Compilation Leaked Sextape.mp4,Izzy Green Squirt Compilation Leaked Sextape.mp4,.mp4,353305369,336.94 MiB,2026-06-15T21:41:51.999715,2026-06-20T19:41:08.781713,true,"mov,mp4,m4a,3gp,3g2,mj2",1194.948067,h264,aac,1920,1080
current-yes-models,/mnt/spirit-8tb/media/yes/models/izzy-green/ScreenRecording_05-20-2026 23-16-39_1.mp4,ScreenRecording_05-20-2026 23-16-39_1.mp4,.mp4,55524763,52.95 MiB,2026-06-20T19:03:24.024231,2026-06-20T19:40:45.438333,true,"mov,mp4,m4a,3gp,3g2,mj2",29.741202,hevc,aac,884,1920
current-yes-models,/mnt/spirit-8tb/media/yes/models/izzy-green/Join ✨@ofxmega on [TELEGRAM] (283).mp4,Join ✨@ofxmega on [TELEGRAM] (283).mp4,.mp4,40967718,39.07 MiB,2026-06-20T19:03:58.980693,2026-06-20T19:41:12.060769,true,"mov,mp4,m4a,3gp,3g2,mj2",52.5,h264,aac,1232,656
current-yes-models,/mnt/spirit-8tb/media/yes/models/izzy-green/Join ✨@ofxmega on [TELEGRAM] (218).mp4,Join ✨@ofxmega on [TELEGRAM] (218).mp4,.mp4,54937699,52.39 MiB,2026-06-20T19:03:58.001680,2026-06-20T19:41:05.905664,true,"mov,mp4,m4a,3gp,3g2,mj2",70.445375,h264,aac,1080,1920
current-yes-models,/mnt/spirit-8tb/media/yes/models/aaliyah-yasan/Visit onlyshare.io for MORE 86.mp4,Visit onlyshare.io for MORE 86.mp4,.mp4,541491435,516.41 MiB,2026-06-20T19:04:12.927878,2026-06-20T19:42:12.185776,true,"mov,mp4,m4a,3gp,3g2,mj2",701.992958,h264,aac,1920,1080
current-yes-models,/mnt/spirit-8tb/media/yes/models/aaliyah-yasan/Visit onlyshare.io for MORE 40.mp4,Visit onlyshare.io for MORE 40.mp4,.mp4,801621371,764.49 MiB,2026-06-20T19:04:06.882798,2026-06-20T19:41:39.546232,true,"mov,mp4,m4a,3gp,3g2,mj2",1039.580208,h264,aac,1080,1920
current-yes-models,/mnt/spirit-8tb/media/yes/models/aaliyah-yasan/Visit onlyshare.io for MORE 79.mp4,Visit onlyshare.io for MORE 79.mp4,.mp4,558447664,532.58 MiB,2026-06-20T19:04:30.642112,2026-06-20T19:43:04.113629,true,"mov,mp4,m4a,3gp,3g2,mj2",723.889833,h264,aac,1920,1080
current-yes-models,/mnt/spirit-8tb/media/yes/models/aaliyah-yasan/540598_720p.mp4,540598_720p.mp4,.mp4,387879135,369.91 MiB,2026-06-20T19:05:04.443559,2026-06-20T19:44:08.704671,true,"mov,mp4,m4a,3gp,3g2,mj2",1059.224833,h264,aac,1280,720
current-yes-models,/mnt/spirit-8tb/media/yes/models/aaliyah-yasan/Naughty Aaliyah Yasin Sucks A Big Cock While Smoking.mp4,Naughty Aaliyah Yasin Sucks A Big Cock While Smoking.mp4,.mp4,344358414,328.41 MiB,2026-06-17T00:30:10.411952,2026-06-20T19:41:45.250327,true,"mov,mp4,m4a,3gp,3g2,mj2",1034.421033,h264,aac,1280,720
current-yes-models,/mnt/spirit-8tb/media/yes/models/aaliyah-yasan/Visit onlyshare.io for MORE 130.mp4,Visit onlyshare.io for MORE 130.mp4,.mp4,91021001,86.80 MiB,2026-06-20T19:04:15.327910,2026-06-20T19:42:14.353811,true,"mov,mp4,m4a,3gp,3g2,mj2",117.450667,h264,aac,1080,1920
current-yes-models,/mnt/spirit-8tb/media/yes/models/aaliyah-yasan/HkkzMtwQexuQzwkQMekM.mp4,HkkzMtwQexuQzwkQMekM.mp4,.mp4,666688410,635.80 MiB,2026-06-20T19:04:51.061382,2026-06-20T19:43:42.809256,true,"mov,mp4,m4a,3gp,3g2,mj2",2753.410729,h264,aac,1280,720
current-yes-models,/mnt/spirit-8tb/media/yes/models/aaliyah-yasan/Visit onlyshare.io for MORE 50.mp4,Visit onlyshare.io for MORE 50.mp4,.mp4,746019623,711.46 MiB,2026-06-20T19:04:41.373254,2026-06-20T19:43:21.655914,true,"mov,mp4,m4a,3gp,3g2,mj2",967.341375,h264,aac,1920,1080
current-yes-models,/mnt/spirit-8tb/media/yes/models/aaliyah-yasan/Visit onlyshare.io for MORE 62.mp4,Visit onlyshare.io for MORE 62.mp4,.mp4,666748232,635.86 MiB,2026-06-20T19:04:22.711007,2026-06-20T19:42:37.368191,true,"mov,mp4,m4a,3gp,3g2,mj2",864.3635,h264,aac,1920,1080
current-yes-models,/mnt/spirit-8tb/media/yes/models/gem-the-jewels/487723_720p.mp4,487723_720p.mp4,.mp4,203563976,194.13 MiB,2026-06-20T19:05:12.661668,2026-06-20T19:44:17.759816,true,"mov,mp4,m4a,3gp,3g2,mj2",1355.06712,h264,aac,406,720
current-yes-models,/mnt/spirit-8tb/media/yes/models/gem-the-jewels/548555_720p.mp4,548555_720p.mp4,.mp4,240869964,229.71 MiB,2026-06-20T19:05:08.239610,2026-06-20T19:44:14.732767,true,"mov,mp4,m4a,3gp,3g2,mj2",785.159375,h264,aac,1280,720
current-yes-models,/mnt/spirit-8tb/media/yes/models/emiliaofficial/Emilia Bunny Sexy Schoolgirl in Pantyhose Helps with Homework Be.mp4,Emilia Bunny Sexy Schoolgirl in Pantyhose Helps with Homework Be.mp4,.mp4,425433333,405.72 MiB,2026-06-19T01:48:29.095651,2026-06-20T19:44:41.554194,true,"mov,mp4,m4a,3gp,3g2,mj2",733.866,h264,aac,1920,1080
current-yes-models,/mnt/spirit-8tb/media/yes/models/emiliaofficial/Emilia Bunny POV Woman Rubs Clit Receives Cum on Panties Beeg.mp4,Emilia Bunny POV Woman Rubs Clit Receives Cum on Panties Beeg.mp4,.mp4,421083282,401.58 MiB,2026-06-19T01:15:22.212796,2026-06-20T19:46:22.601776,true,"mov,mp4,m4a,3gp,3g2,mj2",766.92,h264,aac,1920,1080
current-yes-models,/mnt/spirit-8tb/media/yes/models/emiliaofficial/Emilia Bunny Model in Bodysuit Receives Facial After Passionate.mp4,Emilia Bunny Model in Bodysuit Receives Facial After Passionate.mp4,.mp4,331790376,316.42 MiB,2026-06-18T23:46:21.012289,2026-06-20T19:46:14.076644,true,"mov,mp4,m4a,3gp,3g2,mj2",1098.2631,h264,aac,1920,1080
current-yes-models,/mnt/spirit-8tb/media/yes/models/emiliaofficial/Emilia Bunny A Playful Evening with a Natural Beauty Who Always.mp4,Emilia Bunny A Playful Evening with a Natural Beauty Who Always.mp4,.mp4,412935039,393.81 MiB,2026-06-19T00:50:41.171239,2026-06-20T19:45:56.482371,true,"mov,mp4,m4a,3gp,3g2,mj2",721.066,h264,aac,1920,1080
current-yes-models,/mnt/spirit-8tb/media/yes/models/emiliaofficial/Emilia Bunny Schoolgirl Plays Hooky and gets Naughty on Camera B.mp4,Emilia Bunny Schoolgirl Plays Hooky and gets Naughty on Camera B.mp4,.mp4,430433566,410.49 MiB,2026-06-19T02:12:50.269576,2026-06-20T19:46:01.273445,true,"mov,mp4,m4a,3gp,3g2,mj2",966.600272,h264,aac,1920,1080
current-yes-models,/mnt/spirit-8tb/media/yes/models/emiliaofficial/Emilia Bunny Pov Your Sexy Gf Cant Leave the House until You Mak.mp4,Emilia Bunny Pov Your Sexy Gf Cant Leave the House until You Mak.mp4,.mp4,376296960,358.86 MiB,2026-06-19T00:26:33.749767,2026-06-20T19:45:03.474540,true,"mov,mp4,m4a,3gp,3g2,mj2",612.449524,h264,aac,1920,1080
current-yes-models,/mnt/spirit-8tb/media/yes/models/emiliaofficial/Строгая учительница… но после уроков разрешено всё 💦 - EmiliaBunny - Pornhub.com.mp4,Строгая учительница… но после уроков разрешено всё 💦 - EmiliaBunny - Pornhub.com.mp4,.mp4,134819155,128.57 MiB,2026-06-20T19:05:15.473705,2026-06-20T19:44:33.559067,true,"mov,mp4,m4a,3gp,3g2,mj2",847.458685,h264,aac,1280,720
current-yes-models,/mnt/spirit-8tb/media/yes/models/emiliaofficial/Emilia Bunny Horny Girl Takes It Deep Beeg.mp4,Emilia Bunny Horny Girl Takes It Deep Beeg.mp4,.mp4,444771116,424.17 MiB,2026-06-19T02:43:46.966230,2026-06-20T19:45:08.041612,true,"mov,mp4,m4a,3gp,3g2,mj2",1103.2,h264,aac,1920,1080
current-yes-models,/mnt/spirit-8tb/media/yes/models/emiliaofficial/Emilia Bunny Model Encounter Exceeds Expectations Beeg.mp4,Emilia Bunny Model Encounter Exceeds Expectations Beeg.mp4,.mp4,273841390,261.16 MiB,2026-06-18T22:23:07.799410,2026-06-20T19:45:50.944284,true,"mov,mp4,m4a,3gp,3g2,mj2",987.1521,h264,aac,1920,1080
current-yes-models,/mnt/spirit-8tb/media/yes/models/emiliaofficial/Emilia Bunny Help Me with the Game and Ill Help You Cum Step Sis.mp4,Emilia Bunny Help Me with the Game and Ill Help You Cum Step Sis.mp4,.mp4,485845144,463.34 MiB,2026-06-19T03:38:26.451995,2026-06-20T19:45:18.148771,true,"mov,mp4,m4a,3gp,3g2,mj2",857.164626,h264,aac,1920,1080
current-yes-models,/mnt/spirit-8tb/media/yes/models/emiliaofficial/Emilia Bunny 2 Cumshots. Feet Ride. the Wettest Pussy Beeg.mp4,Emilia Bunny 2 Cumshots. Feet Ride. the Wettest Pussy Beeg.mp4,.mp4,449554503,428.73 MiB,2026-06-19T03:16:35.198477,2026-06-20T19:45:30.846970,true,"mov,mp4,m4a,3gp,3g2,mj2",778.843719,h264,aac,1920,1080
current-yes-models,/mnt/spirit-8tb/media/yes/models/emiliaofficial/Emilia Bunny Strict Teachers Private Lesson Beeg.mp4,Emilia Bunny Strict Teachers Private Lesson Beeg.mp4,.mp4,320237525,305.40 MiB,2026-06-18T23:07:45.590222,2026-06-20T19:44:27.010963,true,"mov,mp4,m4a,3gp,3g2,mj2",968.782948,h264,aac,1920,1080
current-yes-models,/mnt/spirit-8tb/media/yes/models/strawberrytabby/564677_720p.mp4,564677_720p.mp4,.mp4,70392847,67.13 MiB,2026-06-20T18:46:09.666547,2026-06-20T18:49:15.755009,true,"mov,mp4,m4a,3gp,3g2,mj2",253.878625,h264,aac,608,1080
current-yes-models,/mnt/spirit-8tb/media/yes/models/maditay/207601_720p.mp4,207601_720p.mp4,.mp4,393069701,374.86 MiB,2026-06-20T19:05:19.961765,2026-06-20T19:46:41.350065,true,"mov,mp4,m4a,3gp,3g2,mj2",1045.29,h264,aac,1280,720
current-yes-models,/mnt/spirit-8tb/media/yes/models/pinkychu/176349.mp4,176349.mp4,.mp4,5871579,5.60 MiB,2026-06-20T19:05:20.473772,2026-06-20T19:46:42.242079,true,"mov,mp4,m4a,3gp,3g2,mj2",29.796433,h264,aac,406,720
current-yes-models,/mnt/spirit-8tb/media/yes/models/alannasworldx/438588_720p.mp4,438588_720p.mp4,.mp4,64060147,61.09 MiB,2026-06-20T19:05:24.723828,2026-06-20T19:46:56.732302,true,"mov,mp4,m4a,3gp,3g2,mj2",452.284656,h264,aac,404,720
current-yes-models,/mnt/spirit-8tb/media/yes/models/alannasworldx/256433_720p.mp4,256433_720p.mp4,.mp4,177296903,169.08 MiB,2026-06-20T19:05:23.473811,2026-06-20T19:46:45.247125,true,"mov,mp4,m4a,3gp,3g2,mj2",1241.615375,h264,aac,406,720
current-yes-models,/mnt/spirit-8tb/media/yes/models/cute-geekie/@MLHUBOF Telegram 🌌🔥 - 537.mp4,@MLHUBOF Telegram 🌌🔥 - 537.mp4,.mp4,76651228,73.10 MiB,2026-06-20T19:05:33.183940,2026-06-20T19:48:08.474396,true,"mov,mp4,m4a,3gp,3g2,mj2",98.681917,h264,aac,1076,1822
current-yes-models,/mnt/spirit-8tb/media/yes/models/cute-geekie/2783 cutelittlepearl leather sextape.mp4,2783 cutelittlepearl leather sextape.mp4,.mp4,204751564,195.27 MiB,2026-06-20T19:05:44.201085,2026-06-20T19:52:26.876230,true,"mov,mp4,m4a,3gp,3g2,mj2",527.727211,h264,aac,1280,720
current-yes-models,/mnt/spirit-8tb/media/yes/models/cute-geekie/148460_1080p.mp4,148460_1080p.mp4,.mp4,326147372,311.04 MiB,2026-06-20T19:05:40.485036,2026-06-20T19:50:40.977676,true,"mov,mp4,m4a,3gp,3g2,mj2",637.418295,h264,aac,1920,1080
current-yes-models,/mnt/spirit-8tb/media/yes/models/cute-geekie/@MLHUBOF Telegram 🌌🔥 - 870.mp4,@MLHUBOF Telegram 🌌🔥 - 870.mp4,.mp4,10602953,10.11 MiB,2026-06-20T18:46:18.971670,2026-06-20T18:50:52.996295,true,"mov,mp4,m4a,3gp,3g2,mj2",82.749667,h264,aac,404,720
current-yes-models,/mnt/spirit-8tb/media/yes/models/cute-geekie/51591.mp4,51591.mp4,.mp4,272625353,260.00 MiB,2026-06-20T18:46:13.370596,2026-06-20T18:49:29.936197,true,"mov,mp4,m4a,3gp,3g2,mj2",780.446333,h264,aac,1284,720
current-yes-models,/mnt/spirit-8tb/media/yes/models/cute-geekie/@MLHUBOF Telegram 🌌🔥 - 793.mp4,@MLHUBOF Telegram 🌌🔥 - 793.mp4,.mp4,189460157,180.68 MiB,2026-06-20T19:05:28.245874,2026-06-20T19:47:18.309633,true,"mov,mp4,m4a,3gp,3g2,mj2",244.786208,h264,aac,1080,1920
current-yes-models,/mnt/spirit-8tb/media/yes/models/cute-geekie/@MLHUBOF Telegram 🌌🔥 - 959.mp4,@MLHUBOF Telegram 🌌🔥 - 959.mp4,.mp4,25866922,24.67 MiB,2026-06-20T18:46:13.973604,2026-06-20T18:50:52.021282,true,"mov,mp4,m4a,3gp,3g2,mj2",139.732667,h264,aac,900,720
current-yes-models,/mnt/spirit-8tb/media/yes/models/cute-geekie/@MLHUBOF Telegram 🌌🔥 - 558.mp4,@MLHUBOF Telegram 🌌🔥 - 558.mp4,.mp4,58011353,55.32 MiB,2026-06-20T19:05:35.186966,2026-06-20T19:48:34.836794,true,"mov,mp4,m4a,3gp,3g2,mj2",66.453991,h264,aac,1078,1920
current-yes-models,/mnt/spirit-8tb/media/yes/models/cute-geekie/Visit onlyshare.io for MORE 05135.mp4,Visit onlyshare.io for MORE 05135.mp4,.mp4,135836622,129.54 MiB,2026-06-20T19:05:31.534918,2026-06-20T19:47:43.164011,true,"mov,mp4,m4a,3gp,3g2,mj2",125.5254,h264,aac,1920,1080
current-yes-models,/mnt/spirit-8tb/media/yes/models/sava-schultz/Savaschultz savaschulz savashultz Exclusive Leaked Nude OnlyFans(21).mp4,Savaschultz savaschulz savashultz Exclusive Leaked Nude OnlyFans(21).mp4,.mp4,7772604,7.41 MiB,2026-06-16T16:29:41.719210,2026-06-20T19:53:12.077888,true,"mov,mp4,m4a,3gp,3g2,mj2",29.31225,h264,aac,608,1080
current-yes-models,/mnt/spirit-8tb/media/yes/models/sava-schultz/watermark_9744_savaschultz_81845478182.mp4,watermark_9744_savaschultz_81845478182.mp4,.mp4,2011005,1.92 MiB,2026-06-16T16:18:52.164880,2026-06-20T19:53:13.806913,true,"mov,mp4,m4a,3gp,3g2,mj2",25.366667,h264,aac,404,720
current-yes-models,/mnt/spirit-8tb/media/yes/models/sava-schultz/Savaschultz savaschulz savashultz Exclusive Leaked Nude OnlyFans(13).mp4,Savaschultz savaschulz savashultz Exclusive Leaked Nude OnlyFans(13).mp4,.mp4,5677617,5.41 MiB,2026-06-15T17:59:28.621988,2026-06-20T19:53:38.764274,true,"mov,mp4,m4a,3gp,3g2,mj2",18.874,h264,aac,404,720
current-yes-models,/mnt/spirit-8tb/media/yes/models/sava-schultz/Savaschultz savaschulz savashultz Exclusive Leaked Nude OnlyFans(15).mp4,Savaschultz savaschulz savashultz Exclusive Leaked Nude OnlyFans(15).mp4,.mp4,3901376,3.72 MiB,2026-06-16T16:24:30.580431,2026-06-20T19:52:40.571430,true,"mov,mp4,m4a,3gp,3g2,mj2",33.874,h264,aac,404,720
current-yes-models,/mnt/spirit-8tb/media/yes/models/sava-schultz/Sava.Schultz - Sava Schultz Onlyfans Leaked Naked Video.mp4,Sava.Schultz - Sava Schultz Onlyfans Leaked Naked Video.mp4,.mp4,7555115,7.21 MiB,2026-06-16T16:29:41.475206,2026-06-16T16:29:41.475206,true,"mov,mp4,m4a,3gp,3g2,mj2",52.990583,h264,aac,720,1280
current-yes-models,/mnt/spirit-8tb/media/yes/models/sava-schultz/Savaschultz savaschulz savashultz Exclusive Leaked Nude OnlyFans(19).mp4,Savaschultz savaschulz savashultz Exclusive Leaked Nude OnlyFans(19).mp4,.mp4,3765522,3.59 MiB,2026-06-16T16:23:31.456738,2026-06-20T19:53:13.405907,true,"mov,mp4,m4a,3gp,3g2,mj2",29.270542,h264,aac,608,1080
current-yes-models,/mnt/spirit-8tb/media/yes/models/sava-schultz/Sava Schultz - Videos - leak stars nackt leaks download leaked(5).mp4,Sava Schultz - Videos - leak stars nackt leaks download leaked(5).mp4,.mp4,8600693,8.20 MiB,2026-06-16T16:31:28.275826,2026-06-16T16:31:28.275826,true,"mov,mp4,m4a,3gp,3g2,mj2",61.081989,h264,aac,720,1280
current-yes-models,/mnt/spirit-8tb/media/yes/models/sava-schultz/(116).mp4,(116).mp4,.mp4,18785382,17.92 MiB,2026-06-20T19:05:46.409115,2026-06-20T19:52:59.743709,true,"mov,mp4,m4a,3gp,3g2,mj2",23.732042,h264,aac,720,1280
current-yes-models,/mnt/spirit-8tb/media/yes/models/sava-schultz/Sava Schultz - Videos - leak stars nackt leaks download leaked(4).mp4,Sava Schultz - Videos - leak stars nackt leaks download leaked(4).mp4,.mp4,2304942,2.20 MiB,2026-06-16T16:20:43.878633,2026-06-16T16:20:43.878633,true,"mov,mp4,m4a,3gp,3g2,mj2",16.495789,h264,aac,720,1280
current-yes-models,/mnt/spirit-8tb/media/yes/models/sava-schultz/Savaschultz savaschulz savashultz Exclusive Leaked Nude OnlyFans(18).mp4,Savaschultz savaschulz savashultz Exclusive Leaked Nude OnlyFans(18).mp4,.mp4,10103177,9.64 MiB,2026-06-16T16:36:01.997441,2026-06-20T19:53:18.114975,true,"mov,mp4,m4a,3gp,3g2,mj2",31.174,h264,aac,404,720
current-yes-models,/mnt/spirit-8tb/media/yes/models/sava-schultz/Sava Schultz - Videos - leak stars nackt leaks download leaked(3).mp4,Sava Schultz - Videos - leak stars nackt leaks download leaked(3).mp4,.mp4,570392,557.02 KiB,2026-06-16T16:15:04.715291,2026-06-20T19:53:38.234267,true,mpegts,4.025322,h264,aac,720,1280
current-yes-models,/mnt/spirit-8tb/media/yes/models/sava-schultz/Savaschultz savaschulz savashultz Exclusive Leaked Nude OnlyFans(17).mp4,Savaschultz savaschulz savashultz Exclusive Leaked Nude OnlyFans(17).mp4,.mp4,11072864,10.56 MiB,2026-06-15T18:00:01.684486,2026-06-20T19:53:36.700245,true,"mov,mp4,m4a,3gp,3g2,mj2",38.634,h264,aac,404,720
current-yes-models,/mnt/spirit-8tb/media/yes/models/sava-schultz/(28).mp4,(28).mp4,.mp4,3748688,3.58 MiB,2026-06-20T18:46:19.591678,2026-06-20T18:50:55.192324,true,"mov,mp4,m4a,3gp,3g2,mj2",20.30325,h264,aac,608,1080
current-yes-models,/mnt/spirit-8tb/media/yes/models/sava-schultz/46783.mp4,46783.mp4,.mp4,12142634,11.58 MiB,2026-06-20T19:05:53.065203,2026-06-20T19:53:35.492227,true,"mov,mp4,m4a,3gp,3g2,mj2",59.851458,h264,aac,394,720
current-yes-models,/mnt/spirit-8tb/media/yes/models/sava-schultz/Sava Schultz grinding BBC so lewd leak.mp4,Sava Schultz grinding BBC so lewd leak.mp4,.mp4,9899427,9.44 MiB,2026-06-16T16:35:39.267164,2026-06-20T19:53:11.402878,true,"mov,mp4,m4a,3gp,3g2,mj2",58.1,h264,aac,254,480
current-yes-models,/mnt/spirit-8tb/media/yes/models/sava-schultz/Sava Schultz - Videos - leak stars nackt leaks download leaked(2).mp4,Sava Schultz - Videos - leak stars nackt leaks download leaked(2).mp4,.mp4,3520042,3.36 MiB,2026-06-16T16:23:31.260737,2026-06-16T16:23:31.260737,true,"mov,mp4,m4a,3gp,3g2,mj2",25.0877,h264,aac,720,1280
current-yes-models,/mnt/spirit-8tb/media/yes/models/sava-schultz/169901_1080p.mp4,169901_1080p.mp4,.mp4,17627866,16.81 MiB,2026-06-20T19:05:48.272139,2026-06-20T19:53:10.388863,true,"mov,mp4,m4a,3gp,3g2,mj2",94.155917,h264,aac,720,1280
current-yes-models,/mnt/spirit-8tb/media/yes/models/sava-schultz/Sava.schultz Ass PPV OnlyFans Video Leaked.mp4,Sava.schultz Ass PPV OnlyFans Video Leaked.mp4,.mp4,6366161,6.07 MiB,2026-06-16T16:28:13.641754,2026-06-16T16:28:13.641754,true,"mov,mp4,m4a,3gp,3g2,mj2",91.143991,h264,aac,406,720
current-yes-models,/mnt/spirit-8tb/media/yes/models/sava-schultz/Sava Schultz - Videos - leak stars nackt leaks download leaked(1).mp4,Sava Schultz - Videos - leak stars nackt leaks download leaked(1).mp4,.mp4,3115096,2.97 MiB,2026-06-16T16:21:50.147073,2026-06-20T19:53:23.130048,true,"mov,mp4,m4a,3gp,3g2,mj2",22.126411,h264,aac,720,1280
current-yes-models,/mnt/spirit-8tb/media/yes/models/sava-schultz/Savaschultz savaschulz savashultz Exclusive Leaked Nude OnlyFans(25).mp4,Savaschultz savaschulz savashultz Exclusive Leaked Nude OnlyFans(25).mp4,.mp4,4331442,4.13 MiB,2026-06-16T16:25:14.488368,2026-06-20T19:53:13.127903,true,"mov,mp4,m4a,3gp,3g2,mj2",11.874,h264,aac,404,720
current-yes-models,/mnt/spirit-8tb/media/yes/models/sava-schultz/Savaschultz savaschulz savashultz Exclusive Leaked Nude OnlyFans(1).mp4,Savaschultz savaschulz savashultz Exclusive Leaked Nude OnlyFans(1).mp4,.mp4,1815120,1.73 MiB,2026-06-16T16:17:41.586396,2026-06-20T19:53:22.847044,true,"mov,mp4,m4a,3gp,3g2,mj2",20.474,h264,aac,404,720
current-yes-models,/mnt/spirit-8tb/media/yes/models/sava-schultz/Savaschultz savaschulz savashultz Exclusive Leaked Nude OnlyFans(22).mp4,Savaschultz savaschulz savashultz Exclusive Leaked Nude OnlyFans(22).mp4,.mp4,1091491,1.04 MiB,2026-06-16T16:15:14.335360,2026-06-20T19:53:23.620055,true,"mov,mp4,m4a,3gp,3g2,mj2",12.086708,h264,aac,480,848
current-yes-models,/mnt/spirit-8tb/media/yes/models/sava-schultz/Sava.schultz Horny Tease OnlyFans Video Leaked.mp4,Sava.schultz Horny Tease OnlyFans Video Leaked.mp4,.mp4,7245753,6.91 MiB,2026-06-16T16:28:47.416327,2026-06-16T16:28:47.416327,true,"mov,mp4,m4a,3gp,3g2,mj2",81.063991,h264,aac,406,720
current-yes-models,/mnt/spirit-8tb/media/yes/models/sava-schultz/Savaschultz savaschulz savashultz Exclusive Leaked Nude OnlyFans(11).mp4,Savaschultz savaschulz savashultz Exclusive Leaked Nude OnlyFans(11).mp4,.mp4,3507251,3.34 MiB,2026-06-16T16:22:48.082454,2026-06-20T19:53:12.769898,true,"mov,mp4,m4a,3gp,3g2,mj2",46.08,h264,aac,392,720
current-yes-models,/mnt/spirit-8tb/media/yes/models/sava-schultz/6513.mp4,6513.mp4,.mp4,1251429,1.19 MiB,2026-06-15T17:59:15.807794,2026-06-15T18:03:03.853207,true,"mov,mp4,m4a,3gp,3g2,mj2",30.6,h264,aac,270,480
current-yes-models,/mnt/spirit-8tb/media/yes/models/sava-schultz/Savaschultz savaschulz savashultz Exclusive Leaked Nude OnlyFans(14).mp4,Savaschultz savaschulz savashultz Exclusive Leaked Nude OnlyFans(14).mp4,.mp4,645614,630.48 KiB,2026-06-16T16:15:10.594333,2026-06-20T19:53:17.815971,true,"mov,mp4,m4a,3gp,3g2,mj2",4.766667,h264,,720,900
current-yes-models,/mnt/spirit-8tb/media/yes/models/sava-schultz/Savaschultz savaschulz savashultz Exclusive Leaked Nude OnlyFans(24).mp4,Savaschultz savaschulz savashultz Exclusive Leaked Nude OnlyFans(24).mp4,.mp4,4130405,3.94 MiB,2026-06-16T16:24:54.864955,2026-06-20T19:53:23.967060,true,"mov,mp4,m4a,3gp,3g2,mj2",21.30425,h264,aac,608,1080
current-yes-models,/mnt/spirit-8tb/media/yes/models/sava-schultz/Savaschultz savaschulz savashultz Exclusive Leaked Nude OnlyFans(23).mp4,Savaschultz savaschulz savashultz Exclusive Leaked Nude OnlyFans(23).mp4,.mp4,1358047,1.30 MiB,2026-06-16T16:16:08.420745,2026-06-20T19:53:00.112714,true,"mov,mp4,m4a,3gp,3g2,mj2",7.999292,h264,aac,608,1080
current-yes-models,/mnt/spirit-8tb/media/yes/models/sava-schultz/Sava-Schultz-2.mp4,Sava-Schultz-2.mp4,.mp4,34431330,32.84 MiB,2026-06-20T19:05:50.202165,2026-06-20T19:53:22.165034,true,"mov,mp4,m4a,3gp,3g2,mj2",37.037,h264,aac,720,1280
current-yes-models,/mnt/spirit-8tb/media/yes/models/sava-schultz/(21).mp4,(21).mp4,.mp4,35337833,33.70 MiB,2026-06-20T19:05:45.172098,2026-06-20T19:52:52.957610,true,"mov,mp4,m4a,3gp,3g2,mj2",45.253542,h264,aac,720,1280
current-yes-models,/mnt/spirit-8tb/media/yes/models/sava-schultz/(31).mp4,(31).mp4,.mp4,24613509,23.47 MiB,2026-06-20T19:05:49.117150,2026-06-20T19:53:17.238963,true,"mov,mp4,m4a,3gp,3g2,mj2",31.364667,h264,aac,720,1280
current-yes-models,/mnt/spirit-8tb/media/yes/models/sava-schultz/169902_1080p.mp4,169902_1080p.mp4,.mp4,9512879,9.07 MiB,2026-06-20T19:05:51.411181,2026-06-20T19:53:30.724158,true,"mov,mp4,m4a,3gp,3g2,mj2",60.372917,h264,aac,720,1280
current-yes-models,/mnt/spirit-8tb/media/yes/models/sava-schultz/Savaschultz savaschulz savashultz Exclusive Leaked Nude OnlyFans(20).mp4,Savaschultz savaschulz savashultz Exclusive Leaked Nude OnlyFans(20).mp4,.mp4,6046255,5.77 MiB,2026-06-16T16:27:17.032752,2026-06-20T19:52:39.445413,true,"mov,mp4,m4a,3gp,3g2,mj2",26.601208,h264,aac,608,1080
current-yes-models,/mnt/spirit-8tb/media/yes/models/sava-schultz/Sava Schultz BDSM doggy fuck so hard.mp4,Sava Schultz BDSM doggy fuck so hard.mp4,.mp4,16830782,16.05 MiB,2026-06-16T16:39:21.921744,2026-06-20T19:52:53.877623,true,"mov,mp4,m4a,3gp,3g2,mj2",60.016667,h264,aac,270,480
current-yes-models,/mnt/spirit-8tb/media/yes/models/sava-schultz/(19).mp4,(19).mp4,.mp4,39064427,37.25 MiB,2026-06-20T19:05:47.214125,2026-06-20T19:53:07.221817,true,"mov,mp4,m4a,3gp,3g2,mj2",50.175125,h264,aac,720,1062
current-yes-models,/mnt/spirit-8tb/media/yes/models/sava-schultz/Savaschultz savaschulz savashultz Exclusive Leaked Nude OnlyFans(12).mp4,Savaschultz savaschulz savashultz Exclusive Leaked Nude OnlyFans(12).mp4,.mp4,1759845,1.68 MiB,2026-06-16T16:17:22.362263,2026-06-20T19:53:22.641041,true,"mov,mp4,m4a,3gp,3g2,mj2",14.964583,h264,aac,608,1080
current-yes-models,/mnt/spirit-8tb/media/yes/models/sava-schultz/Sava schultz savaschultz 1 nectgbustytiktokteenpussybig boobshot(1).mp4,Sava schultz savaschultz 1 nectgbustytiktokteenpussybig boobshot(1).mp4,.mp4,2855173,2.72 MiB,2026-06-16T16:21:24.902906,2026-06-16T16:21:24.902906,true,"mov,mp4,m4a,3gp,3g2,mj2",32.415057,h264,aac,358,640
current-yes-models,/mnt/spirit-8tb/media/yes/models/sava-schultz/Savaschultz savaschulz savashultz Exclusive Leaked Nude OnlyFans(9).mp4,Savaschultz savaschulz savashultz Exclusive Leaked Nude OnlyFans(9).mp4,.mp4,19741765,18.83 MiB,2026-06-15T18:00:48.876196,2026-06-20T19:53:24.610070,true,"mov,mp4,m4a,3gp,3g2,mj2",62.84575,h264,aac,1280,720
current-yes-models,/mnt/spirit-8tb/media/yes/models/sava-schultz/Savaschultz savaschulz savashultz Exclusive Leaked Nude OnlyFans(16).mp4,Savaschultz savaschulz savashultz Exclusive Leaked Nude OnlyFans(16).mp4,.mp4,1779730,1.70 MiB,2026-06-16T16:17:30.864322,2026-06-20T19:53:38.954277,true,"mov,mp4,m4a,3gp,3g2,mj2",19.994,h264,aac,404,720
current-yes-models,/mnt/spirit-8tb/media/yes/models/sava-schultz/Sava Schultz - Videos - leak stars nackt leaks download leaked.mp4,Sava Schultz - Videos - leak stars nackt leaks download leaked.mp4,.mp4,3900484,3.72 MiB,2026-06-16T16:24:30.376427,2026-06-16T16:24:30.376427,true,"mov,mp4,m4a,3gp,3g2,mj2",27.162,h264,aac,1280,720
current-yes-models,/mnt/spirit-8tb/media/yes/models/jakara-mitchell/Jakara Mitchell Sexy Ass Tease and JOI.mp4,Jakara Mitchell Sexy Ass Tease and JOI.mp4,.mp4,50415236,48.08 MiB,2026-06-16T17:42:59.780329,2026-06-20T19:54:33.052058,true,"mov,mp4,m4a,3gp,3g2,mj2",499.285333,h264,aac,400,720
current-yes-models,/mnt/spirit-8tb/media/yes/models/jakara-mitchell/Fap__01cfdec15d25f9cd19397c0709e49162.mp4,Fap__01cfdec15d25f9cd19397c0709e49162.mp4,.mp4,220218023,210.02 MiB,2026-06-20T19:06:11.738450,2026-06-20T19:55:16.207678,true,"mov,mp4,m4a,3gp,3g2,mj2",204.0038,h264,aac,1080,1920
current-yes-models,/mnt/spirit-8tb/media/yes/models/jakara-mitchell/Fap__1c31400144c5b4a8cb977202cfb8121c.mp4,Fap__1c31400144c5b4a8cb977202cfb8121c.mp4,.mp4,46641046,44.48 MiB,2026-06-20T19:06:08.916412,2026-06-20T19:54:48.780284,true,"mov,mp4,m4a,3gp,3g2,mj2",59.934875,h264,aac,720,1280
current-yes-models,/mnt/spirit-8tb/media/yes/models/jakara-mitchell/v.mp4,v.mp4,.mp4,94145805,89.78 MiB,2026-06-20T19:05:58.378273,2026-06-20T19:54:05.185656,true,"mov,mp4,m4a,3gp,3g2,mj2",541.541,h264,aac,606,1080
current-yes-models,/mnt/spirit-8tb/media/yes/models/jakara-mitchell/v 1.mp4,v 1.mp4,.mp4,59520865,56.76 MiB,2026-06-20T19:06:00.362299,2026-06-20T19:54:10.229729,true,"mov,mp4,m4a,3gp,3g2,mj2",490.433984,h264,aac,404,720
current-yes-models,/mnt/spirit-8tb/media/yes/models/jakara-mitchell/Karamitch- gym bg.mp4,Karamitch- gym bg.mp4,.mp4,284334185,271.16 MiB,2026-06-15T22:56:11.509519,2026-06-20T19:54:18.703851,true,"mov,mp4,m4a,3gp,3g2,mj2",1307.523008,h264,aac,406,720
current-yes-models,/mnt/spirit-8tb/media/yes/models/jakara-mitchell/Fap__5e5eb028f60361971febc5850e5c000c.mp4,Fap__5e5eb028f60361971febc5850e5c000c.mp4,.mp4,243297199,232.03 MiB,2026-06-20T19:06:15.243496,2026-06-20T19:56:09.810445,true,"mov,mp4,m4a,3gp,3g2,mj2",686.394042,h264,aac,1920,1080
current-yes-models,/mnt/spirit-8tb/media/yes/models/jakara-mitchell/Jakara Mitchell Glasses Sex Tape Video Leaked - Fapptime.mp4,Jakara Mitchell Glasses Sex Tape Video Leaked - Fapptime.mp4,.mp4,128927376,122.95 MiB,2026-06-20T19:05:55.454234,2026-06-20T19:53:47.385399,true,"mov,mp4,m4a,3gp,3g2,mj2",1119.566,h264,aac,404,720
current-yes-models,/mnt/spirit-8tb/media/yes/models/brenda-trindade/467345_720p.mp4,467345_720p.mp4,.mp4,46669863,44.51 MiB,2026-06-20T19:06:16.813517,2026-06-20T19:56:21.103606,true,"mov,mp4,m4a,3gp,3g2,mj2",344.977967,h264,aac,406,720
current-yes-models,/mnt/spirit-8tb/media/yes/models/amburne/141711.mp4,141711.mp4,.mp4,8806111,8.40 MiB,2026-06-20T19:06:17.574527,2026-06-20T19:56:27.880703,true,"mov,mp4,m4a,3gp,3g2,mj2",18.412993,h264,aac,1280,720
current-yes-models,/mnt/spirit-8tb/media/yes/models/sendnudes/169870_1080p.mp4,169870_1080p.mp4,.mp4,191052542,182.20 MiB,2026-06-20T19:06:19.908558,2026-06-20T19:57:01.498182,true,"mov,mp4,m4a,3gp,3g2,mj2",279.048917,h264,aac,1080,1920
current-yes-models,/mnt/spirit-8tb/media/yes/models/jazmen-jafar/107774.mp4,107774.mp4,.mp4,65243975,62.22 MiB,2026-06-20T19:06:24.271616,2026-06-20T19:57:40.719739,true,"mov,mp4,m4a,3gp,3g2,mj2",455.645011,h264,aac,406,720
current-yes-models,/mnt/spirit-8tb/media/yes/models/jazmen-jafar/✨@ofxmega on [TELEGRAM] (286).mp4,✨@ofxmega on [TELEGRAM] (286).mp4,.mp4,14668587,13.99 MiB,2026-06-20T19:06:29.128680,2026-06-20T19:58:21.932323,true,"mov,mp4,m4a,3gp,3g2,mj2",18.393375,h264,aac,680,1276
current-yes-models,/mnt/spirit-8tb/media/yes/models/jazmen-jafar/484359_720p.mp4,484359_720p.mp4,.mp4,182301289,173.86 MiB,2026-06-20T19:06:32.372723,2026-06-20T19:58:50.077721,true,"mov,mp4,m4a,3gp,3g2,mj2",1113.946167,h264,aac,406,720
current-yes-models,/mnt/spirit-8tb/media/yes/models/jazmen-jafar/✨@ofxmega on [TELEGRAM] (276).mp4,✨@ofxmega on [TELEGRAM] (276).mp4,.mp4,19142368,18.26 MiB,2026-06-20T19:06:34.587752,2026-06-20T19:59:01.871888,true,"mov,mp4,m4a,3gp,3g2,mj2",24.232542,h264,aac,696,1276
current-yes-models,/mnt/spirit-8tb/media/yes/models/jazmen-jafar/jazmen-jafar-hard-fuck-and-facial.mp4,jazmen-jafar-hard-fuck-and-facial.mp4,.mp4,48789720,46.53 MiB,2026-06-16T17:39:48.028644,2026-06-20T19:57:21.606468,true,"mov,mp4,m4a,3gp,3g2,mj2",595.8,h264,aac,270,480
current-yes-models,/mnt/spirit-8tb/media/yes/models/jazmen-jafar/✨@ofxmega on [TELEGRAM] (278).mp4,✨@ofxmega on [TELEGRAM] (278).mp4,.mp4,17991480,17.16 MiB,2026-06-20T19:06:23.111600,2026-06-20T19:57:20.782456,true,"mov,mp4,m4a,3gp,3g2,mj2",22.77275,h264,aac,634,1020
current-yes-models,/mnt/spirit-8tb/media/yes/models/jazmen-jafar/✨@ofxmega on [TELEGRAM] (274).mp4,✨@ofxmega on [TELEGRAM] (274).mp4,.mp4,19386091,18.49 MiB,2026-06-20T19:06:25.870637,2026-06-20T19:57:51.932898,true,"mov,mp4,m4a,3gp,3g2,mj2",24.441083,h264,aac,672,1232
current-yes-models,/mnt/spirit-8tb/media/yes/models/jazmen-jafar/449071_720p.mp4,449071_720p.mp4,.mp4,55502532,52.93 MiB,2026-06-20T19:06:27.563659,2026-06-20T19:58:13.177199,true,"mov,mp4,m4a,3gp,3g2,mj2",366.248345,h264,aac,406,720
current-yes-models,/mnt/spirit-8tb/media/yes/models/jazmen-jafar/✨@ofxmega on [TELEGRAM] (279).mp4,✨@ofxmega on [TELEGRAM] (279).mp4,.mp4,17527128,16.72 MiB,2026-06-20T19:06:24.887624,2026-06-20T19:57:49.768867,true,"mov,mp4,m4a,3gp,3g2,mj2",22.105417,h264,aac,672,1232
current-yes-models,/mnt/spirit-8tb/media/yes/models/jazmen-jafar/✨@ofxmega on [TELEGRAM] (295).mp4,✨@ofxmega on [TELEGRAM] (295).mp4,.mp4,12910306,12.31 MiB,2026-06-20T19:06:33.479737,2026-06-20T19:58:57.482826,true,"mov,mp4,m4a,3gp,3g2,mj2",16.182833,h264,aac,696,1276
current-yes-models,/mnt/spirit-8tb/media/yes/models/jazmen-jafar/✨@ofxmega on [TELEGRAM] (299).mp4,✨@ofxmega on [TELEGRAM] (299).mp4,.mp4,12394400,11.82 MiB,2026-06-20T19:06:26.433644,2026-06-20T19:57:54.407933,true,"mov,mp4,m4a,3gp,3g2,mj2",15.390375,h264,aac,888,1658
current-yes-models,/mnt/spirit-8tb/media/yes/models/jazmen-jafar/83397.mp4,83397.mp4,.mp4,56948030,54.31 MiB,2026-06-20T19:06:22.107587,2026-06-20T19:57:16.388393,true,"mov,mp4,m4a,3gp,3g2,mj2",307.593991,h264,aac,406,720
current-yes-models,/mnt/spirit-8tb/media/yes/models/jazmen-jafar/✨@ofxmega on [TELEGRAM] (288).mp4,✨@ofxmega on [TELEGRAM] (288).mp4,.mp4,14458726,13.79 MiB,2026-06-20T19:06:21.053573,2026-06-20T19:57:06.238249,true,"mov,mp4,m4a,3gp,3g2,mj2",18.101417,h264,aac,694,1232
current-yes-models,/mnt/spirit-8tb/media/yes/models/whoahannahjo/43619.mp4,43619.mp4,.mp4,34969369,33.35 MiB,2026-06-20T19:06:40.107825,2026-06-20T19:59:17.656111,true,"mov,mp4,m4a,3gp,3g2,mj2",246.833333,h264,aac,394,720
current-yes-models,/mnt/spirit-8tb/media/yes/models/whoahannahjo/v 3.mp4,v 3.mp4,.mp4,53625092,51.14 MiB,2026-06-20T19:06:42.289854,2026-06-20T19:59:20.939157,true,"mov,mp4,m4a,3gp,3g2,mj2",295.7,h264,aac,608,1080
current-yes-models,/mnt/spirit-8tb/media/yes/models/whoahannahjo/HkxQxzewMkuQzwkQneee.mp4,HkxQxzewMkuQzwkQneee.mp4,.mp4,38854095,37.05 MiB,2026-06-20T19:06:41.132838,2026-06-20T19:59:19.840142,true,"mov,mp4,m4a,3gp,3g2,mj2",196.399489,h264,aac,1280,720
current-yes-models,/mnt/spirit-8tb/media/yes/models/whoahannahjo/v 4.mp4,v 4.mp4,.mp4,226085563,215.61 MiB,2026-06-20T19:06:37.154786,2026-06-20T19:59:11.856029,true,"mov,mp4,m4a,3gp,3g2,mj2",950.116,h264,aac,1920,1080
current-yes-models,/mnt/spirit-8tb/media/yes/models/whoahannahjo/n6utt4v0th~oBjJ4OdyPb.mp4,n6utt4v0th~oBjJ4OdyPb.mp4,.mp4,105325223,100.45 MiB,2026-06-20T19:06:39.202813,2026-06-20T19:59:16.278091,true,"mov,mp4,m4a,3gp,3g2,mj2",603.833333,h264,aac,1280,720
current-yes-models,/mnt/spirit-8tb/media/yes/models/angela-white/556530_720p.mp4,556530_720p.mp4,.mp4,550263227,524.77 MiB,2026-06-20T18:46:27.146778,2026-06-20T18:51:06.171470,true,"mov,mp4,m4a,3gp,3g2,mj2",1561.426167,h264,aac,1280,720
current-yes-models,/mnt/spirit-8tb/media/yes/models/sendnudesx/PlugLeakz.net - Join Telegram @PlugLeaksHub (224).mp4,PlugLeakz.net - Join Telegram @PlugLeaksHub (224).mp4,.mp4,528198691,503.73 MiB,2026-06-20T19:06:49.432953,2026-06-20T20:00:14.435911,true,"mov,mp4,m4a,3gp,3g2,mj2",684.558875,h264,aac,1080,1920
current-yes-models,/mnt/spirit-8tb/media/yes/models/sendnudesx/PlugLeakz.net - Join Telegram @PlugLeaksHub (198).mp4,PlugLeakz.net - Join Telegram @PlugLeaksHub (198).mp4,.mp4,185587314,176.99 MiB,2026-06-20T19:06:52.143991,2026-06-20T20:00:24.193048,true,"mov,mp4,m4a,3gp,3g2,mj2",239.781208,h264,aac,1080,1920
current-yes-models,/mnt/spirit-8tb/media/yes/models/yummy-couple/Ayucpl.mp4,Ayucpl.mp4,.mp4,500537437,477.35 MiB,2026-06-20T19:06:58.289076,2026-06-20T20:00:39.953269,true,"mov,mp4,m4a,3gp,3g2,mj2",648.939958,h264,aac,1920,1080
current-yes-models,/mnt/spirit-8tb/media/yes/models/zoey-uso/2209.mp4,2209.mp4,.mp4,291954475,278.43 MiB,2026-06-20T19:07:02.653136,2026-06-20T20:00:50.284415,true,"mov,mp4,m4a,3gp,3g2,mj2",2452.665938,h264,aac,854,480
current-yes-models,/mnt/spirit-8tb/media/yes/models/kinkykttn/444474.mp4,444474.mp4,.mp4,12433684,11.86 MiB,2026-06-20T19:07:04.329159,2026-06-20T20:00:54.118469,true,"mov,mp4,m4a,3gp,3g2,mj2",59.80975,h264,aac,854,480
current-yes-models,/mnt/spirit-8tb/media/yes/models/kinkykttn/OF4LM.COM is our home__282.mp4,OF4LM.COM is our home__282.mp4,.mp4,98930019,94.35 MiB,2026-06-20T19:07:07.148199,2026-06-20T20:00:57.238512,true,"mov,mp4,m4a,3gp,3g2,mj2",127.752625,h264,aac,1280,720
current-yes-models,/mnt/spirit-8tb/media/yes/models/kinkykttn/OF4LM.COM is our home__297.mp4,OF4LM.COM is our home__297.mp4,.mp4,30120770,28.73 MiB,2026-06-20T19:07:05.575177,2026-06-20T20:00:56.105496,true,"mov,mp4,m4a,3gp,3g2,mj2",38.56,h264,aac,990,588
current-yes-models,/mnt/spirit-8tb/media/yes/models/kinkykttn/444464.mp4,444464.mp4,.mp4,6896728,6.58 MiB,2026-06-20T19:07:03.755152,2026-06-20T20:00:52.174441,true,"mov,mp4,m4a,3gp,3g2,mj2",62.187125,h264,aac,296,480
current-yes-models,/mnt/spirit-8tb/media/yes/models/chloe-lamb/v 5.mp4,v 5.mp4,.mp4,229963559,219.31 MiB,2026-06-20T19:07:19.766373,2026-06-20T20:01:11.044706,true,"mov,mp4,m4a,3gp,3g2,mj2",968.218,h264,aac,1080,1080
current-yes-models,/mnt/spirit-8tb/media/yes/models/chloe-lamb/JoinUs @RisqueMega 25.mp4,JoinUs @RisqueMega 25.mp4,.mp4,790227436,753.62 MiB,2026-06-20T19:07:38.071626,2026-06-20T20:01:50.491259,true,"mov,mp4,m4a,3gp,3g2,mj2",1024.648625,h264,aac,1080,1920
current-yes-models,/mnt/spirit-8tb/media/yes/models/chloe-lamb/JoinUs @RisqueMega 61.mp4,JoinUs @RisqueMega 61.mp4,.mp4,566805180,540.55 MiB,2026-06-20T19:07:27.961487,2026-06-20T20:01:23.638883,true,"mov,mp4,m4a,3gp,3g2,mj2",734.608875,h264,aac,1920,1080
current-yes-models,/mnt/spirit-8tb/media/yes/models/chloe-lamb/442642_720p.mp4,442642_720p.mp4,.mp4,70762008,67.48 MiB,2026-06-20T19:07:20.977390,2026-06-20T20:01:12.485726,true,"mov,mp4,m4a,3gp,3g2,mj2",881.338792,h264,aac,404,720
current-yes-models,/mnt/spirit-8tb/media/yes/models/chloe-lamb/vid_480p.mp4,vid_480p.mp4,.mp4,72734697,69.37 MiB,2026-06-20T19:07:29.966514,2026-06-20T20:01:25.082903,true,"mov,mp4,m4a,3gp,3g2,mj2",544.066757,h264,aac,852,480
current-yes-models,/mnt/spirit-8tb/media/yes/models/mackzjones/15517_720p.mp4,15517_720p.mp4,.mp4,44634144,42.57 MiB,2026-06-20T19:07:39.458646,2026-06-20T20:01:53.677304,true,"mov,mp4,m4a,3gp,3g2,mj2",242.583333,h264,aac,1280,720
preserved-keep-30,/mnt/spirit-8tb/media-originals/keep-for-30-days/yes/mi-mqkpcwoj-4a52b578/Lexi Marvel Teases Her Seductive Curves.mp4,Lexi Marvel Teases Her Seductive Curves.mp4,.mp4,49545270,47.25 MiB,2026-06-19T05:26:24.281762,2026-06-19T05:33:11.318018,true,"mov,mp4,m4a,3gp,3g2,mj2",305.881344,h264,aac,406,720
preserved-keep-30,/mnt/spirit-8tb/media-originals/keep-for-30-days/yes/mi-mqfrfx4x-a99e3512/Devorah Roloff Pussy.mp4,Devorah Roloff Pussy.mp4,.mp4,15056399,14.36 MiB,2026-06-15T20:38:16.995790,2026-06-15T20:39:20.203658,true,"mov,mp4,m4a,3gp,3g2,mj2",56.355962,h264,aac,1280,720
preserved-keep-30,/mnt/spirit-8tb/media-originals/keep-for-30-days/yes/mi-mqhgmtdm-b8682162/My Porn Plugg Stepsister Couch Footjob After Work Beeg.mp4,My Porn Plugg Stepsister Couch Footjob After Work Beeg.mp4,.mp4,246030533,234.63 MiB,2026-06-17T09:02:17.843381,2026-06-17T09:18:24.376619,true,"mov,mp4,m4a,3gp,3g2,mj2",800.041333,h264,aac,1920,1080
preserved-keep-30,/mnt/spirit-8tb/media-originals/keep-for-30-days/yes/mi-mqfrge7p-efb42fb3/Heyimbee Squeezing Juicy Melons Leaked Onlyfans Video.mp4,Heyimbee Squeezing Juicy Melons Leaked Onlyfans Video.mp4,.mp4,26668149,25.43 MiB,2026-06-15T21:29:22.264658,2026-06-15T21:31:33.637401,true,"mov,mp4,m4a,3gp,3g2,mj2",56.242875,h264,aac,1080,1920
preserved-keep-30,/mnt/spirit-8tb/media-originals/keep-for-30-days/yes/mi-mqfrgp2o-d8d83dee/Natalie Roush New Squat Ppv In Tight Thong Onlyfans Leak.mp4,Natalie Roush New Squat Ppv In Tight Thong Onlyfans Leak.mp4,.mp4,151428309,144.41 MiB,2026-06-15T23:30:31.806114,2026-06-15T23:41:47.345873,true,"mov,mp4,m4a,3gp,3g2,mj2",328.765875,h264,aac,1080,1920
preserved-keep-30,/mnt/spirit-8tb/media-originals/keep-for-30-days/yes/mi-mqhgn4hu-2366d024/Lika Busy Ways to Ensure Female Pleasure and Orgasm Beeg.mp4,Lika Busy Ways to Ensure Female Pleasure and Orgasm Beeg.mp4,.mp4,501487032,478.26 MiB,2026-06-17T10:17:23.859951,2026-06-17T10:58:04.115112,true,"mov,mp4,m4a,3gp,3g2,mj2",916.307642,h264,aac,1920,1080
preserved-keep-30,/mnt/spirit-8tb/media-originals/keep-for-30-days/yes/mi-mqkpctjr-a4840d33/Lexi Marvel Shakes Her Lusty Cake.mp4,Lexi Marvel Shakes Her Lusty Cake.mp4,.mp4,8876137,8.46 MiB,2026-06-19T05:04:29.058962,2026-06-19T05:09:37.631314,true,"mov,mp4,m4a,3gp,3g2,mj2",72.681344,h264,aac,394,720
preserved-keep-30,/mnt/spirit-8tb/media-originals/keep-for-30-days/yes/mi-mqfrg3cp-d8924c66/Hey I M Bee AKA Heyimbee Playing With Herself Soft Mouth Sounds.mp4,Hey I M Bee AKA Heyimbee Playing With Herself Soft Mouth Sounds.mp4,.mp4,32655028,31.14 MiB,2026-06-15T21:03:22.736084,2026-06-15T21:04:34.658028,true,"mov,mp4,m4a,3gp,3g2,mj2",80.022,h264,aac,720,1280
preserved-keep-30,/mnt/spirit-8tb/media-originals/keep-for-30-days/yes/mi-mqk95gyv-8126ec27/models/emiliaofficial/Emilia Bunny Sexy Schoolgirl in Pantyhose Helps with Homework Be.mp4,Emilia Bunny Sexy Schoolgirl in Pantyhose Helps with Homework Be.mp4,.mp4,425433333,405.72 MiB,2026-06-19T01:48:29.095651,2026-06-19T02:12:46.295533,true,"mov,mp4,m4a,3gp,3g2,mj2",733.866,h264,aac,1920,1080
preserved-keep-30,/mnt/spirit-8tb/media-originals/keep-for-30-days/yes/mi-mqfrflh9-f405142e/Devorah Roloff Flaunts And Massages Her Tits Devorah Roloff Only.mp4,Devorah Roloff Flaunts And Massages Her Tits Devorah Roloff Only.mp4,.mp4,29599459,28.23 MiB,2026-06-15T20:01:11.059994,2026-06-15T20:02:08.891643,true,"mov,mp4,m4a,3gp,3g2,mj2",121.503991,h264,aac,406,720
preserved-keep-30,/mnt/spirit-8tb/media-originals/keep-for-30-days/yes/mi-mqk95hqq-d6924175/models/emiliaofficial/Emilia Bunny Schoolgirl Plays Hooky and gets Naughty on Camera B.mp4,Emilia Bunny Schoolgirl Plays Hooky and gets Naughty on Camera B.mp4,.mp4,430433566,410.49 MiB,2026-06-19T02:12:50.269576,2026-06-19T02:43:42.773181,true,"mov,mp4,m4a,3gp,3g2,mj2",966.600272,h264,aac,1920,1080
preserved-keep-30,/mnt/spirit-8tb/media-originals/keep-for-30-days/yes/mi-mqfrbwp2-ecb09f88/models/sava-schultz/Savaschultz savaschulz savashultz Exclusive Leaked Nude OnlyFans(9).mp4,Savaschultz savaschulz savashultz Exclusive Leaked Nude OnlyFans(9).mp4,.mp4,19741765,18.83 MiB,2026-06-15T18:00:48.876196,2026-06-15T18:02:06.518355,true,"mov,mp4,m4a,3gp,3g2,mj2",62.84575,h264,aac,1280,720
preserved-keep-30,/mnt/spirit-8tb/media-originals/keep-for-30-days/yes/mi-mqkpcvw6-37979871/Lexi Marvel Shakes And Teases Her Ass.mp4,Lexi Marvel Shakes And Teases Her Ass.mp4,.mp4,34954322,33.34 MiB,2026-06-19T05:20:15.285061,2026-06-19T05:26:24.071759,true,"mov,mp4,m4a,3gp,3g2,mj2",191.634898,h264,aac,406,720
preserved-keep-30,/mnt/spirit-8tb/media-originals/keep-for-30-days/yes/mi-mqhhjc6x-bef1c612/Ruth Lees ASMR Sloppy Blowjob.mp4,Ruth Lees ASMR Sloppy Blowjob.mp4,.mp4,95581470,91.15 MiB,2026-06-17T19:53:34.610712,2026-06-17T19:58:32.900254,true,"mov,mp4,m4a,3gp,3g2,mj2",495.537007,h264,aac,1280,720
preserved-keep-30,/mnt/spirit-8tb/media-originals/keep-for-30-days/yes/mi-mqhgmper-c7172284/Ruth Lee Takes A Cumshot After Blowing A Dick.mp4,Ruth Lee Takes A Cumshot After Blowing A Dick.mp4,.mp4,47002032,44.82 MiB,2026-06-17T08:24:19.970604,2026-06-17T08:26:34.699893,true,"mov,mp4,m4a,3gp,3g2,mj2",423.067438,h264,aac,406,720
preserved-keep-30,/mnt/spirit-8tb/media-originals/keep-for-30-days/yes/mi-mqh2y193-1b3b0e1c/models/sava-schultz/Savaschultz savaschulz savashultz Exclusive Leaked Nude OnlyFans(11).mp4,Savaschultz savaschulz savashultz Exclusive Leaked Nude OnlyFans(11).mp4,.mp4,3507251,3.34 MiB,2026-06-16T16:22:48.082454,2026-06-16T16:23:08.881591,true,"mov,mp4,m4a,3gp,3g2,mj2",46.08,h264,aac,392,720
preserved-keep-30,/mnt/spirit-8tb/media-originals/keep-for-30-days/yes/mi-mqh2xxdd-ee8b8ceb/Amburnee ambernyy Exclusive Leaked Nude OnlyFans 12726049.mp4,Amburnee ambernyy Exclusive Leaked Nude OnlyFans 12726049.mp4,.mp4,3041588,2.90 MiB,2026-06-16T16:21:43.254027,2026-06-16T16:21:49.948072,true,"mov,mp4,m4a,3gp,3g2,mj2",9.566621,h264,aac,632,1080
preserved-keep-30,/mnt/spirit-8tb/media-originals/keep-for-30-days/yes/mi-mqhdqyz0-8130e151/Alexa Pearl Jerks Off A Guys Cock With Her Juicy Tits.mp4,Alexa Pearl Jerks Off A Guys Cock With Her Juicy Tits.mp4,.mp4,131828948,125.72 MiB,2026-06-17T07:56:47.798715,2026-06-17T08:05:54.246005,true,"mov,mp4,m4a,3gp,3g2,mj2",514.902449,h264,aac,1280,720
preserved-keep-30,/mnt/spirit-8tb/media-originals/keep-for-30-days/yes/mi-mqfrgmqv-c4ef9eab/Katiana Kay Needs To Suck A Cock.mp4,Katiana Kay Needs To Suck A Cock.mp4,.mp4,38251307,36.48 MiB,2026-06-15T23:08:52.570185,2026-06-15T23:10:11.571353,true,"mov,mp4,m4a,3gp,3g2,mj2",311.356236,h264,aac,404,720
preserved-keep-30,/mnt/spirit-8tb/media-originals/keep-for-30-days/yes/mi-mqk95en7-d07296e1/models/emiliaofficial/Emilia Bunny Pov Your Sexy Gf Cant Leave the House until You Mak.mp4,Emilia Bunny Pov Your Sexy Gf Cant Leave the House until You Mak.mp4,.mp4,376296960,358.86 MiB,2026-06-19T00:26:33.749767,2026-06-19T00:50:37.317189,true,"mov,mp4,m4a,3gp,3g2,mj2",612.449524,h264,aac,1920,1080
preserved-keep-30,/mnt/spirit-8tb/media-originals/keep-for-30-days/yes/mi-mqh2zbwm-4c799062/New Lily Phillips Verbal Spat Erupts Into Hardcore Fucking Video.mp4,New Lily Phillips Verbal Spat Erupts Into Hardcore Fucking Video.mp4,.mp4,245538321,234.16 MiB,2026-06-16T22:47:51.824252,2026-06-16T23:02:04.234163,true,"mov,mp4,m4a,3gp,3g2,mj2",1772.189675,h264,aac,854,480
preserved-keep-30,/mnt/spirit-8tb/media-originals/keep-for-30-days/yes/mi-mqhgn7p2-f7f0a495/Bonnie Blue Sucks And Fucks Her Driver.mp4,Bonnie Blue Sucks And Fucks Her Driver.mp4,.mp4,1016587629,969.49 MiB,2026-06-17T13:37:10.841424,2026-06-17T14:11:00.432049,true,"mov,mp4,m4a,3gp,3g2,mj2",1869.233349,h264,aac,1280,720
preserved-keep-30,/mnt/spirit-8tb/media-originals/keep-for-30-days/yes/mi-mqfrf6py-de9eee69/334120.mp4,334120.mp4,.mp4,42033794,40.09 MiB,2026-06-15T18:14:11.615235,2026-06-15T18:17:57.915521,true,"mov,mp4,m4a,3gp,3g2,mj2",598.586015,h264,aac,854,480
preserved-keep-30,/mnt/spirit-8tb/media-originals/keep-for-30-days/yes/mi-mqh2xbmr-8d4aec9e/models/sava-schultz/Savaschultz savaschulz savashultz Exclusive Leaked Nude OnlyFans(14).mp4,Savaschultz savaschulz savashultz Exclusive Leaked Nude OnlyFans(14).mp4,.mp4,645614,630.48 KiB,2026-06-16T16:15:10.594333,2026-06-16T16:15:14.154359,true,"mov,mp4,m4a,3gp,3g2,mj2",4.766667,h264,,720,900
preserved-keep-30,/mnt/spirit-8tb/media-originals/keep-for-30-days/yes/mi-mqh2yvkd-7d39e0b5/models/jakara-mitchell/Jakara Mitchell Sexy Ass Tease and JOI.mp4,Jakara Mitchell Sexy Ass Tease and JOI.mp4,.mp4,50415236,48.08 MiB,2026-06-16T17:42:59.780329,2026-06-16T17:47:30.442741,true,"mov,mp4,m4a,3gp,3g2,mj2",499.285333,h264,aac,400,720
preserved-keep-30,/mnt/spirit-8tb/media-originals/keep-for-30-days/yes/mi-mqh2xhu8-21f2fa74/models/sava-schultz/Savaschultz savaschulz savashultz Exclusive Leaked Nude OnlyFans(12).mp4,Savaschultz savaschulz savashultz Exclusive Leaked Nude OnlyFans(12).mp4,.mp4,1759845,1.68 MiB,2026-06-16T16:17:22.362263,2026-06-16T16:17:30.672321,true,"mov,mp4,m4a,3gp,3g2,mj2",14.964583,h264,aac,608,1080
preserved-keep-30,/mnt/spirit-8tb/media-originals/keep-for-30-days/yes/mi-mqh2xim6-88e50208/models/sava-schultz/Savaschultz savaschulz savashultz Exclusive Leaked Nude OnlyFans(16).mp4,Savaschultz savaschulz savashultz Exclusive Leaked Nude OnlyFans(16).mp4,.mp4,1779730,1.70 MiB,2026-06-16T16:17:30.864322,2026-06-16T16:17:41.391395,true,"mov,mp4,m4a,3gp,3g2,mj2",19.994,h264,aac,404,720
preserved-keep-30,/mnt/spirit-8tb/media-originals/keep-for-30-days/yes/mi-mqfrg08x-950f243a/Devorah rollof Onlyfans Video.mp4,Devorah rollof Onlyfans Video.mp4,.mp4,28702492,27.37 MiB,2026-06-15T20:42:46.370471,2026-06-15T20:44:44.215069,true,"mov,mp4,m4a,3gp,3g2,mj2",61.795962,h264,aac,1080,1920
preserved-keep-30,/mnt/spirit-8tb/media-originals/keep-for-30-days/yes/mi-mqh2yhkj-d7707dfe/models/sava-schultz/Sava Schultz grinding BBC so lewd leak.mp4,Sava Schultz grinding BBC so lewd leak.mp4,.mp4,9899427,9.44 MiB,2026-06-16T16:35:39.267164,2026-06-16T16:36:01.730438,true,"mov,mp4,m4a,3gp,3g2,mj2",58.1,h264,aac,254,480
preserved-keep-30,/mnt/spirit-8tb/media-originals/keep-for-30-days/yes/mi-mqhh0py1-4c3d8e93/TheStartOfUs gamer Girl Fucks around Finds Out he Cums how many.mp4,TheStartOfUs gamer Girl Fucks around Finds Out he Cums how many.mp4,.mp4,441718760,421.26 MiB,2026-06-17T16:01:43.015655,2026-06-17T16:26:05.753676,true,"mov,mp4,m4a,3gp,3g2,mj2",770.001833,h264,aac,1920,1080
preserved-keep-30,/mnt/spirit-8tb/media-originals/keep-for-30-days/yes/mi-mqk95g6z-ed32c085/models/emiliaofficial/Emilia Bunny POV Woman Rubs Clit Receives Cum on Panties Beeg.mp4,Emilia Bunny POV Woman Rubs Clit Receives Cum on Panties Beeg.mp4,.mp4,421083282,401.58 MiB,2026-06-19T01:15:22.212796,2026-06-19T01:48:24.728586,true,"mov,mp4,m4a,3gp,3g2,mj2",766.92,h264,aac,1920,1080
preserved-keep-30,/mnt/spirit-8tb/media-originals/keep-for-30-days/yes/mi-mqh2y5wv-28b86449/models/sava-schultz/Savaschultz savaschulz savashultz Exclusive Leaked Nude OnlyFans(25).mp4,Savaschultz savaschulz savashultz Exclusive Leaked Nude OnlyFans(25).mp4,.mp4,4331442,4.13 MiB,2026-06-16T16:25:14.488368,2026-06-16T16:25:26.067607,true,"mov,mp4,m4a,3gp,3g2,mj2",11.874,h264,aac,404,720
preserved-keep-30,/mnt/spirit-8tb/media-originals/keep-for-30-days/yes/mi-mqh2z9ko-d8a23e5f/OnlyFans_5 devorah.mp4.mp4,OnlyFans_5 devorah.mp4.mp4,.mp4,158142041,150.82 MiB,2026-06-16T22:15:08.900287,2026-06-16T22:21:38.032835,true,"mov,mp4,m4a,3gp,3g2,mj2",204.570667,h264,aac,1080,1440
preserved-keep-30,/mnt/spirit-8tb/media-originals/keep-for-30-days/yes/mi-mqhh0sat-0e8e52c0/Candy Love Her Doll-like Body Begs to Be Used Beeg.mp4,Candy Love Her Doll-like Body Begs to Be Used Beeg.mp4,.mp4,483116453,460.74 MiB,2026-06-17T17:19:54.920524,2026-06-17T17:48:50.383609,true,"mov,mp4,m4a,3gp,3g2,mj2",850.599333,h264,aac,1920,1080
preserved-keep-30,/mnt/spirit-8tb/media-originals/keep-for-30-days/yes/mi-mqhhj9ty-b78d5a24/Ruth Lee Public Adventure Blowjob.mp4,Ruth Lee Public Adventure Blowjob.mp4,.mp4,62274889,59.39 MiB,2026-06-17T19:43:14.847849,2026-06-17T19:46:36.596337,true,"mov,mp4,m4a,3gp,3g2,mj2",377.536,h264,aac,406,720
preserved-keep-30,/mnt/spirit-8tb/media-originals/keep-for-30-days/yes/mi-mqhhj89a-5a377609/Ruth Lees Seductive Jerk Off Instructions.mp4,Ruth Lees Seductive Jerk Off Instructions.mp4,.mp4,48482255,46.24 MiB,2026-06-17T19:38:18.019134,2026-06-17T19:40:35.316422,true,"mov,mp4,m4a,3gp,3g2,mj2",361.527833,h264,aac,406,720
preserved-keep-30,/mnt/spirit-8tb/media-originals/keep-for-30-days/yes/mi-mqh2xyx9-309ec540/Savaschultz savaschulz savashultz Exclusive Leaked Nude OnlyFans(4).mp4,Savaschultz savaschulz savashultz Exclusive Leaked Nude OnlyFans(4).mp4,.mp4,3363898,3.21 MiB,2026-06-16T16:22:11.137212,2026-06-16T16:22:27.116317,true,"mov,mp4,m4a,3gp,3g2,mj2",23.723333,h264,aac,608,1080
preserved-keep-30,/mnt/spirit-8tb/media-originals/keep-for-30-days/yes/mi-mqk95dv7-09ec6b78/models/emiliaofficial/Emilia Bunny Model in Bodysuit Receives Facial After Passionate.mp4,Emilia Bunny Model in Bodysuit Receives Facial After Passionate.mp4,.mp4,331790376,316.42 MiB,2026-06-18T23:46:21.012289,2026-06-19T00:26:30.017713,true,"mov,mp4,m4a,3gp,3g2,mj2",1098.2631,h264,aac,1920,1080
preserved-keep-30,/mnt/spirit-8tb/media-originals/keep-for-30-days/yes/mi-mqh2xqdq-76f23a28/Savaschultz savaschulz savashultz Exclusive Leaked Nude OnlyFans(3).mp4,Savaschultz savaschulz savashultz Exclusive Leaked Nude OnlyFans(3).mp4,.mp4,2118162,2.02 MiB,2026-06-16T16:19:50.036272,2026-06-16T16:20:03.907365,true,"mov,mp4,m4a,3gp,3g2,mj2",25.574,h264,aac,404,720
preserved-keep-30,/mnt/spirit-8tb/media-originals/keep-for-30-days/yes/mi-mqh2zoc9-2686afa5/Eve How Did He Last so Long in This Gorgeous Ass Beeg.mp4,Eve How Did He Last so Long in This Gorgeous Ass Beeg.mp4,.mp4,565874174,539.66 MiB,2026-06-17T05:08:15.157974,2026-06-17T05:49:17.221428,true,"mov,mp4,m4a,3gp,3g2,mj2",973.5,h264,aac,1920,1080
preserved-keep-30,/mnt/spirit-8tb/media-originals/keep-for-30-days/yes/mi-mqfrg1sy-1027e2af/Emilla Official Takes Boyfriend Hug dick.mp4,Emilla Official Takes Boyfriend Hug dick.mp4,.mp4,300824609,286.89 MiB,2026-06-15T20:45:45.877903,2026-06-15T21:00:21.783664,true,"mov,mp4,m4a,3gp,3g2,mj2",998.361977,h264,aac,1280,720
preserved-keep-30,/mnt/spirit-8tb/media-originals/keep-for-30-days/yes/mi-mqhh0t32-89e550d5/Candy Love Good Boy Gets Good Head then Good Sex Beeg.mp4,Candy Love Good Boy Gets Good Head then Good Sex Beeg.mp4,.mp4,485603930,463.11 MiB,2026-06-17T17:48:55.207648,2026-06-17T18:19:31.667940,true,"mov,mp4,m4a,3gp,3g2,mj2",846.399333,h264,aac,1920,1080
preserved-keep-30,/mnt/spirit-8tb/media-originals/keep-for-30-days/yes/mi-mqk95iin-1ecd5692/models/emiliaofficial/Emilia Bunny Horny Girl Takes It Deep Beeg.mp4,Emilia Bunny Horny Girl Takes It Deep Beeg.mp4,.mp4,444771116,424.17 MiB,2026-06-19T02:43:46.966230,2026-06-19T03:16:31.115423,true,"mov,mp4,m4a,3gp,3g2,mj2",1103.2,h264,aac,1920,1080
preserved-keep-30,/mnt/spirit-8tb/media-originals/keep-for-30-days/yes/mi-mqh2xaui-e0d21af1/models/sava-schultz/Sava Schultz - Videos - leak stars nackt leaks download leaked(3).mp4,Sava Schultz - Videos - leak stars nackt leaks download leaked(3).mp4,.mp4,570392,557.02 KiB,2026-06-16T16:15:04.715291,2026-06-16T16:15:10.408332,true,mpegts,4.025322,h264,aac,720,1280
preserved-keep-30,/mnt/spirit-8tb/media-originals/keep-for-30-days/yes/mi-mqh2yg0k-a59b3f26/RisqueCore Vid 96.mp4,RisqueCore Vid 96.mp4,.mp4,8848626,8.44 MiB,2026-06-16T16:31:28.777834,2026-06-16T16:31:43.242042,true,"mov,mp4,m4a,3gp,3g2,mj2",10.94,h264,aac,1080,564
preserved-keep-30,/mnt/spirit-8tb/media-originals/keep-for-30-days/yes/mi-mqh2yegn-9d0515be/Onlyfans devorah roloff milk tits naked(1).mp4,Onlyfans devorah roloff milk tits naked(1).mp4,.mp4,8421410,8.03 MiB,2026-06-16T16:30:14.220718,2026-06-16T16:30:34.720032,true,"mov,mp4,m4a,3gp,3g2,mj2",10.110544,h264,aac,888,1920
preserved-keep-30,/mnt/spirit-8tb/media-originals/keep-for-30-days/yes/mi-mqhdqy6b-e60590ce/Cutie Alexa Pearl Takes Hot Facial Outside.mp4,Cutie Alexa Pearl Takes Hot Facial Outside.mp4,.mp4,92287161,88.01 MiB,2026-06-17T07:53:05.449534,2026-06-17T07:56:46.593703,true,"mov,mp4,m4a,3gp,3g2,mj2",514.932375,h264,aac,404,720
preserved-keep-30,/mnt/spirit-8tb/media-originals/keep-for-30-days/yes/mi-mqh08ipe-e69ee7a2/Allinika Girl in Leggings Selects Her Ideal Match Beeg.mp4,Allinika Girl in Leggings Selects Her Ideal Match Beeg.mp4,.mp4,778372093,742.31 MiB,2026-06-16T15:04:10.735940,2026-06-16T16:13:04.041407,true,"mov,mp4,m4a,3gp,3g2,mj2",786.134785,h264,aac,1920,1080
preserved-keep-30,/mnt/spirit-8tb/media-originals/keep-for-30-days/yes/mi-mqh2zi4e-5bbbfc1f/spiritos-real-convert-test-1780539918-1-1-1-1-1.mp4,spiritos-real-convert-test-1780539918-1-1-1-1-1.mp4,.mp4,392858929,374.66 MiB,2026-06-17T01:54:55.091284,2026-06-17T02:15:06.761383,true,"mov,mp4,m4a,3gp,3g2,mj2",594.45,h264,aac,1920,1080
preserved-keep-30,/mnt/spirit-8tb/media-originals/keep-for-30-days/yes/mi-mqfrfwcw-4d70a980/Devorah Roloff Pumps Massive Dildo in Leaked Suck and Fuck Fest.mp4,Devorah Roloff Pumps Massive Dildo in Leaked Suck and Fuck Fest.mp4,.mp4,328355909,313.14 MiB,2026-06-15T20:17:20.977889,2026-06-15T20:38:12.670730,true,"mov,mp4,m4a,3gp,3g2,mj2",1450.045024,h264,aac,1280,720
preserved-keep-30,/mnt/spirit-8tb/media-originals/keep-for-30-days/yes/mi-mqfrfehl-d0d00dcd/Cecilia Rose 89 Fuck Me Hard Please PPV Video Leaked.mp4,Cecilia Rose 89 Fuck Me Hard Please PPV Video Leaked.mp4,.mp4,68289856,65.13 MiB,2026-06-15T19:05:27.107902,2026-06-15T19:14:13.359210,true,"mov,mp4,m4a,3gp,3g2,mj2",347.685664,h264,aac,1920,1080
preserved-keep-30,/mnt/spirit-8tb/media-originals/keep-for-30-days/yes/mi-mqh2z80q-aaadb907/NotYourHoneyBB Missionary Sex.mp4,NotYourHoneyBB Missionary Sex.mp4,.mp4,157758752,150.45 MiB,2026-06-16T21:58:25.887255,2026-06-16T22:05:49.316735,true,"mov,mp4,m4a,3gp,3g2,mj2",347.543991,h264,aac,1280,720
preserved-keep-30,/mnt/spirit-8tb/media-originals/keep-for-30-days/yes/mi-mqfrgl6z-7bffbc3e/Karamitch- gym bg.mp4,Karamitch- gym bg.mp4,.mp4,284334185,271.16 MiB,2026-06-15T22:56:11.509519,2026-06-15T23:07:04.479578,true,"mov,mp4,m4a,3gp,3g2,mj2",1307.523008,h264,aac,406,720
preserved-keep-30,/mnt/spirit-8tb/media-originals/keep-for-30-days/yes/mi-mqhh0qqc-83508670/Candy Love Nut on Me and then Lets Fuck Beeg(1).mp4,Candy Love Nut on Me and then Lets Fuck Beeg(1).mp4,.mp4,462424722,441.00 MiB,2026-06-17T16:26:10.075712,2026-06-17T16:51:03.714916,true,"mov,mp4,m4a,3gp,3g2,mj2",791.36,h264,aac,1920,1080
preserved-keep-30,/mnt/spirit-8tb/media-originals/keep-for-30-days/yes/mi-mqfrgdft-ba6308f2/Heyimbee Squeezing Big Boobs With Oil Leaked Onlyfans Video.mp4,Heyimbee Squeezing Big Boobs With Oil Leaked Onlyfans Video.mp4,.mp4,62631187,59.73 MiB,2026-06-15T21:24:20.797658,2026-06-15T21:29:20.158630,true,"mov,mp4,m4a,3gp,3g2,mj2",148.376875,h264,aac,1080,1920
preserved-keep-30,/mnt/spirit-8tb/media-originals/keep-for-30-days/yes/mi-mqkpcxgx-e64d6537/Aaliyah Yasin Tits Cummed After BJ Onlyfans UsualFans.mp4,Aaliyah Yasin Tits Cummed After BJ Onlyfans UsualFans.mp4,.mp4,116748419,111.34 MiB,2026-06-19T05:33:11.559021,2026-06-19T05:44:11.498471,true,"mov,mp4,m4a,3gp,3g2,mj2",518.634667,h264,aac,1280,720
preserved-keep-30,/mnt/spirit-8tb/media-originals/keep-for-30-days/yes/mi-mqh2z8sp-5de45011/models/jakara-mitchell/Karamitch- gym bg.mkv,Karamitch- gym bg.mkv,.mkv,158016974,150.70 MiB,2026-06-16T22:06:30.194788,2026-06-16T22:15:07.438235,true,"matroska,webm",1307.542,hevc,aac,406,720
preserved-keep-30,/mnt/spirit-8tb/media-originals/keep-for-30-days/yes/mi-mqfrfzgx-78e4ef48/Devorah Roloff Video 49 Newest Porn Leaks - OnlyFans Leak Video.mp4,Devorah Roloff Video 49 Newest Porn Leaks - OnlyFans Leak Video.mp4,.mp4,14649290,13.97 MiB,2026-06-15T20:41:45.978650,2026-06-15T20:42:45.464459,true,"mov,mp4,m4a,3gp,3g2,mj2",220.891224,h264,aac,332,720
preserved-keep-30,/mnt/spirit-8tb/media-originals/keep-for-30-days/yes/mi-mqh2zf0i-984b96fd/models/aaliyah-yasan/Naughty Aaliyah Yasin Sucks A Big Cock While Smoking.mp4,Naughty Aaliyah Yasin Sucks A Big Cock While Smoking.mp4,.mp4,344358414,328.41 MiB,2026-06-17T00:30:10.411952,2026-06-17T00:46:50.526000,true,"mov,mp4,m4a,3gp,3g2,mj2",1034.421033,h264,aac,1280,720
preserved-keep-30,/mnt/spirit-8tb/media-originals/keep-for-30-days/yes/mi-mqfrg9k9-a88b27bb/Heyimbee Exclusive Leaked Nude OnlyFans 1101500.mp4,Heyimbee Exclusive Leaked Nude OnlyFans 1101500.mp4,.mp4,2361969,2.25 MiB,2026-06-15T21:20:39.327724,2026-06-15T21:20:48.639847,true,"mov,mp4,m4a,3gp,3g2,mj2",8.583208,h264,aac,608,1080
preserved-keep-30,/mnt/spirit-8tb/media-originals/keep-for-30-days/yes/mi-mqk95k2c-656c5e55/models/emiliaofficial/Emilia Bunny Help Me with the Game and Ill Help You Cum Step Sis.mp4,Emilia Bunny Help Me with the Game and Ill Help You Cum Step Sis.mp4,.mp4,485845144,463.34 MiB,2026-06-19T03:38:26.451995,2026-06-19T04:05:37.656709,true,"mov,mp4,m4a,3gp,3g2,mj2",857.164626,h264,aac,1920,1080
preserved-keep-30,/mnt/spirit-8tb/media-originals/keep-for-30-days/yes/mi-mqh2z1s9-cd5cc546/Sava Schultz Naked Big Ass POV Onlyfans Video.mp4,Sava Schultz Naked Big Ass POV Onlyfans Video.mp4,.mp4,82586648,78.76 MiB,2026-06-16T20:06:40.562905,2026-06-16T20:07:32.570365,true,"mov,mp4,m4a,3gp,3g2,mj2",61.603208,h264,aac,720,1280
preserved-keep-30,/mnt/spirit-8tb/media-originals/keep-for-30-days/yes/mi-mqh2y7gu-734aacb1/Savaschultz savaschulz savashultz Exclusive Leaked Nude OnlyFans.mp4,Savaschultz savaschulz savashultz Exclusive Leaked Nude OnlyFans.mp4,.mp4,5183220,4.94 MiB,2026-06-16T16:25:36.590822,2026-06-16T16:26:05.726403,true,"mov,mp4,m4a,3gp,3g2,mj2",33.487683,h264,aac,608,1080
preserved-keep-30,/mnt/spirit-8tb/media-originals/keep-for-30-days/yes/mi-mqh2y4cy-2e50bf44/models/sava-schultz/Savaschultz savaschulz savashultz Exclusive Leaked Nude OnlyFans(15).mp4,Savaschultz savaschulz savashultz Exclusive Leaked Nude OnlyFans(15).mp4,.mp4,3901376,3.72 MiB,2026-06-16T16:24:30.580431,2026-06-16T16:24:54.645950,true,"mov,mp4,m4a,3gp,3g2,mj2",33.874,h264,aac,404,720
preserved-keep-30,/mnt/spirit-8tb/media-originals/keep-for-30-days/yes/mi-mqfrawbp-2908dd57/models/sava-schultz/Savaschultz savaschulz savashultz Exclusive Leaked Nude OnlyFans(17).mp4,Savaschultz savaschulz savashultz Exclusive Leaked Nude OnlyFans(17).mp4,.mp4,11072864,10.56 MiB,2026-06-15T18:00:01.684486,2026-06-15T18:00:25.325842,true,"mov,mp4,m4a,3gp,3g2,mj2",38.634,h264,aac,404,720
preserved-keep-30,/mnt/spirit-8tb/media-originals/keep-for-30-days/yes/mi-mqh2y0h5-128ce64b/Savaschultz savaschulz savashultz Exclusive Leaked Nude OnlyFans(2).mp4,Savaschultz savaschulz savashultz Exclusive Leaked Nude OnlyFans(2).mp4,.mp4,3445807,3.29 MiB,2026-06-16T16:22:32.134350,2026-06-16T16:22:47.866453,true,"mov,mp4,m4a,3gp,3g2,mj2",20.5535,h264,aac,608,1080
preserved-keep-30,/mnt/spirit-8tb/media-originals/keep-for-30-days/yes/mi-mqhhjejz-d8f3ff6f/Ruth Lee Savors Cock In POV.mp4,Ruth Lee Savors Cock In POV.mp4,.mp4,310659988,296.27 MiB,2026-06-17T20:18:26.260615,2026-06-17T20:31:25.098762,true,"mov,mp4,m4a,3gp,3g2,mj2",1100.065633,h264,aac,1280,720
preserved-keep-30,/mnt/spirit-8tb/media-originals/keep-for-30-days/yes/mi-mqhh0l5n-2a13b796/TheStartOfUs Asm-r You Cumming ️ 3 Huge Cumshots Beeg.mp4,TheStartOfUs Asm-r You Cumming ️ 3 Huge Cumshots Beeg.mp4,.mp4,95112839,90.71 MiB,2026-06-17T14:11:04.621145,2026-06-17T14:18:43.673985,true,"mov,mp4,m4a,3gp,3g2,mj2",337.9622,h264,aac,1920,1080
preserved-keep-30,/mnt/spirit-8tb/media-originals/keep-for-30-days/yes/mi-mqhhjbel-a122ee00/Ruth Lee Glazes A Cock During A Sloppy BJ.mp4,Ruth Lee Glazes A Cock During A Sloppy BJ.mp4,.mp4,86582413,82.57 MiB,2026-06-17T19:49:44.490817,2026-06-17T19:53:33.571703,true,"mov,mp4,m4a,3gp,3g2,mj2",642.773,h264,aac,406,720
preserved-keep-30,/mnt/spirit-8tb/media-originals/keep-for-30-days/yes/mi-mqh2y54w-2205013a/models/sava-schultz/Savaschultz savaschulz savashultz Exclusive Leaked Nude OnlyFans(24).mp4,Savaschultz savaschulz savashultz Exclusive Leaked Nude OnlyFans(24).mp4,.mp4,4130405,3.94 MiB,2026-06-16T16:24:54.864955,2026-06-16T16:25:14.287364,true,"mov,mp4,m4a,3gp,3g2,mj2",21.30425,h264,aac,608,1080
preserved-keep-30,/mnt/spirit-8tb/media-originals/keep-for-30-days/yes/mi-mqfrfn1a-fbcafae3/Devorah Roloff Gives A Vibrator A Good Sucking Devorah Roloff On.mp4,Devorah Roloff Gives A Vibrator A Good Sucking Devorah Roloff On.mp4,.mp4,28786776,27.45 MiB,2026-06-15T20:04:01.602942,2026-06-15T20:04:57.153596,true,"mov,mp4,m4a,3gp,3g2,mj2",117.863991,h264,aac,406,720
preserved-keep-30,/mnt/spirit-8tb/media-originals/keep-for-30-days/yes/mi-mqh2zkgb-803dfb0b/Luke Cooper English Slut Bonnie Blue Loves Big Dick Inside Her B.mp4,Luke Cooper English Slut Bonnie Blue Loves Big Dick Inside Her B.mp4,.mp4,396888397,378.50 MiB,2026-06-17T03:04:05.790724,2026-06-17T03:28:50.694222,true,"mov,mp4,m4a,3gp,3g2,mj2",703.732667,h264,aac,1920,1080
preserved-keep-30,/mnt/spirit-8tb/media-originals/keep-for-30-days/yes/mi-mqfrgpun-d3de24cb/Natalie Roush Nut For Natalie November Ppv Dropping Tight Jeans.mp4,Natalie Roush Nut For Natalie November Ppv Dropping Tight Jeans.mp4,.mp4,76411371,72.87 MiB,2026-06-15T23:41:51.389931,2026-06-15T23:48:30.855697,true,"mov,mp4,m4a,3gp,3g2,mj2",164.642875,h264,aac,1080,1920
preserved-keep-30,/mnt/spirit-8tb/media-originals/keep-for-30-days/yes/mi-mqfrft8y-7d8e8cd7/Devorah Roloff Nude Leaked OnlyFans Video 348 - Ibradome.m4v,Devorah Roloff Nude Leaked OnlyFans Video 348 - Ibradome.m4v,.m4v,14137620,13.48 MiB,2026-06-15T20:13:20.368809,2026-06-15T20:14:14.021491,true,"mov,mp4,m4a,3gp,3g2,mj2",60.518792,hevc,aac,1280,720
preserved-keep-30,/mnt/spirit-8tb/media-originals/keep-for-30-days/yes/mi-mqhhj91m-ffb2938d/Ruth Lee Gives A Hot Jerk Off Instructions.mp4,Ruth Lee Gives A Hot Jerk Off Instructions.mp4,.mp4,61058257,58.23 MiB,2026-06-17T19:40:36.162430,2026-06-17T19:43:14.049844,true,"mov,mp4,m4a,3gp,3g2,mj2",432.0316,h264,aac,406,720
preserved-keep-30,/mnt/spirit-8tb/media-originals/keep-for-30-days/yes/mi-mqfrfyox-f0c8ceea/Devorah Roloff Video 48 Hd Leaked Content May-2025 - OnlyFans Le.mp4,Devorah Roloff Video 48 Hd Leaked Content May-2025 - OnlyFans Le.mp4,.mp4,13379896,12.76 MiB,2026-06-15T20:40:36.673704,2026-06-15T20:41:45.566644,true,"mov,mp4,m4a,3gp,3g2,mj2",109.92322,h264,aac,1280,720
preserved-keep-30,/mnt/spirit-8tb/media-originals/keep-for-30-days/yes/mi-mqh2xceq-9393dffc/models/sava-schultz/Savaschultz savaschulz savashultz Exclusive Leaked Nude OnlyFans(22).mp4,Savaschultz savaschulz savashultz Exclusive Leaked Nude OnlyFans(22).mp4,.mp4,1091491,1.04 MiB,2026-06-16T16:15:14.335360,2026-06-16T16:15:18.849393,true,"mov,mp4,m4a,3gp,3g2,mj2",12.086708,h264,aac,480,848
preserved-keep-30,/mnt/spirit-8tb/media-originals/keep-for-30-days/yes/mi-mqh2ypcj-4acf3bde/RisqueCore Vid 53.mp4,RisqueCore Vid 53.mp4,.mp4,25938254,24.74 MiB,2026-06-16T16:52:28.134505,2026-06-16T16:53:58.659333,true,"mov,mp4,m4a,3gp,3g2,mj2",33.158125,h264,aac,720,1280
preserved-keep-30,/mnt/spirit-8tb/media-originals/keep-for-30-days/yes/mi-mqfrgezm-869acfa6/Heyimbee Tease - EroThots.mp4,Heyimbee Tease - EroThots.mp4,.mp4,5619102,5.36 MiB,2026-06-15T21:31:33.840404,2026-06-15T21:31:57.756722,true,"mov,mp4,m4a,3gp,3g2,mj2",129.323023,h264,aac,270,480
preserved-keep-30,/mnt/spirit-8tb/media-originals/keep-for-30-days/yes/mi-mqfrgi3b-23d40f78/Izzy Green Finger And Dildo Fuck Pussy Squirt Everywhere For Her.mp4,Izzy Green Finger And Dildo Fuck Pussy Squirt Everywhere For Her.mp4,.mp4,84362872,80.45 MiB,2026-06-15T21:33:38.681062,2026-06-15T21:36:47.881574,true,"mov,mp4,m4a,3gp,3g2,mj2",501.338969,h264,aac,470,836
preserved-keep-30,/mnt/spirit-8tb/media-originals/keep-for-30-days/yes/mi-mqhhjczb-a821bd6f/Ruth Lee Squirts While Getting Pounded.mp4,Ruth Lee Squirts While Getting Pounded.mp4,.mp4,158090107,150.77 MiB,2026-06-17T19:58:34.766270,2026-06-17T20:04:42.692482,true,"mov,mp4,m4a,3gp,3g2,mj2",945.941,h264,aac,406,720
preserved-keep-30,/mnt/spirit-8tb/media-originals/keep-for-30-days/yes/mi-mqk95d3c-a93e3052/models/emiliaofficial/Emilia Bunny Strict Teachers Private Lesson Beeg.mp4,Emilia Bunny Strict Teachers Private Lesson Beeg.mp4,.mp4,320237525,305.40 MiB,2026-06-18T23:07:45.590222,2026-06-18T23:46:18.180250,true,"mov,mp4,m4a,3gp,3g2,mj2",968.782948,h264,aac,1920,1080
preserved-keep-30,/mnt/spirit-8tb/media-originals/keep-for-30-days/yes/mi-mqfrgqmp-2c55f44e/Natalie Roush Sizzling Mesh Bodysuit Booty Tease in Leaked OnlyF.mp4,Natalie Roush Sizzling Mesh Bodysuit Booty Tease in Leaked OnlyF.mp4,.mp4,62418434,59.53 MiB,2026-06-15T23:48:36.166774,2026-06-15T23:53:06.244671,true,"mov,mp4,m4a,3gp,3g2,mj2",144.831708,h264,aac,1080,1920
preserved-keep-30,/mnt/spirit-8tb/media-originals/keep-for-30-days/yes/mi-mqfrfrp0-b76f2cb2/Devorah Roloff Nude Leaked OnlyFans Video 28 - Ibradome.m4v,Devorah Roloff Nude Leaked OnlyFans Video 28 - Ibradome.m4v,.m4v,5712621,5.45 MiB,2026-06-15T20:06:19.696583,2026-06-15T20:06:55.629018,true,"mov,mp4,m4a,3gp,3g2,mj2",31.7,h264,aac,1280,720
preserved-keep-30,/mnt/spirit-8tb/media-originals/keep-for-30-days/yes/mi-mqh2zm09-15e35bf9/Sexy Lily Phillips Picked Up And Creampie In Self Driving Tesla.mp4,Sexy Lily Phillips Picked Up And Creampie In Self Driving Tesla.mp4,.mp4,400100722,381.57 MiB,2026-06-17T03:58:50.332901,2026-06-17T04:18:38.171915,true,"mov,mp4,m4a,3gp,3g2,mj2",1108.079433,h264,aac,1280,720
preserved-keep-30,/mnt/spirit-8tb/media-originals/keep-for-30-days/yes/mi-mqh2ysgh-c8087a55/OnlyFans_5 devorah2.mp4.mp4,OnlyFans_5 devorah2.mp4.mp4,.mp4,42070874,40.12 MiB,2026-06-16T17:13:59.354327,2026-06-16T17:18:09.569786,true,"mov,mp4,m4a,3gp,3g2,mj2",53.961875,h264,aac,1616,1076
preserved-keep-30,/mnt/spirit-8tb/media-originals/keep-for-30-days/yes/mi-mqh2xpls-a85a8c6f/Amburnee ambernyy Exclusive Leaked Nude OnlyFans 10859483.mp4,Amburnee ambernyy Exclusive Leaked Nude OnlyFans 10859483.mp4,.mp4,2057025,1.96 MiB,2026-06-16T16:19:45.444241,2026-06-16T16:19:49.856271,true,"mov,mp4,m4a,3gp,3g2,mj2",5.31737,h264,aac,608,1080
preserved-keep-30,/mnt/spirit-8tb/media-originals/keep-for-30-days/yes/mi-mqhh0ocp-f2f7c18e/Candy Love I Want My Pussy Full of Cum Remove Condom no Birth Co.mp4,Candy Love I Want My Pussy Full of Cum Remove Condom no Birth Co.mp4,.mp4,410178951,391.18 MiB,2026-06-17T15:07:24.659626,2026-06-17T15:34:06.531515,true,"mov,mp4,m4a,3gp,3g2,mj2",724.799333,h264,aac,1920,1080
preserved-keep-30,/mnt/spirit-8tb/media-originals/keep-for-30-days/yes/mi-mqfrfgtf-e1d2c475/DR 024.mp4.mp4,DR 024.mp4.mp4,.mp4,11731046,11.19 MiB,2026-06-15T19:49:42.057717,2026-06-15T19:50:33.081418,true,"mov,mp4,m4a,3gp,3g2,mj2",14.213833,h264,aac,1080,1920
preserved-keep-30,/mnt/spirit-8tb/media-originals/keep-for-30-days/yes/mi-mqhh0k7j-168d2bb9/Candy Love Nut on Me and then Lets Fuck Beeg.mp4,Candy Love Nut on Me and then Lets Fuck Beeg.mp4,.mp4,914697,893.26 KiB,2026-06-17T14:11:00.655054,2026-06-17T14:11:03.561121,true,"mov,mp4,m4a,3gp,3g2,mj2",3.52,h264,aac,1920,1080
preserved-keep-30,/mnt/spirit-8tb/media-originals/keep-for-30-days/yes/mi-mqh2ym8l-762cb372/models/sava-schultz/Sava Schultz BDSM doggy fuck so hard.mp4,Sava Schultz BDSM doggy fuck so hard.mp4,.mp4,16830782,16.05 MiB,2026-06-16T16:39:21.921744,2026-06-16T16:39:49.234042,true,"mov,mp4,m4a,3gp,3g2,mj2",60.016667,h264,aac,270,480
preserved-keep-30,/mnt/spirit-8tb/media-originals/keep-for-30-days/yes/mi-mqh2zacm-f28bf0ef/RisqueCore Vid 10.mp4,RisqueCore Vid 10.mp4,.mp4,180777650,172.40 MiB,2026-06-16T22:21:47.941080,2026-06-16T22:36:41.308629,true,"mov,mp4,m4a,3gp,3g2,mj2",44.766667,hevc,aac,3840,2160
preserved-keep-30,/mnt/spirit-8tb/media-originals/keep-for-30-days/yes/mi-mqh2zms8-457c4473/Allinika the Girl Knows how to Distract from the Game. Beeg.mp4,Allinika the Girl Knows how to Distract from the Game. Beeg.mp4,.mp4,405979748,387.17 MiB,2026-06-17T04:18:41.761944,2026-06-17T04:45:29.396247,true,"mov,mp4,m4a,3gp,3g2,mj2",707.001179,h264,aac,1920,1080
preserved-keep-30,/mnt/spirit-8tb/media-originals/keep-for-30-days/yes/mi-mqh2zgkh-3709d9d5/mi-mpyvel2x-929d9042/spiritos-convert-test-375m.mp4,spiritos-convert-test-375m.mp4,.mp4,392858929,374.66 MiB,2026-06-17T01:14:26.084542,2026-06-17T01:34:39.688949,true,"mov,mp4,m4a,3gp,3g2,mj2",594.45,h264,aac,1920,1080
preserved-keep-30,/mnt/spirit-8tb/media-originals/keep-for-30-days/yes/mi-mqh2ydoo-acd36db4/models/sava-schultz/Savaschultz savaschulz savashultz Exclusive Leaked Nude OnlyFans(21).mp4,Savaschultz savaschulz savashultz Exclusive Leaked Nude OnlyFans(21).mp4,.mp4,7772604,7.41 MiB,2026-06-16T16:29:41.719210,2026-06-16T16:30:13.959714,true,"mov,mp4,m4a,3gp,3g2,mj2",29.31225,h264,aac,608,1080
preserved-keep-30,/mnt/spirit-8tb/media-originals/keep-for-30-days/yes/mi-mqh2xthm-2304e60a/Savaschultz savaschulz savashultz Exclusive Leaked Nude OnlyFans(8).mp4,Savaschultz savaschulz savashultz Exclusive Leaked Nude OnlyFans(8).mp4,.mp4,2384948,2.27 MiB,2026-06-16T16:20:44.181635,2026-06-16T16:20:53.695698,true,"mov,mp4,m4a,3gp,3g2,mj2",8.958583,h264,aac,608,1080
preserved-keep-30,/mnt/spirit-8tb/media-originals/keep-for-30-days/yes/mi-mqh2zb4n-8fbaf34b/Allison Parker BBC NEW SEXTAPE ONLYFANS.mp4,Allison Parker BBC NEW SEXTAPE ONLYFANS.mp4,.mp4,198228160,189.05 MiB,2026-06-16T22:37:24.175347,2026-06-16T22:47:32.574297,true,"mov,mp4,m4a,3gp,3g2,mj2",1012.034007,h264,aac,406,720
preserved-keep-30,/mnt/spirit-8tb/media-originals/keep-for-30-days/yes/mi-mqfrfhld-ba1c3384/DR 025.mp4.mp4,DR 025.mp4.mp4,.mp4,10540790,10.05 MiB,2026-06-15T19:50:39.877511,2026-06-15T19:51:16.434013,true,"mov,mp4,m4a,3gp,3g2,mj2",12.670625,h264,aac,1080,1920
preserved-keep-30,/mnt/spirit-8tb/media-originals/keep-for-30-days/yes/mi-mqfrgkf3-90cbcdb0/Izzy Green Suck Till Mouth Got Filled With Cum Then Bounce On Th.mp4,Izzy Green Suck Till Mouth Got Filled With Cum Then Bounce On Th.mp4,.mp4,471984210,450.12 MiB,2026-06-15T22:19:09.566947,2026-06-15T22:55:49.682166,true,"mov,mp4,m4a,3gp,3g2,mj2",1148.607333,h264,aac,1920,1080
preserved-keep-30,/mnt/spirit-8tb/media-originals/keep-for-30-days/yes/mi-mqh2ykok-b1f79fa1/RisqueCore Vid 73.mp4,RisqueCore Vid 73.mp4,.mp4,12627218,12.04 MiB,2026-06-16T16:38:18.694039,2026-06-16T16:38:34.534217,true,"mov,mp4,m4a,3gp,3g2,mj2",15.724042,h264,aac,624,1080
preserved-keep-30,/mnt/spirit-8tb/media-originals/keep-for-30-days/yes/mi-mqfrg2kv-fbfbf672/F1nn5ter Suck Big Black Dildo Onlyfans.mp4,F1nn5ter Suck Big Black Dildo Onlyfans.mp4,.mp4,74604892,71.15 MiB,2026-06-15T21:00:24.300698,2026-06-15T21:03:17.981020,true,"mov,mp4,m4a,3gp,3g2,mj2",237.061667,h264,aac,720,1080
preserved-keep-30,/mnt/spirit-8tb/media-originals/keep-for-30-days/yes/mi-mqh2zl8a-696e876d/models/izzy-green/Izzy Green Suck Till Mouth Got Filled With Cum Then Bounce On Th.mkv,Izzy Green Suck Till Mouth Got Filled With Cum Then Bounce On Th.mkv,.mkv,399946661,381.42 MiB,2026-06-17T03:28:54.935266,2026-06-17T03:58:45.546871,true,"matroska,webm",1148.614,hevc,aac,1920,1080
preserved-keep-30,/mnt/spirit-8tb/media-originals/keep-for-30-days/yes/mi-mqhgn5am-e9f612b2/Sweet Herry Big Ass Brunette POV Cumshot Compilation Beeg.mp4,Sweet Herry Big Ass Brunette POV Cumshot Compilation Beeg.mp4,.mp4,559193193,533.29 MiB,2026-06-17T10:58:09.350159,2026-06-17T11:38:13.823970,true,"mov,mp4,m4a,3gp,3g2,mj2",727.736599,h264,aac,1920,1080
preserved-keep-30,/mnt/spirit-8tb/media-originals/keep-for-30-days/yes/mi-mqkb0pgd-49072235/Isabelle Eleanores Pleasures A Dick Outdoors.mp4,Isabelle Eleanores Pleasures A Dick Outdoors.mp4,.mp4,67730381,64.59 MiB,2026-06-19T04:05:39.566735,2026-06-19T04:13:03.194875,true,"mov,mp4,m4a,3gp,3g2,mj2",490.602667,h264,aac,406,720
preserved-keep-30,/mnt/spirit-8tb/media-originals/keep-for-30-days/yes/mi-mqfrgoar-6ea5bfd6/Lexi Marvel Grinds That Juicy Ass In Tight Yoga Pants For This S.mp4,Lexi Marvel Grinds That Juicy Ass In Tight Yoga Pants For This S.mp4,.mp4,13176884,12.57 MiB,2026-06-15T23:23:34.556074,2026-06-15T23:29:51.567532,true,"mov,mp4,m4a,3gp,3g2,mj2",149.635024,h264,aac,406,720
preserved-keep-30,/mnt/spirit-8tb/media-originals/keep-for-30-days/yes/mi-mqh2zcol-1a42c3b3/models/izzy-green/Izzy Green Squirt Compilation Leaked Sextape.mkv,Izzy Green Squirt Compilation Leaked Sextape.mkv,.mkv,253578616,241.83 MiB,2026-06-16T23:02:18.912288,2026-06-16T23:44:29.150541,true,"matroska,webm",1194.96,hevc,aac,1920,1080
preserved-keep-30,/mnt/spirit-8tb/media-originals/keep-for-30-days/yes/mi-mqh2xy5b-7e154c3d/models/sava-schultz/Sava Schultz - Videos - leak stars nackt leaks download leaked(1).mp4,Sava Schultz - Videos - leak stars nackt leaks download leaked(1).mp4,.mp4,3115096,2.97 MiB,2026-06-16T16:21:50.147073,2026-06-16T16:22:10.932210,true,"mov,mp4,m4a,3gp,3g2,mj2",22.126411,h264,aac,720,1280
preserved-keep-30,/mnt/spirit-8tb/media-originals/keep-for-30-days/yes/mi-mqfrfcxw-65330397/Aaliyah Yasin Has Unprotected Sex With A Stranger.mp4,Aaliyah Yasin Has Unprotected Sex With A Stranger.mp4,.mp4,519857218,495.77 MiB,2026-06-15T18:37:11.951845,2026-06-15T19:04:42.275271,true,"mov,mp4,m4a,3gp,3g2,mj2",1959.811451,h264,aac,1280,720
preserved-keep-30,/mnt/spirit-8tb/media-originals/keep-for-30-days/yes/mi-mqh2zp48-c73504a1/Comatozze Sensual Encounter in Elegant Stockings Beeg.mp4,Comatozze Sensual Encounter in Elegant Stockings Beeg.mp4,.mp4,755961877,720.94 MiB,2026-06-17T05:49:52.019732,2026-06-17T07:00:31.004268,true,"mov,mp4,m4a,3gp,3g2,mj2",1141.566,h264,aac,1920,1080
preserved-keep-30,/mnt/spirit-8tb/media-originals/keep-for-30-days/yes/mi-mqh2xn9y-a3f95ab6/models/sava-schultz/watermark_9744_savaschultz_81845478182.mp4,watermark_9744_savaschultz_81845478182.mp4,.mp4,2011005,1.92 MiB,2026-06-16T16:18:52.164880,2026-06-16T16:19:03.578958,true,"mov,mp4,m4a,3gp,3g2,mj2",25.366667,h264,aac,404,720
preserved-keep-30,/mnt/spirit-8tb/media-originals/keep-for-30-days/yes/mi-mqfrglyw-eaf89003/Katiana Kay Fucks A Cop Video Leaked.mp4,Katiana Kay Fucks A Cop Video Leaked.mp4,.mp4,36052594,34.38 MiB,2026-06-15T23:07:05.751597,2026-06-15T23:08:50.801158,true,"mov,mp4,m4a,3gp,3g2,mj2",349.538833,h264,aac,404,720
preserved-keep-30,/mnt/spirit-8tb/media-originals/keep-for-30-days/yes/mi-mqkpcv3y-c1bccd57/Lexi Marvel Flaunts Her Ass In Her Panty.mp4,Lexi Marvel Flaunts Her Ass In Her Panty.mp4,.mp4,16458426,15.70 MiB,2026-06-19T05:14:49.122009,2026-06-19T05:20:15.062058,true,"mov,mp4,m4a,3gp,3g2,mj2",132.498667,h264,aac,406,720
preserved-keep-30,/mnt/spirit-8tb/media-originals/keep-for-30-days/yes/mi-mqh2zhcf-634bea23/mi-mpyvhwjc-7a5e787a/spiritos-convert-test-375m-rerun.mp4,spiritos-convert-test-375m-rerun.mp4,.mp4,392858929,374.66 MiB,2026-06-17T01:34:43.096039,2026-06-17T01:54:51.562237,true,"mov,mp4,m4a,3gp,3g2,mj2",594.45,h264,aac,1920,1080
preserved-keep-30,/mnt/spirit-8tb/media-originals/keep-for-30-days/yes/mi-mqfrfu0y-77e6ff56/Devorah Roloff Nude Leaked OnlyFans Video 36 - Ibradome.m4v,Devorah Roloff Nude Leaked OnlyFans Video 36 - Ibradome.m4v,.m4v,3562968,3.40 MiB,2026-06-15T20:14:14.211494,2026-06-15T20:14:32.627729,true,"mov,mp4,m4a,3gp,3g2,mj2",20.103,hevc,aac,608,1080
preserved-keep-30,/mnt/spirit-8tb/media-originals/keep-for-30-days/yes/mi-mqfrgjn7-f4231ed6/Izzy Green Squirt Compilation Leaked Sextape.mp4,Izzy Green Squirt Compilation Leaked Sextape.mp4,.mp4,353305369,336.94 MiB,2026-06-15T21:41:51.999715,2026-06-15T22:17:56.572996,true,"mov,mp4,m4a,3gp,3g2,mj2",1194.948067,h264,aac,1920,1080
preserved-keep-30,/mnt/spirit-8tb/media-originals/keep-for-30-days/yes/mi-mqfrfqx0-98a58c68/Devorah Roloff Nude Leaked OnlyFans Video 25 - Ibradome.m4v,Devorah Roloff Nude Leaked OnlyFans Video 25 - Ibradome.m4v,.m4v,667873,652.22 KiB,2026-06-15T20:06:15.152528,2026-06-15T20:06:19.452580,true,"mov,mp4,m4a,3gp,3g2,mj2",6.84,hevc,aac,584,1080
preserved-keep-30,/mnt/spirit-8tb/media-originals/keep-for-30-days/yes/mi-mqfrggjg-9b32f16c/Heyimbee ass from behind butt crack Leaked OF.mp4,Heyimbee ass from behind butt crack Leaked OF.mp4,.mp4,4320898,4.12 MiB,2026-06-15T21:32:29.625145,2026-06-15T21:32:54.569476,true,"mov,mp4,m4a,3gp,3g2,mj2",75.187683,h264,aac,402,720
preserved-keep-30,/mnt/spirit-8tb/media-originals/keep-for-30-days/yes/mi-mqk95jah-5122e132/models/emiliaofficial/Emilia Bunny 2 Cumshots. Feet Ride. the Wettest Pussy Beeg.mp4,Emilia Bunny 2 Cumshots. Feet Ride. the Wettest Pussy Beeg.mp4,.mp4,449554503,428.73 MiB,2026-06-19T03:16:35.198477,2026-06-19T03:38:21.911933,true,"mov,mp4,m4a,3gp,3g2,mj2",778.843719,h264,aac,1920,1080
preserved-keep-30,/mnt/spirit-8tb/media-originals/keep-for-30-days/yes/mi-mqfrfidb-bd1777cd/Devdildo01.mp4.mp4,Devdildo01.mp4.mp4,.mp4,68855801,65.67 MiB,2026-06-15T19:51:33.635249,2026-06-15T19:53:14.612635,true,"mov,mp4,m4a,3gp,3g2,mj2",88.788333,h264,aac,720,1280
preserved-keep-30,/mnt/spirit-8tb/media-originals/keep-for-30-days/yes/mi-mqh2ywcc-498ebb61/models/izzy-green/Izzy Green Finger And Dildo Fuck Pussy Squirt Everywhere For Her.mkv,Izzy Green Finger And Dildo Fuck Pussy Squirt Everywhere For Her.mkv,.mkv,54639926,52.11 MiB,2026-06-16T17:47:31.193748,2026-06-16T17:50:12.451198,true,"matroska,webm",501.32,hevc,aac,470,836
preserved-keep-30,/mnt/spirit-8tb/media-originals/keep-for-30-days/yes/mi-mqk95cbf-1cd58e21/models/emiliaofficial/Emilia Bunny Model Encounter Exceeds Expectations Beeg.mp4,Emilia Bunny Model Encounter Exceeds Expectations Beeg.mp4,.mp4,273841390,261.16 MiB,2026-06-18T22:23:07.799410,2026-06-18T23:07:41.403157,true,"mov,mp4,m4a,3gp,3g2,mj2",987.1521,h264,aac,1920,1080
preserved-keep-30,/mnt/spirit-8tb/media-originals/keep-for-30-days/yes/mi-mqh2zpw7-4e8d715e/Eve Cums Twice in Her Tight Ass Ass to Pussy to Ass Beeg.mp4,Eve Cums Twice in Her Tight Ass Ass to Pussy to Ass Beeg.mp4,.mp4,929041447,886.00 MiB,2026-06-17T07:00:41.572368,2026-06-17T07:50:15.554847,true,"mov,mp4,m4a,3gp,3g2,mj2",1613.266,h264,aac,1920,1080
preserved-keep-30,/mnt/spirit-8tb/media-originals/keep-for-30-days/yes/mi-mqkpcy93-31dd193b/Aaliyah Yasin Sucks Dick And Gets Creampied UsualFans.mp4,Aaliyah Yasin Sucks Dick And Gets Creampied UsualFans.mp4,.mp4,297393206,283.62 MiB,2026-06-19T05:44:11.828476,2026-06-19T06:12:14.910329,true,"mov,mp4,m4a,3gp,3g2,mj2",1263.274667,h264,aac,1280,720
preserved-keep-30,/mnt/spirit-8tb/media-originals/keep-for-30-days/yes/mi-mqfrgs6h-5e551336/Natalie Roush Teases Her Thicc Booty Twerking in Leaked Onlyfans.mp4,Natalie Roush Teases Her Thicc Booty Twerking in Leaked Onlyfans.mp4,.mp4,29729437,28.35 MiB,2026-06-16T00:04:06.117875,2026-06-16T00:06:27.483441,true,"mov,mp4,m4a,3gp,3g2,mj2",70.799708,h264,aac,1080,1920
preserved-keep-30,/mnt/spirit-8tb/media-originals/keep-for-30-days/yes/mi-mqhhjdrn-c73013a3/Ruth Lee Makes Ahegao Faces During Sex.mp4,Ruth Lee Makes Ahegao Faces During Sex.mp4,.mp4,236473657,225.52 MiB,2026-06-17T20:04:45.088503,2026-06-17T20:18:23.302594,true,"mov,mp4,m4a,3gp,3g2,mj2",1436.875349,h264,aac,1280,720
preserved-keep-30,/mnt/spirit-8tb/media-originals/keep-for-30-days/yes/mi-mqfrfol3-348a9e96/Devorah Roloff Hot Onlyfans Video.mp4,Devorah Roloff Hot Onlyfans Video.mp4,.mp4,8112909,7.74 MiB,2026-06-15T20:05:29.551981,2026-06-15T20:06:01.773367,true,"mov,mp4,m4a,3gp,3g2,mj2",74.485873,h264,aac,404,720
preserved-keep-30,/mnt/spirit-8tb/media-originals/keep-for-30-days/yes/mi-mqfrff9g-42d54782/Comatozze new sex on the first date.mp4,Comatozze new sex on the first date.mp4,.mp4,760715142,725.47 MiB,2026-06-15T19:14:50.491721,2026-06-15T19:48:26.462679,true,"mov,mp4,m4a,3gp,3g2,mj2",1861.68969,h264,aac,1280,720
preserved-keep-30,/mnt/spirit-8tb/media-originals/keep-for-30-days/yes/mi-mqfrgrem-e963962d/Natalie Roush Stripteasing With Her Booty Hole Dropping Tight Th.mp4,Natalie Roush Stripteasing With Her Booty Hole Dropping Tight Th.mp4,.mp4,151645921,144.62 MiB,2026-06-15T23:53:12.204757,2026-06-16T00:04:04.737860,true,"mov,mp4,m4a,3gp,3g2,mj2",270.582875,h264,aac,1080,1920
preserved-keep-30,/mnt/spirit-8tb/media-originals/keep-for-30-days/yes/mi-mqfrfj5b-f205d5ea/Devdildo02.mp4.mp4,Devdildo02.mp4.mp4,.mp4,57023429,54.38 MiB,2026-06-15T19:53:19.216699,2026-06-15T19:54:55.687023,true,"mov,mp4,m4a,3gp,3g2,mj2",73.189417,h264,aac,720,1280
preserved-keep-30,/mnt/spirit-8tb/media-originals/keep-for-30-days/yes/mi-mqfrfg1f-9984e217/DR 023.mp4.mp4,DR 023.mp4.mp4,.mp4,18329470,17.48 MiB,2026-06-15T19:48:28.983714,2026-06-15T19:49:39.456682,true,"mov,mp4,m4a,3gp,3g2,mj2",22.847458,h264,aac,1080,1920
preserved-keep-30,/mnt/spirit-8tb/media-originals/keep-for-30-days/yes/mi-mqh2xzp7-07d63492/RisqueCore Vid 177.mp4,RisqueCore Vid 177.mp4,.mp4,3425260,3.27 MiB,2026-06-16T16:22:27.370318,2026-06-16T16:22:31.822348,true,"mov,mp4,m4a,3gp,3g2,mj2",3.837167,h264,aac,720,1104
preserved-keep-30,/mnt/spirit-8tb/media-originals/keep-for-30-days/yes/mi-mqhh0uob-3d95c120/Candy Love how to Make Your Bf Cum Twice He Cant Resist My Tits.mp4,Candy Love how to Make Your Bf Cum Twice He Cant Resist My Tits.mp4,.mp4,724980533,691.40 MiB,2026-06-17T18:51:50.031407,2026-06-17T19:35:53.374776,true,"mov,mp4,m4a,3gp,3g2,mj2",1263.56,h264,aac,1920,1080
preserved-keep-30,/mnt/spirit-8tb/media-originals/keep-for-30-days/yes/mi-mqfrfkpa-88054a22/Devorah Roloff Car Flashing Full Nude PPV.mp4,Devorah Roloff Car Flashing Full Nude PPV.mp4,.mp4,104687855,99.84 MiB,2026-06-15T19:55:53.405723,2026-06-15T20:01:09.824980,true,"mov,mp4,m4a,3gp,3g2,mj2",166.235962,h264,aac,1918,994
preserved-keep-30,/mnt/spirit-8tb/media-originals/keep-for-30-days/yes/mi-mqh2yusf-847e72c7/models/jazmen-jafar/jazmen-jafar-hard-fuck-and-facial.mp4,jazmen-jafar-hard-fuck-and-facial.mp4,.mp4,48789720,46.53 MiB,2026-06-16T17:39:48.028644,2026-06-16T17:42:58.937322,true,"mov,mp4,m4a,3gp,3g2,mj2",595.8,h264,aac,270,480
preserved-keep-30,/mnt/spirit-8tb/media-originals/keep-for-30-days/yes/mi-mqkb0r0n-8a82bee8/Ruth Lee Gets Fucked Wearing Ripped Pants.mp4,Ruth Lee Gets Fucked Wearing Ripped Pants.mp4,.mp4,582302347,555.33 MiB,2026-06-19T04:24:36.423405,2026-06-19T05:04:21.790888,true,"mov,mp4,m4a,3gp,3g2,mj2",1606.72,h264,aac,1280,720
preserved-keep-30,/mnt/spirit-8tb/media-originals/keep-for-30-days/yes/mi-mqh2xeqj-636e6248/models/sava-schultz/Savaschultz savaschulz savashultz Exclusive Leaked Nude OnlyFans(23).mp4,Savaschultz savaschulz savashultz Exclusive Leaked Nude OnlyFans(23).mp4,.mp4,1358047,1.30 MiB,2026-06-16T16:16:08.420745,2026-06-16T16:16:15.667796,true,"mov,mp4,m4a,3gp,3g2,mj2",7.999292,h264,aac,608,1080
preserved-keep-30,/mnt/spirit-8tb/media-originals/keep-for-30-days/yes/mi-mqh2zjoc-5f99f8bc/Tommy Wood Nurse Role-Play with POV Doggy and Cumshot Beeg.mp4,Tommy Wood Nurse Role-Play with POV Doggy and Cumshot Beeg.mp4,.mp4,395952633,377.61 MiB,2026-06-17T02:37:19.195720,2026-06-17T03:04:01.872686,true,"mov,mp4,m4a,3gp,3g2,mj2",760.999333,h264,aac,1920,1080
preserved-keep-30,/mnt/spirit-8tb/media-originals/keep-for-30-days/yes/mi-mqfrfsgz-a16d391d/Devorah Roloff Nude Leaked OnlyFans Video 344 - Ibradome.m4v,Devorah Roloff Nude Leaked OnlyFans Video 344 - Ibradome.m4v,.m4v,92718800,88.42 MiB,2026-06-15T20:07:00.100072,2026-06-15T20:13:18.913790,true,"mov,mp4,m4a,3gp,3g2,mj2",218.74,hevc,aac,1280,720
preserved-keep-30,/mnt/spirit-8tb/media-originals/keep-for-30-days/yes/mi-mqh2z4w7-1d2ed9c1/Sakurai Rena Strips Plays With Her Wet Asian Pussy Sakurai Rena.mp4,Sakurai Rena Strips Plays With Her Wet Asian Pussy Sakurai Rena.mp4,.mp4,102316223,97.58 MiB,2026-06-16T20:50:18.858657,2026-06-16T20:53:12.929175,true,"mov,mp4,m4a,3gp,3g2,mj2",441.783991,h264,aac,406,720
preserved-keep-30,/mnt/spirit-8tb/media-originals/keep-for-30-days/yes/mi-mqh2y6ov-031e1a13/Amburnee ambernyy Exclusive Leaked Nude OnlyFans 12558863.mp4,Amburnee ambernyy Exclusive Leaked Nude OnlyFans 12558863.mp4,.mp4,4977619,4.75 MiB,2026-06-16T16:25:26.277611,2026-06-16T16:25:36.384817,true,"mov,mp4,m4a,3gp,3g2,mj2",12.3123,h264,aac,608,1080
preserved-keep-30,/mnt/spirit-8tb/media-originals/keep-for-30-days/yes/mi-mqh2z6gs-d6f321b4/Layla - tiktok beauty teen vlog creampie Leaked onlyfans Sextape.mp4,Layla - tiktok beauty teen vlog creampie Leaked onlyfans Sextape.mp4,.mp4,138583175,132.16 MiB,2026-06-16T21:16:10.328242,2026-06-16T21:20:17.988102,true,"mov,mp4,m4a,3gp,3g2,mj2",606.003375,h264,aac,404,720
preserved-keep-30,/mnt/spirit-8tb/media-originals/keep-for-30-days/yes/mi-mqhh0lzh-6c7860a1/Ruth Lee Bowjob In Her Friends Car.mp4,Ruth Lee Bowjob In Her Friends Car.mp4,.mp4,154870038,147.70 MiB,2026-06-17T14:18:45.301012,2026-06-17T14:22:34.160600,true,"mov,mp4,m4a,3gp,3g2,mj2",266.215583,h264,aac,1280,720
preserved-keep-30,/mnt/spirit-8tb/media-originals/keep-for-30-days/yes/mi-mqh2yakr-1c32d06c/models/sava-schultz/Savaschultz savaschulz savashultz Exclusive Leaked Nude OnlyFans(20).mp4,Savaschultz savaschulz savashultz Exclusive Leaked Nude OnlyFans(20).mp4,.mp4,6046255,5.77 MiB,2026-06-16T16:27:17.032752,2026-06-16T16:27:40.392172,true,"mov,mp4,m4a,3gp,3g2,mj2",26.601208,h264,aac,608,1080
preserved-keep-30,/mnt/spirit-8tb/media-originals/keep-for-30-days/yes/mi-mqh2zfsh-45b252dc/Comatozze Girl Seduces Serviceman in Hotel No Chance Big Ass Tit.mp4,Comatozze Girl Seduces Serviceman in Hotel No Chance Big Ass Tit.mp4,.mp4,390344532,372.26 MiB,2026-06-17T00:46:54.233036,2026-06-17T01:14:22.602522,true,"mov,mp4,m4a,3gp,3g2,mj2",939.966,h264,aac,1920,1080
preserved-keep-30,/mnt/spirit-8tb/media-originals/keep-for-30-days/yes/mi-mqh2xr5o-5394a91a/Heyimbee Exclusive Leaked Nude OnlyFans 699500.mp4,Heyimbee Exclusive Leaked Nude OnlyFans 699500.mp4,.mp4,2127786,2.03 MiB,2026-06-16T16:20:04.091367,2026-06-16T16:20:14.044433,true,"mov,mp4,m4a,3gp,3g2,mj2",13.379667,h264,aac,660,1080
preserved-keep-30,/mnt/spirit-8tb/media-originals/keep-for-30-days/yes/mi-mqh2y2t0-1d54b39a/models/sava-schultz/Savaschultz savaschulz savashultz Exclusive Leaked Nude OnlyFans(19).mp4,Savaschultz savaschulz savashultz Exclusive Leaked Nude OnlyFans(19).mp4,.mp4,3765522,3.59 MiB,2026-06-16T16:23:31.456738,2026-06-16T16:23:50.545862,true,"mov,mp4,m4a,3gp,3g2,mj2",29.270542,h264,aac,608,1080
preserved-keep-30,/mnt/spirit-8tb/media-originals/keep-for-30-days/yes/mi-mqhh0mry-1b2c94ba/Candy Love Youve Made Me Mad Fuck Me to Apologize Beeg.mp4,Candy Love Youve Made Me Mad Fuck Me to Apologize Beeg.mp4,.mp4,358064208,341.48 MiB,2026-06-17T14:22:37.613651,2026-06-17T14:45:50.726678,true,"mov,mp4,m4a,3gp,3g2,mj2",621.399333,h264,aac,1920,1080
preserved-keep-30,/mnt/spirit-8tb/media-originals/keep-for-30-days/yes/mi-mqfrg10x-d297b27e/Devorah rollof dildo 1.mp4,Devorah rollof dildo 1.mp4,.mp4,11423233,10.89 MiB,2026-06-15T20:44:53.286192,2026-06-15T20:45:28.569669,true,"mov,mp4,m4a,3gp,3g2,mj2",39.715962,h264,aac,720,1280
preserved-keep-30,/mnt/spirit-8tb/media-originals/keep-for-30-days/yes/mi-mqfrg80c-e9549d40/Heyimbee 49.95 Ppv Floor Cam And Spreading Leak Video.mp4,Heyimbee 49.95 Ppv Floor Cam And Spreading Leak Video.mp4,.mp4,1935936,1.85 MiB,2026-06-15T21:20:24.698530,2026-06-15T21:20:35.749676,true,"mov,mp4,m4a,3gp,3g2,mj2",33.863991,h264,aac,406,720
preserved-keep-30,/mnt/spirit-8tb/media-originals/keep-for-30-days/yes/mi-mqfrfvkw-6dd38ff5/Devorah Roloff OnlyFans For Free May-2024 7.mp4,Devorah Roloff OnlyFans For Free May-2024 7.mp4,.mp4,27759013,26.47 MiB,2026-06-15T20:15:04.098131,2026-06-15T20:17:14.072800,true,"mov,mp4,m4a,3gp,3g2,mj2",67.263991,h264,aac,1920,1080
preserved-keep-30,/mnt/spirit-8tb/media-originals/keep-for-30-days/yes/mi-mqfrfjxb-6b366448/Devorah - boobs.mp4.mp4,Devorah - boobs.mp4.mp4,.mp4,21782635,20.77 MiB,2026-06-15T19:55:06.772175,2026-06-15T19:55:36.722569,true,"mov,mp4,m4a,3gp,3g2,mj2",27.685625,h264,aac,656,1078
preserved-keep-30,/mnt/spirit-8tb/media-originals/keep-for-30-days/yes/mi-mqhhj7gu-631d86f5/Ruth Lee Teases Her Cunt In A Dress.mp4,Ruth Lee Teases Her Cunt In A Dress.mp4,.mp4,45791854,43.67 MiB,2026-06-17T19:35:53.972781,2026-06-17T19:38:17.380128,true,"mov,mp4,m4a,3gp,3g2,mj2",498.986667,h264,aac,406,720
preserved-keep-30,/mnt/spirit-8tb/media-originals/keep-for-30-days/yes/mi-mqh2ze8j-b3a517f9/onlyfans lily phillips jason luv 2024-02-13 interracial ir bbc b.mp4,onlyfans lily phillips jason luv 2024-02-13 interracial ir bbc b.mp4,.mp4,323707469,308.71 MiB,2026-06-17T00:12:51.256622,2026-06-17T00:30:07.395921,true,"mov,mp4,m4a,3gp,3g2,mj2",1108.427755,h264,aac,720,1280
preserved-keep-30,/mnt/spirit-8tb/media-originals/keep-for-30-days/yes/mi-mqh2ylgk-7e819666/Amburnee.mp4,Amburnee.mp4,.mp4,14808250,14.12 MiB,2026-06-16T16:38:34.926221,2026-06-16T16:39:21.598740,true,"mov,mp4,m4a,3gp,3g2,mj2",91.803991,h264,aac,446,720
preserved-keep-30,/mnt/spirit-8tb/media-originals/keep-for-30-days/yes/mi-mqfrg8sc-9c3dad17/Heyimbee Exclusive Leaked Nude OnlyFans 1099433.mp4,Heyimbee Exclusive Leaked Nude OnlyFans 1099433.mp4,.mp4,685264,669.20 KiB,2026-06-15T21:20:35.894678,2026-06-15T21:20:39.062720,true,"mov,mp4,m4a,3gp,3g2,mj2",4.5385,h264,aac,608,1080
preserved-keep-30,/mnt/spirit-8tb/media-originals/keep-for-30-days/yes/mi-mqk95bj7-9cc9712c/models/emiliaofficial/Emilla Official Takes Boyfriend Hug dick.mkv,Emilla Official Takes Boyfriend Hug dick.mkv,.mkv,144220015,137.54 MiB,2026-06-18T21:30:53.267061,2026-06-18T22:23:00.903246,true,"matroska,webm",998.36,hevc,aac,1280,720
preserved-keep-30,/mnt/spirit-8tb/media-originals/keep-for-30-days/yes/mi-mqh2yici-d12f9917/models/sava-schultz/Savaschultz savaschulz savashultz Exclusive Leaked Nude OnlyFans(18).mp4,Savaschultz savaschulz savashultz Exclusive Leaked Nude OnlyFans(18).mp4,.mp4,10103177,9.64 MiB,2026-06-16T16:36:01.997441,2026-06-16T16:36:28.020754,true,"mov,mp4,m4a,3gp,3g2,mj2",31.174,h264,aac,404,720
preserved-keep-30,/mnt/spirit-8tb/media-originals/keep-for-30-days/yes/mi-mqhh0nke-2edcf2b3/Candy Love Begs for Mercy - Intense 2 Squirts - Multiple Orgasms.mp4,Candy Love Begs for Mercy - Intense 2 Squirts - Multiple Orgasms.mp4,.mp4,367868219,350.83 MiB,2026-06-17T14:45:54.227707,2026-06-17T15:07:20.740584,true,"mov,mp4,m4a,3gp,3g2,mj2",636.066,h264,aac,1920,1080
preserved-keep-30,/mnt/spirit-8tb/media-originals/keep-for-30-days/yes/mi-mqhh0tw2-24309b46/Candy Love ive Oiled Myself Up for Your Cock so now U Gonna Fill.mp4,Candy Love ive Oiled Myself Up for Your Cock so now U Gonna Fill.mp4,.mp4,507640304,484.12 MiB,2026-06-17T18:19:36.365983,2026-06-17T18:51:42.419336,true,"mov,mp4,m4a,3gp,3g2,mj2",869.299333,h264,aac,1920,1080
preserved-keep-30,/mnt/spirit-8tb/media-originals/keep-for-30-days/yes/mi-mqhhjam9-16a532bd/Ruth Lee Takes A Facial On Her Glasses.mp4,Ruth Lee Takes A Facial On Her Glasses.mp4,.mp4,75829664,72.32 MiB,2026-06-17T19:46:37.464344,2026-06-17T19:49:43.448808,true,"mov,mp4,m4a,3gp,3g2,mj2",471.424,h264,aac,406,720
preserved-keep-30,/mnt/spirit-8tb/media-originals/keep-for-30-days/yes/mi-mqhgn6vt-3d822ca9/My Porn Plugg Neighbor Craves Intense Facial Cumshot Beeg.mp4,My Porn Plugg Neighbor Craves Intense Facial Cumshot Beeg.mp4,.mp4,890422953,849.17 MiB,2026-06-17T12:33:42.815884,2026-06-17T13:37:01.237358,true,"mov,mp4,m4a,3gp,3g2,mj2",1419.342948,h264,aac,1920,1080
preserved-keep-30,/mnt/spirit-8tb/media-originals/keep-for-30-days/yes/mi-mqfrgbvu-4f03f68e/Heyimbee New Videos 3.m4v,Heyimbee New Videos 3.m4v,.m4v,18264548,17.42 MiB,2026-06-15T21:22:34.219246,2026-06-15T21:24:02.800420,true,"mov,mp4,m4a,3gp,3g2,mj2",36.494792,h264,aac,1080,1920
preserved-keep-30,/mnt/spirit-8tb/media-originals/keep-for-30-days/yes/mi-mqfrfnt8-84181203/Devorah Roloff Grabs Her Boobs In The Mirror Devorah Roloff Only.mp4,Devorah Roloff Grabs Her Boobs In The Mirror Devorah Roloff Only.mp4,.mp4,12884281,12.29 MiB,2026-06-15T20:04:57.570601,2026-06-15T20:05:28.122964,true,"mov,mp4,m4a,3gp,3g2,mj2",64.543991,h264,aac,406,720
preserved-keep-30,/mnt/spirit-8tb/media-originals/keep-for-30-days/yes/mi-mqh2xky2-3798919b/Savaschultz savaschulz savashultz Exclusive Leaked Nude OnlyFans(7).mp4,Savaschultz savaschulz savashultz Exclusive Leaked Nude OnlyFans(7).mp4,.mp4,1877523,1.79 MiB,2026-06-16T16:18:16.628637,2026-06-16T16:18:26.677706,true,"mov,mp4,m4a,3gp,3g2,mj2",13.79675,h264,aac,608,1080
preserved-keep-30,/mnt/spirit-8tb/media-originals/keep-for-30-days/yes/mi-mqh2xwlf-8e403253/heyimbee bee Nude Leaked Onlyfans Video 12 - Picazor EN.mp4,heyimbee bee Nude Leaked Onlyfans Video 12 - Picazor EN.mp4,.mp4,3003333,2.86 MiB,2026-06-16T16:21:25.390909,2026-06-16T16:21:43.030026,true,"mov,mp4,m4a,3gp,3g2,mj2",11.721016,h264,aac,720,1280
preserved-keep-30,/mnt/spirit-8tb/media-originals/keep-for-30-days/yes/mi-mqhh0ril-edfb7a45/Candy Love Gooner Princess Edging until Cum Bomb Explodes Ahegao.mp4,Candy Love Gooner Princess Edging until Cum Bomb Explodes Ahegao.mp4,.mp4,477003338,454.91 MiB,2026-06-17T16:51:08.426958,2026-06-17T17:19:50.078475,true,"mov,mp4,m4a,3gp,3g2,mj2",838.932667,h264,aac,1920,1080
preserved-keep-30,/mnt/spirit-8tb/media-originals/keep-for-30-days/yes/mi-mqhhjfcj-def85f82/Ruth Lee Makes Her BF Cum Twice.mp4,Ruth Lee Makes Her BF Cum Twice.mp4,.mp4,538715020,513.76 MiB,2026-06-17T20:31:30.478807,2026-06-17T20:52:28.780946,true,"mov,mp4,m4a,3gp,3g2,mj2",1539.136,h264,aac,1280,720
preserved-keep-30,/mnt/spirit-8tb/media-originals/keep-for-30-days/yes/mi-mqh2xje5-0fcd3d4d/models/sava-schultz/Savaschultz savaschulz savashultz Exclusive Leaked Nude OnlyFans(1).mp4,Savaschultz savaschulz savashultz Exclusive Leaked Nude OnlyFans(1).mp4,.mp4,1815120,1.73 MiB,2026-06-16T16:17:41.586396,2026-06-16T16:17:54.098482,true,"mov,mp4,m4a,3gp,3g2,mj2",20.474,h264,aac,404,720
preserved-keep-30,/mnt/spirit-8tb/media-originals/keep-for-30-days/yes/mi-mqfrgb3y-e1d7df41/Heyimbee Leaked Video III.m4v,Heyimbee Leaked Video III.m4v,.m4v,16077794,15.33 MiB,2026-06-15T21:21:14.976196,2026-06-15T21:22:22.419089,true,"mov,mp4,m4a,3gp,3g2,mj2",24.232542,h264,aac,1080,1920
preserved-keep-30,/mnt/spirit-8tb/media-originals/keep-for-30-days/yes/mi-mqhgmsl1-828565f1/Noturhoneybb Teases You with Her Messy Facial Money Shot Video.mp4,Noturhoneybb Teases You with Her Messy Facial Money Shot Video.mp4,.mp4,202739952,193.35 MiB,2026-06-17T08:45:05.824516,2026-06-17T09:02:15.175355,true,"mov,mp4,m4a,3gp,3g2,mj2",472.285708,h264,aac,1080,1920
preserved-keep-30,/mnt/spirit-8tb/media-originals/keep-for-30-days/yes/mi-mqmyz6p6-3be3c1bc/Ruth Lee Makes Ahegao Faces During Sex.mkv,Ruth Lee Makes Ahegao Faces During Sex.mkv,.mkv,137649769,131.27 MiB,2026-06-20T19:09:21.637052,2026-06-20T19:57:53.749924,true,"matroska,webm",1436.866,hevc,aac,1280,720
preserved-keep-30,/mnt/spirit-8tb/media-originals/keep-for-30-days/yes/mi-mqfrfq51-769d0d30/Devorah Roloff Nude Leaked OnlyFans Video 1 - Ibradome.mp4,Devorah Roloff Nude Leaked OnlyFans Video 1 - Ibradome.mp4,.mp4,893677,872.73 KiB,2026-06-15T20:06:10.905477,2026-06-15T20:06:14.969526,true,"mov,mp4,m4a,3gp,3g2,mj2",7.965333,h264,aac,500,924
preserved-keep-30,/mnt/spirit-8tb/media-originals/keep-for-30-days/yes/mi-mqhh0p4z-f7316056/Candy Love Passionate Lovemaking before Work. Beeg.mp4,Candy Love Passionate Lovemaking before Work. Beeg.mp4,.mp4,420480368,401.00 MiB,2026-06-17T15:34:10.291547,2026-06-17T16:01:39.025617,true,"mov,mp4,m4a,3gp,3g2,mj2",737.699333,h264,aac,1920,1080
preserved-keep-30,/mnt/spirit-8tb/media-originals/keep-for-30-days/yes/mi-mqh2ynsj-a8ce38c5/Sava Schultz Squeezy Nude Big Nature Boobs POV Onlyfans Video.mp4,Sava Schultz Squeezy Nude Big Nature Boobs POV Onlyfans Video.mp4,.mp4,20158974,19.23 MiB,2026-06-16T16:42:05.174485,2026-06-16T16:42:35.173795,true,"mov,mp4,m4a,3gp,3g2,mj2",46.08,h264,aac,392,720
preserved-keep-30,/mnt/spirit-8tb/media-originals/keep-for-30-days/yes/mi-mqkpcubx-ce9ad7c1/Lexi Marvel Teasing With Her Big Juicy Ass.mp4,Lexi Marvel Teasing With Her Big Juicy Ass.mp4,.mp4,14452547,13.78 MiB,2026-06-19T05:09:37.811316,2026-06-19T05:14:48.936007,true,"mov,mp4,m4a,3gp,3g2,mj2",91.707917,h264,aac,406,720
preserved-keep-30,/mnt/spirit-8tb/media-originals/keep-for-30-days/yes/mi-mqhfiw1x-8011005b/Cece Rose Practices BJ Skills With A Dildo.mp4,Cece Rose Practices BJ Skills With A Dildo.mp4,.mp4,35573585,33.93 MiB,2026-06-17T08:15:16.960407,2026-06-17T08:17:16.989556,true,"mov,mp4,m4a,3gp,3g2,mj2",306.572933,h264,aac,404,720
preserved-keep-30,/mnt/spirit-8tb/media-originals/keep-for-30-days/yes/mi-mqhdwcm5-5f638659/Latina Allison Parker Deepthroats.mp4,Latina Allison Parker Deepthroats.mp4,.mp4,271681190,259.10 MiB,2026-06-17T08:05:57.909040,2026-06-17T08:15:15.854396,true,"mov,mp4,m4a,3gp,3g2,mj2",1619.692708,h264,aac,406,720
preserved-keep-30,/mnt/spirit-8tb/media-originals/keep-for-30-days/yes/mi-mqh2y9sr-6b2e81b8/RisqueCore Vid 123.mp4,RisqueCore Vid 123.mp4,.mp4,5716188,5.45 MiB,2026-06-16T16:27:09.587615,2026-06-16T16:27:16.558743,true,"mov,mp4,m4a,3gp,3g2,mj2",6.5482,h264,aac,720,1280
preserved-keep-30,/mnt/spirit-8tb/media-originals/keep-for-30-days/yes/mi-mqk95ff3-7ff4894c/models/emiliaofficial/Emilia Bunny A Playful Evening with a Natural Beauty Who Always.mp4,Emilia Bunny A Playful Evening with a Natural Beauty Who Always.mp4,.mp4,412935039,393.81 MiB,2026-06-19T00:50:41.171239,2026-06-19T01:15:18.372743,true,"mov,mp4,m4a,3gp,3g2,mj2",721.066,h264,aac,1920,1080
preserved-keep-30,/mnt/spirit-8tb/media-originals/keep-for-30-days/yes/mi-mqfra6uc-c05d8f00/models/sava-schultz/Savaschultz savaschulz savashultz Exclusive Leaked Nude OnlyFans(13).mp4,Savaschultz savaschulz savashultz Exclusive Leaked Nude OnlyFans(13).mp4,.mp4,5677617,5.41 MiB,2026-06-15T17:59:28.621988,2026-06-15T17:59:40.384165,true,"mov,mp4,m4a,3gp,3g2,mj2",18.874,h264,aac,404,720
recent-preservation:final-ts-remux-20260620-200357,/mnt/spirit-8tb/media-originals/final-ts-remux-20260620-200357/yes/video-2026-06-19T10-42-52.202Z.ts,video-2026-06-19T10-42-52.202Z.ts,.ts,298833144,284.99 MiB,2026-06-19T06:54:56.830739,2026-06-20T20:05:05.411981,true,mpegts,1148.6475,h264,aac,1280,720
recent-preservation:final-ts-remux-20260620-200357,/mnt/spirit-8tb/media-originals/final-ts-remux-20260620-200357/yes/video-2026-06-19T09-52-32.645Z.ts,video-2026-06-19T09-52-32.645Z.ts,.ts,515088604,491.23 MiB,2026-06-19T06:55:14.179981,2026-06-20T20:04:34.440550,true,mpegts,1580.628744,h264,aac,1280,720
recent-preservation:final-ts-remux-20260620-200357,/mnt/spirit-8tb/media-originals/final-ts-remux-20260620-200357/yes/video-2026-06-19T10-12-48.740Z.ts,video-2026-06-19T10-12-48.740Z.ts,.ts,463102656,441.65 MiB,2026-06-19T06:55:04.891851,2026-06-20T20:04:56.836862,true,mpegts,1482.769266,h264,aac,1290,720
recent-preservation:final-ts-remux-20260620-200357,/mnt/spirit-8tb/media-originals/final-ts-remux-20260620-200357/yes/video-2026-06-19T09-46-04.726Z.ts,video-2026-06-19T09-46-04.726Z.ts,.ts,50882576,48.53 MiB,2026-06-19T06:54:51.454664,2026-06-20T20:03:58.753052,true,mpegts,283.089889,h264,aac,408,720
recent-preservation:removed-from-library-20260620-184733,/mnt/spirit-8tb/media-originals/removed-from-library-20260620-184733/yes/models/jazmen-jafar/✨@ofxmega on [TELEGRAM] (86).mkv,✨@ofxmega on [TELEGRAM] (86).mkv,.mkv,1518998,1.45 MiB,2026-06-16T16:16:59.869107,2026-06-20T18:51:15.742596,true,"matroska,webm",18.302,hevc,aac,720,1148
recent-preservation:final-non-mp4-cleanup-20260620-200321,/mnt/spirit-8tb/media-originals/final-non-mp4-cleanup-20260620-200321/yes/Ruth Lee Makes Ahegao Faces During Sex.mkv,Ruth Lee Makes Ahegao Faces During Sex.mkv,.mkv,121667015,116.03 MiB,2026-06-20T19:37:22.698632,2026-06-20T20:03:22.582547,true,"matroska,webm",1436.866,hevc,aac,1280,720
recent-preservation:final-non-mp4-cleanup-20260620-200321,/mnt/spirit-8tb/media-originals/final-non-mp4-cleanup-20260620-200321/yes/432038_720p.mkv,432038_720p.mkv,.mkv,90439863,86.25 MiB,2026-06-20T19:01:09.104446,2026-06-20T20:03:28.770634,true,"matroska,webm",952.903,hevc,aac,406,720
recent-preservation:replaced-by-mp4-20260620-184733,/mnt/spirit-8tb/media-originals/replaced-by-mp4-20260620-184733/yes/14318872.mkv,14318872.mkv,.mkv,126822781,120.95 MiB,2026-06-13T22:22:14.824263,2026-06-20T18:48:31.674426,true,"matroska,webm",1584.416,hevc,aac,1920,1080
recent-preservation:replaced-by-mp4-20260620-184733,/mnt/spirit-8tb/media-originals/replaced-by-mp4-20260620-184733/yes/513329_720p.mkv,513329_720p.mkv,.mkv,19004555,18.12 MiB,2026-06-13T22:26:14.010654,2026-06-20T18:49:06.151882,true,"matroska,webm",252.919,hevc,aac,406,720
recent-preservation:replaced-by-mp4-20260620-184733,/mnt/spirit-8tb/media-originals/replaced-by-mp4-20260620-184733/yes/b072fcb9f821c935f46a4ed67477a041.mkv,b072fcb9f821c935f46a4ed67477a041.mkv,.mkv,42449710,40.48 MiB,2026-06-13T22:58:32.851945,2026-06-20T18:48:55.817745,true,"matroska,webm",536.503,hevc,aac,854,480
recent-preservation:replaced-by-mp4-20260620-184733,/mnt/spirit-8tb/media-originals/replaced-by-mp4-20260620-184733/yes/550807_720p.mkv,550807_720p.mkv,.mkv,77935567,74.33 MiB,2026-06-13T22:30:27.427362,2026-06-20T18:47:43.127784,true,"matroska,webm",888.861,hevc,aac,1280,720
recent-preservation:replaced-by-mp4-20260620-184733,/mnt/spirit-8tb/media-originals/replaced-by-mp4-20260620-184733/yes/432038_720p.mkv,432038_720p.mkv,.mkv,90439863,86.25 MiB,2026-06-13T22:24:51.505421,2026-06-20T18:47:51.074889,true,"matroska,webm",952.903,hevc,aac,406,720
recent-preservation:replaced-by-mp4-20260620-184733,/mnt/spirit-8tb/media-originals/replaced-by-mp4-20260620-184733/yes/484374_720p.mkv,484374_720p.mkv,.mkv,44153528,42.11 MiB,2026-06-13T22:25:43.787204,2026-06-20T18:47:38.687725,true,"matroska,webm",543.85,hevc,aac,406,720
recent-preservation:replaced-by-mp4-20260620-184733,/mnt/spirit-8tb/media-originals/replaced-by-mp4-20260620-184733/yes/models/strawberrytabby/564677_720p.mkv,564677_720p.mkv,.mkv,20099625,19.17 MiB,2026-06-16T16:42:04.332477,2026-06-20T18:49:18.152041,true,"matroska,webm",253.879,hevc,aac,404,720
recent-preservation:replaced-by-mp4-20260620-184733,/mnt/spirit-8tb/media-originals/replaced-by-mp4-20260620-184733/yes/models/angela-white/556530_720p.mkv,556530_720p.mkv,.mkv,128939503,122.97 MiB,2026-06-16T21:16:04.751225,2026-06-20T18:51:15.519593,true,"matroska,webm",1561.426,hevc,aac,1280,720
recent-preservation:replaced-by-mp4-20260620-184733,/mnt/spirit-8tb/media-originals/replaced-by-mp4-20260620-184733/yes/models/cute-geekie/@MLHUBOF Telegram 🌌🔥 - 959.mkv,@MLHUBOF Telegram 🌌🔥 - 959.mkv,.mkv,11615114,11.08 MiB,2026-06-13T23:42:05.640279,2026-06-20T18:50:52.234285,true,"matroska,webm",139.715,hevc,aac,1350,1080
recent-preservation:replaced-by-mp4-20260620-184733,/mnt/spirit-8tb/media-originals/replaced-by-mp4-20260620-184733/yes/models/cute-geekie/51591.mkv,51591.mkv,.mkv,68385057,65.22 MiB,2026-06-13T23:38:27.019596,2026-06-20T18:50:49.911255,true,"matroska,webm",780.469,hevc,aac,1284,720
recent-preservation:replaced-by-mp4-20260620-184733,/mnt/spirit-8tb/media-originals/replaced-by-mp4-20260620-184733/yes/models/cute-geekie/@MLHUBOF Telegram 🌌🔥 - 870.mkv,@MLHUBOF Telegram 🌌🔥 - 870.mkv,.mkv,6516842,6.21 MiB,2026-06-13T23:41:08.233331,2026-06-20T18:50:53.802306,true,"matroska,webm",82.656,hevc,aac,1080,1920
recent-preservation:replaced-by-mp4-20260620-184733,/mnt/spirit-8tb/media-originals/replaced-by-mp4-20260620-184733/yes/models/sava-schultz/(28).mkv,(28).mkv,.mkv,2784959,2.66 MiB,2026-06-14T00:27:15.331760,2026-06-20T18:50:56.163337,true,"matroska,webm",33.525,hevc,aac,720,1280
recent-preservation:full-batch-replaced-by-mp4-20260620-190819,/mnt/spirit-8tb/media-originals/full-batch-replaced-by-mp4-20260620-190819/yes/Katiana Kay Needs To Suck A Cock.mkv,Katiana Kay Needs To Suck A Cock.mkv,.mkv,26011623,24.81 MiB,2026-06-15T23:10:11.305349,2026-06-20T19:13:06.191116,true,"matroska,webm",311.357,hevc,aac,404,720
recent-preservation:full-batch-replaced-by-mp4-20260620-190819,/mnt/spirit-8tb/media-originals/full-batch-replaced-by-mp4-20260620-190819/yes/Comatozze new sex on the first date.mkv,Comatozze new sex on the first date.mkv,.mkv,328020209,312.82 MiB,2026-06-15T19:48:23.980645,2026-06-20T19:30:08.925847,true,"matroska,webm",1861.7,hevc,aac,1280,720
recent-preservation:full-batch-replaced-by-mp4-20260620-190819,/mnt/spirit-8tb/media-originals/full-batch-replaced-by-mp4-20260620-190819/yes/RisqueCore Vid 10.mkv,RisqueCore Vid 10.mkv,.mkv,34777734,33.17 MiB,2026-06-16T22:36:41.085625,2026-06-20T19:13:03.426079,true,"matroska,webm",44.8,hevc,aac,3840,2160
recent-preservation:full-batch-replaced-by-mp4-20260620-190819,/mnt/spirit-8tb/media-originals/full-batch-replaced-by-mp4-20260620-190819/yes/Devorah Roloff Car Flashing Full Nude PPV.mkv,Devorah Roloff Car Flashing Full Nude PPV.mkv,.mkv,35138408,33.51 MiB,2026-06-15T20:01:09.402975,2026-06-20T19:10:00.748588,true,"matroska,webm",166.24,hevc,aac,1918,994
recent-preservation:full-batch-replaced-by-mp4-20260620-190819,/mnt/spirit-8tb/media-originals/full-batch-replaced-by-mp4-20260620-190819/yes/TheStartOfUs Asm-r You Cumming ️ 3 Huge Cumshots Beeg.mkv,TheStartOfUs Asm-r You Cumming ️ 3 Huge Cumshots Beeg.mkv,.mkv,75631828,72.13 MiB,2026-06-17T14:18:42.898972,2026-06-20T19:12:54.578958,true,"matroska,webm",337.963,hevc,aac,1920,1080
recent-preservation:full-batch-replaced-by-mp4-20260620-190819,/mnt/spirit-8tb/media-originals/full-batch-replaced-by-mp4-20260620-190819/yes/Candy Love Nut on Me and then Lets Fuck Beeg(1).mkv,Candy Love Nut on Me and then Lets Fuck Beeg(1).mkv,.mkv,368763174,351.68 MiB,2026-06-17T16:51:00.720888,2026-06-20T19:09:02.015783,true,"matroska,webm",791.36,hevc,aac,1920,1080
recent-preservation:full-batch-replaced-by-mp4-20260620-190819,/mnt/spirit-8tb/media-originals/full-batch-replaced-by-mp4-20260620-190819/yes/TheStartOfUs gamer Girl Fucks around Finds Out he Cums how many.mkv,TheStartOfUs gamer Girl Fucks around Finds Out he Cums how many.mkv,.mkv,368244037,351.18 MiB,2026-06-17T16:26:02.835652,2026-06-20T19:09:10.670902,true,"matroska,webm",770.002,hevc,aac,1920,1080
recent-preservation:full-batch-replaced-by-mp4-20260620-190819,/mnt/spirit-8tb/media-originals/full-batch-replaced-by-mp4-20260620-190819/yes/Heyimbee Leaked Video III.mkv,Heyimbee Leaked Video III.mkv,.mkv,11763929,11.22 MiB,2026-06-15T21:22:22.264087,2026-06-20T19:27:11.436477,true,"matroska,webm",24.254,hevc,aac,1080,1920
recent-preservation:full-batch-replaced-by-mp4-20260620-190819,/mnt/spirit-8tb/media-originals/full-batch-replaced-by-mp4-20260620-190819/yes/Heyimbee Squeezing Juicy Melons Leaked Onlyfans Video.mkv,Heyimbee Squeezing Juicy Melons Leaked Onlyfans Video.mkv,.mkv,16832065,16.05 MiB,2026-06-15T21:31:33.425399,2026-06-20T19:28:11.537280,true,"matroska,webm",56.265,hevc,aac,1080,1920
recent-preservation:full-batch-replaced-by-mp4-20260620-190819,/mnt/spirit-8tb/media-originals/full-batch-replaced-by-mp4-20260620-190819/yes/Sava Schultz Naked Big Ass POV Onlyfans Video.mkv,Sava Schultz Naked Big Ass POV Onlyfans Video.mkv,.mkv,11548504,11.01 MiB,2026-06-16T20:07:32.476364,2026-06-20T19:11:32.501842,true,"matroska,webm",61.604,hevc,aac,720,1280
recent-preservation:full-batch-replaced-by-mp4-20260620-190819,/mnt/spirit-8tb/media-originals/full-batch-replaced-by-mp4-20260620-190819/yes/Devorah Roloff Gives A Vibrator A Good Sucking Devorah Roloff On.mkv,Devorah Roloff Gives A Vibrator A Good Sucking Devorah Roloff On.mkv,.mkv,10818119,10.32 MiB,2026-06-15T20:04:57.091595,2026-06-20T19:29:16.314145,true,"matroska,webm",117.88,hevc,aac,406,720
recent-preservation:full-batch-replaced-by-mp4-20260620-190819,/mnt/spirit-8tb/media-originals/full-batch-replaced-by-mp4-20260620-190819/yes/v 2.mkv,v 2.mkv,.mkv,138921296,132.49 MiB,2026-06-14T01:06:08.102088,2026-06-20T19:15:38.071173,true,"matroska,webm",1756.34,hevc,aac,1280,720
recent-preservation:full-batch-replaced-by-mp4-20260620-190819,/mnt/spirit-8tb/media-originals/full-batch-replaced-by-mp4-20260620-190819/yes/Candy Love Her Doll-like Body Begs to Be Used Beeg.mkv,Candy Love Her Doll-like Body Begs to Be Used Beeg.mkv,.mkv,237339944,226.35 MiB,2026-06-17T17:48:47.845589,2026-06-20T19:28:09.793257,true,"matroska,webm",850.6,hevc,aac,1920,1080
recent-preservation:full-batch-replaced-by-mp4-20260620-190819,/mnt/spirit-8tb/media-originals/full-batch-replaced-by-mp4-20260620-190819/yes/Isabelle Eleanores Pleasures A Dick Outdoors.mkv,Isabelle Eleanores Pleasures A Dick Outdoors.mkv,.mkv,43835085,41.80 MiB,2026-06-19T04:08:46.143324,2026-06-20T19:32:06.564417,true,"matroska,webm",490.602,hevc,aac,406,720
recent-preservation:full-batch-replaced-by-mp4-20260620-190819,/mnt/spirit-8tb/media-originals/full-batch-replaced-by-mp4-20260620-190819/yes/Natalie Roush Nut For Natalie November Ppv Dropping Tight Jeans.mkv,Natalie Roush Nut For Natalie November Ppv Dropping Tight Jeans.mkv,.mkv,64784678,61.78 MiB,2026-06-15T23:48:30.025685,2026-06-20T19:08:30.945355,true,"matroska,webm",164.665,hevc,aac,1080,1920
recent-preservation:full-batch-replaced-by-mp4-20260620-190819,/mnt/spirit-8tb/media-originals/full-batch-replaced-by-mp4-20260620-190819/yes/Devdildo02.mp4.mkv,Devdildo02.mp4.mkv,.mkv,13388158,12.77 MiB,2026-06-15T19:54:55.173016,2026-06-20T19:09:35.887248,true,"matroska,webm",73.198,hevc,aac,720,1280
recent-preservation:full-batch-replaced-by-mp4-20260620-190819,/mnt/spirit-8tb/media-originals/full-batch-replaced-by-mp4-20260620-190819/yes/Eve Cums Twice in Her Tight Ass Ass to Pussy to Ass Beeg.mkv,Eve Cums Twice in Her Tight Ass Ass to Pussy to Ass Beeg.mkv,.mkv,439952805,419.57 MiB,2026-06-17T07:50:11.514807,2026-06-20T19:34:21.991223,true,"matroska,webm",1613.266,hevc,aac,1920,1080
recent-preservation:full-batch-replaced-by-mp4-20260620-190819,/mnt/spirit-8tb/media-originals/full-batch-replaced-by-mp4-20260620-190819/yes/Aaliyah Yasin Sucks Dick And Gets Creampied UsualFans.mkv,Aaliyah Yasin Sucks Dick And Gets Creampied UsualFans.mkv,.mkv,217831388,207.74 MiB,2026-06-19T06:06:46.319750,2026-06-20T19:24:21.439204,true,"matroska,webm",1263.26,hevc,aac,1280,720
recent-preservation:full-batch-replaced-by-mp4-20260620-190819,/mnt/spirit-8tb/media-originals/full-batch-replaced-by-mp4-20260620-190819/yes/Lika Busy Ways to Ensure Female Pleasure and Orgasm Beeg.mkv,Lika Busy Ways to Ensure Female Pleasure and Orgasm Beeg.mkv,.mkv,345057108,329.07 MiB,2026-06-17T10:58:01.096084,2026-06-20T19:35:37.272227,true,"matroska,webm",916.307,hevc,aac,1920,1080
recent-preservation:full-batch-replaced-by-mp4-20260620-190819,/mnt/spirit-8tb/media-originals/full-batch-replaced-by-mp4-20260620-190819/yes/New Lily Phillips Verbal Spat Erupts Into Hardcore Fucking Video.mkv,New Lily Phillips Verbal Spat Erupts Into Hardcore Fucking Video.mkv,.mkv,194415367,185.41 MiB,2026-06-16T23:02:02.549149,2026-06-20T19:31:57.579297,true,"matroska,webm",1772.209,hevc,aac,854,480
recent-preservation:full-batch-replaced-by-mp4-20260620-190819,/mnt/spirit-8tb/media-originals/full-batch-replaced-by-mp4-20260620-190819/yes/Ruth Lee Takes A Facial On Her Glasses.mkv,Ruth Lee Takes A Facial On Her Glasses.mkv,.mkv,53577836,51.10 MiB,2026-06-17T19:49:43.015805,2026-06-20T19:28:16.674349,true,"matroska,webm",471.424,hevc,aac,406,720
recent-preservation:full-batch-replaced-by-mp4-20260620-190819,/mnt/spirit-8tb/media-originals/full-batch-replaced-by-mp4-20260620-190819/yes/Ruth Lee Makes Ahegao Faces During Sex.mkv,Ruth Lee Makes Ahegao Faces During Sex.mkv,.mkv,137649769,131.27 MiB,2026-06-17T20:18:22.122586,2026-06-20T19:09:21.637052,true,"matroska,webm",1436.866,hevc,aac,1280,720
recent-preservation:full-batch-replaced-by-mp4-20260620-190819,/mnt/spirit-8tb/media-originals/full-batch-replaced-by-mp4-20260620-190819/yes/NotYourHoneyBB Missionary Sex.mkv,NotYourHoneyBB Missionary Sex.mkv,.mkv,71100552,67.81 MiB,2026-06-16T22:05:38.994933,2026-06-20T19:09:44.531366,true,"matroska,webm",347.56,hevc,aac,1280,720
recent-preservation:full-batch-replaced-by-mp4-20260620-190819,/mnt/spirit-8tb/media-originals/full-batch-replaced-by-mp4-20260620-190819/yes/Lexi Marvel Shakes Her Lusty Cake.mkv,Lexi Marvel Shakes Her Lusty Cake.mkv,.mkv,5933630,5.66 MiB,2026-06-19T05:04:56.769244,2026-06-20T19:11:48.571061,true,"matroska,webm",72.666,hevc,aac,394,720
recent-preservation:full-batch-replaced-by-mp4-20260620-190819,/mnt/spirit-8tb/media-originals/full-batch-replaced-by-mp4-20260620-190819/yes/Devorah Roloff Nude Leaked OnlyFans Video 348 - Ibradome.mkv,Devorah Roloff Nude Leaked OnlyFans Video 348 - Ibradome.mkv,.mkv,9258269,8.83 MiB,2026-06-15T20:14:13.974491,2026-06-20T19:27:12.370490,true,"matroska,webm",60.54,hevc,aac,1280,720
recent-preservation:full-batch-replaced-by-mp4-20260620-190819,/mnt/spirit-8tb/media-originals/full-batch-replaced-by-mp4-20260620-190819/yes/Eve How Did He Last so Long in This Gorgeous Ass Beeg.mkv,Eve How Did He Last so Long in This Gorgeous Ass Beeg.mkv,.mkv,286288698,273.03 MiB,2026-06-17T05:49:12.374386,2026-06-20T19:33:31.538550,true,"matroska,webm",973.5,hevc,aac,1920,1080
recent-preservation:full-batch-replaced-by-mp4-20260620-190819,/mnt/spirit-8tb/media-originals/full-batch-replaced-by-mp4-20260620-190819/yes/Aaliyah Yasin Tits Cummed After BJ Onlyfans UsualFans.mkv,Aaliyah Yasin Tits Cummed After BJ Onlyfans UsualFans.mkv,.mkv,74241213,70.80 MiB,2026-06-19T05:39:22.517417,2026-06-20T19:17:20.826559,true,"matroska,webm",518.634,hevc,aac,1280,720
recent-preservation:full-batch-replaced-by-mp4-20260620-190819,/mnt/spirit-8tb/media-originals/full-batch-replaced-by-mp4-20260620-190819/yes/Lexi Marvel Flaunts Her Ass In Her Panty.mkv,Lexi Marvel Flaunts Her Ass In Her Panty.mkv,.mkv,10479860,9.99 MiB,2026-06-19T05:15:33.653554,2026-06-20T19:28:39.208649,true,"matroska,webm",132.508,hevc,aac,406,720
recent-preservation:full-batch-replaced-by-mp4-20260620-190819,/mnt/spirit-8tb/media-originals/full-batch-replaced-by-mp4-20260620-190819/yes/Amburnee ambernyy Exclusive Leaked Nude OnlyFans 12558863.mkv,Amburnee ambernyy Exclusive Leaked Nude OnlyFans 12558863.mkv,.mkv,2018629,1.93 MiB,2026-06-16T16:25:36.382817,2026-06-20T19:12:44.516822,true,"matroska,webm",12.312,hevc,aac,608,1080
recent-preservation:full-batch-replaced-by-mp4-20260620-190819,/mnt/spirit-8tb/media-originals/full-batch-replaced-by-mp4-20260620-190819/yes/jvlrc49ddg~7KxkgZMm9j.mkv,jvlrc49ddg~7KxkgZMm9j.mkv,.mkv,19861790,18.94 MiB,2026-06-13T23:01:36.074479,2026-06-20T19:09:03.656805,true,"matroska,webm",250.856,hevc,aac,1280,720
recent-preservation:full-batch-replaced-by-mp4-20260620-190819,/mnt/spirit-8tb/media-originals/full-batch-replaced-by-mp4-20260620-190819/yes/Comatozze Girl Seduces Serviceman in Hotel No Chance Big Ass Tit.mkv,Comatozze Girl Seduces Serviceman in Hotel No Chance Big Ass Tit.mkv,.mkv,305018122,290.89 MiB,2026-06-17T01:14:19.091501,2026-06-20T19:11:19.249661,true,"matroska,webm",939.966,hevc,aac,1920,1080
recent-preservation:full-batch-replaced-by-mp4-20260620-190819,/mnt/spirit-8tb/media-originals/full-batch-replaced-by-mp4-20260620-190819/yes/Heyimbee Tease - EroThots.mkv,Heyimbee Tease - EroThots.mkv,.mkv,4268857,4.07 MiB,2026-06-15T21:31:57.752722,2026-06-20T19:31:20.426801,true,"matroska,webm",129.333,hevc,aac,270,480
recent-preservation:full-batch-replaced-by-mp4-20260620-190819,/mnt/spirit-8tb/media-originals/full-batch-replaced-by-mp4-20260620-190819/yes/Lexi Marvel Teasing With Her Big Juicy Ass.mkv,Lexi Marvel Teasing With Her Big Juicy Ass.mkv,.mkv,10677746,10.18 MiB,2026-06-19T05:10:08.684671,2026-06-20T19:09:26.659121,true,"matroska,webm",91.717,hevc,aac,406,720
recent-preservation:full-batch-replaced-by-mp4-20260620-190819,/mnt/spirit-8tb/media-originals/full-batch-replaced-by-mp4-20260620-190819/yes/Candy Love Youve Made Me Mad Fuck Me to Apologize Beeg.mkv,Candy Love Youve Made Me Mad Fuck Me to Apologize Beeg.mkv,.mkv,172653705,164.66 MiB,2026-06-17T14:45:49.215665,2026-06-20T19:17:47.626920,true,"matroska,webm",621.4,hevc,aac,1920,1080
recent-preservation:full-batch-replaced-by-mp4-20260620-190819,/mnt/spirit-8tb/media-originals/full-batch-replaced-by-mp4-20260620-190819/yes/RisqueCore Vid 96.mkv,RisqueCore Vid 96.mkv,.mkv,1844482,1.76 MiB,2026-06-16T16:31:43.240042,2026-06-20T19:12:45.834840,true,"matroska,webm",10.973,hevc,aac,1080,564
recent-preservation:full-batch-replaced-by-mp4-20260620-190819,/mnt/spirit-8tb/media-originals/full-batch-replaced-by-mp4-20260620-190819/yes/RisqueCore Vid 53.mkv,RisqueCore Vid 53.mkv,.mkv,5335075,5.09 MiB,2026-06-16T16:53:58.622332,2026-06-20T19:27:41.868884,true,"matroska,webm",33.191,hevc,aac,720,1280
recent-preservation:full-batch-replaced-by-mp4-20260620-190819,/mnt/spirit-8tb/media-originals/full-batch-replaced-by-mp4-20260620-190819/yes/Sakurai Rena Strips Plays With Her Wet Asian Pussy Sakurai Rena.mkv,Sakurai Rena Strips Plays With Her Wet Asian Pussy Sakurai Rena.mkv,.mkv,40748969,38.86 MiB,2026-06-16T20:53:12.616172,2026-06-20T19:13:51.005724,true,"matroska,webm",441.8,hevc,aac,406,720
recent-preservation:full-batch-replaced-by-mp4-20260620-190819,/mnt/spirit-8tb/media-originals/full-batch-replaced-by-mp4-20260620-190819/yes/Savaschultz savaschulz savashultz Exclusive Leaked Nude OnlyFans(2).mkv,Savaschultz savaschulz savashultz Exclusive Leaked Nude OnlyFans(2).mkv,.mkv,2970773,2.83 MiB,2026-06-16T16:22:47.841453,2026-06-20T19:15:39.574193,true,"matroska,webm",20.563,hevc,aac,608,1080
recent-preservation:full-batch-replaced-by-mp4-20260620-190819,/mnt/spirit-8tb/media-originals/full-batch-replaced-by-mp4-20260620-190819/yes/Sava Schultz Squeezy Nude Big Nature Boobs POV Onlyfans Video.mkv,Sava Schultz Squeezy Nude Big Nature Boobs POV Onlyfans Video.mkv,.mkv,4014189,3.83 MiB,2026-06-16T16:42:35.155795,2026-06-20T19:12:56.586986,true,"matroska,webm",46.08,hevc,aac,392,720
recent-preservation:full-batch-replaced-by-mp4-20260620-190819,/mnt/spirit-8tb/media-originals/full-batch-replaced-by-mp4-20260620-190819/yes/Latina Allison Parker Deepthroats.mkv,Latina Allison Parker Deepthroats.mkv,.mkv,167299074,159.55 MiB,2026-06-17T08:15:14.292381,2026-06-20T19:27:09.567452,true,"matroska,webm",1619.702,hevc,aac,406,720
recent-preservation:full-batch-replaced-by-mp4-20260620-190819,/mnt/spirit-8tb/media-originals/full-batch-replaced-by-mp4-20260620-190819/yes/Sweet Herry Big Ass Brunette POV Cumshot Compilation Beeg.mkv,Sweet Herry Big Ass Brunette POV Cumshot Compilation Beeg.mkv,.mkv,447198435,426.48 MiB,2026-06-17T11:38:09.808933,2026-06-20T19:31:19.997796,true,"matroska,webm",727.736,hevc,aac,1920,1080
recent-preservation:full-batch-replaced-by-mp4-20260620-190819,/mnt/spirit-8tb/media-originals/full-batch-replaced-by-mp4-20260620-190819/yes/Natalie Roush Stripteasing With Her Booty Hole Dropping Tight Th.mkv,Natalie Roush Stripteasing With Her Booty Hole Dropping Tight Th.mkv,.mkv,126748187,120.88 MiB,2026-06-16T00:04:03.060843,2026-06-20T19:12:43.586809,true,"matroska,webm",270.604,hevc,aac,1080,1920
recent-preservation:full-batch-replaced-by-mp4-20260620-190819,/mnt/spirit-8tb/media-originals/full-batch-replaced-by-mp4-20260620-190819/yes/Devorah Roloff Grabs Her Boobs In The Mirror Devorah Roloff Only.mkv,Devorah Roloff Grabs Her Boobs In The Mirror Devorah Roloff Only.mkv,.mkv,3894146,3.71 MiB,2026-06-15T20:05:28.046963,2026-06-20T19:12:54.860962,true,"matroska,webm",64.56,hevc,aac,406,720
recent-preservation:full-batch-replaced-by-mp4-20260620-190819,/mnt/spirit-8tb/media-originals/full-batch-replaced-by-mp4-20260620-190819/yes/Ruth Lee Bowjob In Her Friends Car.mkv,Ruth Lee Bowjob In Her Friends Car.mkv,.mkv,83504704,79.64 MiB,2026-06-17T14:22:33.407588,2026-06-20T19:09:29.398159,true,"matroska,webm",266.225,hevc,aac,1280,720
recent-preservation:full-batch-replaced-by-mp4-20260620-190819,/mnt/spirit-8tb/media-originals/full-batch-replaced-by-mp4-20260620-190819/yes/Candy Love Nut on Me and then Lets Fuck Beeg.mkv,Candy Love Nut on Me and then Lets Fuck Beeg.mkv,.mkv,110731,108.14 KiB,2026-06-17T14:11:03.560120,2026-06-20T19:09:02.711792,true,"matroska,webm",3.56,hevc,aac,1920,1080
recent-preservation:full-batch-replaced-by-mp4-20260620-190819,/mnt/spirit-8tb/media-originals/full-batch-replaced-by-mp4-20260620-190819/yes/Ruth Lee Public Adventure Blowjob.mkv,Ruth Lee Public Adventure Blowjob.mkv,.mkv,39187283,37.37 MiB,2026-06-17T19:46:36.274334,2026-06-20T19:13:52.824749,true,"matroska,webm",377.536,hevc,aac,406,720
recent-preservation:full-batch-replaced-by-mp4-20260620-190819,/mnt/spirit-8tb/media-originals/full-batch-replaced-by-mp4-20260620-190819/yes/Savaschultz savaschulz savashultz Exclusive Leaked Nude OnlyFans(7).mkv,Savaschultz savaschulz savashultz Exclusive Leaked Nude OnlyFans(7).mkv,.mkv,1395198,1.33 MiB,2026-06-16T16:18:26.675706,2026-06-20T19:30:10.576869,true,"matroska,webm",13.806,hevc,aac,608,1080
recent-preservation:full-batch-replaced-by-mp4-20260620-190819,/mnt/spirit-8tb/media-originals/full-batch-replaced-by-mp4-20260620-190819/yes/Natalie Roush Sizzling Mesh Bodysuit Booty Tease in Leaked OnlyF.mkv,Natalie Roush Sizzling Mesh Bodysuit Booty Tease in Leaked OnlyF.mkv,.mkv,56131020,53.53 MiB,2026-06-15T23:53:04.032639,2026-06-20T19:35:05.222799,true,"matroska,webm",144.853,hevc,aac,1080,1920
recent-preservation:full-batch-replaced-by-mp4-20260620-190819,/mnt/spirit-8tb/media-originals/full-batch-replaced-by-mp4-20260620-190819/yes/RisqueCore Vid 73.mkv,RisqueCore Vid 73.mkv,.mkv,2868086,2.74 MiB,2026-06-16T16:38:34.532217,2026-06-20T19:11:26.049754,true,"matroska,webm",15.757,hevc,aac,624,1080
recent-preservation:full-batch-replaced-by-mp4-20260620-190819,/mnt/spirit-8tb/media-originals/full-batch-replaced-by-mp4-20260620-190819/yes/Candy Love Gooner Princess Edging until Cum Bomb Explodes Ahegao.mkv,Candy Love Gooner Princess Edging until Cum Bomb Explodes Ahegao.mkv,.mkv,211374493,201.58 MiB,2026-06-17T17:19:48.039455,2026-06-20T19:10:27.185950,true,"matroska,webm",838.933,hevc,aac,1920,1080
recent-preservation:full-batch-replaced-by-mp4-20260620-190819,/mnt/spirit-8tb/media-originals/full-batch-replaced-by-mp4-20260620-190819/yes/Comatozze Sensual Encounter in Elegant Stockings Beeg.mkv,Comatozze Sensual Encounter in Elegant Stockings Beeg.mkv,.mkv,696916112,664.63 MiB,2026-06-17T07:00:22.893191,2026-06-20T19:34:55.683672,true,"matroska,webm",1141.566,hevc,aac,1920,1080
recent-preservation:full-batch-replaced-by-mp4-20260620-190819,/mnt/spirit-8tb/media-originals/full-batch-replaced-by-mp4-20260620-190819/yes/heyimbee bee Nude Leaked Onlyfans Video 12 - Picazor EN.mkv,heyimbee bee Nude Leaked Onlyfans Video 12 - Picazor EN.mkv,.mkv,2279444,2.17 MiB,2026-06-16T16:21:43.028026,2026-06-20T19:17:05.699355,true,"matroska,webm",11.733,hevc,aac,720,1280
recent-preservation:full-batch-replaced-by-mp4-20260620-190819,/mnt/spirit-8tb/media-originals/full-batch-replaced-by-mp4-20260620-190819/yes/onlyfans lily phillips jason luv 2024-02-13 interracial ir bbc b.mkv,onlyfans lily phillips jason luv 2024-02-13 interracial ir bbc b.mkv,.mkv,231748799,221.01 MiB,2026-06-17T00:30:05.205899,2026-06-20T19:16:05.596544,true,"matroska,webm",1108.483,hevc,aac,720,1280
recent-preservation:full-batch-replaced-by-mp4-20260620-190819,/mnt/spirit-8tb/media-originals/full-batch-replaced-by-mp4-20260620-190819/yes/Heyimbee Exclusive Leaked Nude OnlyFans 1101500.mkv,Heyimbee Exclusive Leaked Nude OnlyFans 1101500.mkv,.mkv,1956800,1.87 MiB,2026-06-15T21:20:48.637847,2026-06-20T19:33:31.848554,true,"matroska,webm",8.592,hevc,aac,608,1080
recent-preservation:full-batch-replaced-by-mp4-20260620-190819,/mnt/spirit-8tb/media-originals/full-batch-replaced-by-mp4-20260620-190819/yes/Candy Love ive Oiled Myself Up for Your Cock so now U Gonna Fill.mkv,Candy Love ive Oiled Myself Up for Your Cock so now U Gonna Fill.mkv,.mkv,262499744,250.34 MiB,2026-06-17T18:51:40.064314,2026-06-20T19:20:05.128768,true,"matroska,webm",869.3,hevc,aac,1920,1080
recent-preservation:full-batch-replaced-by-mp4-20260620-190819,/mnt/spirit-8tb/media-originals/full-batch-replaced-by-mp4-20260620-190819/yes/Devorah Roloff Nude Leaked OnlyFans Video 36 - Ibradome.mkv,Devorah Roloff Nude Leaked OnlyFans Video 36 - Ibradome.mkv,.mkv,2568106,2.45 MiB,2026-06-15T20:14:32.595728,2026-06-20T19:30:10.049862,true,"matroska,webm",20.125,hevc,aac,608,1080
recent-preservation:full-batch-replaced-by-mp4-20260620-190819,/mnt/spirit-8tb/media-originals/full-batch-replaced-by-mp4-20260620-190819/yes/Aaliyah Yasin Has Unprotected Sex With A Stranger.optimized.mkv,Aaliyah Yasin Has Unprotected Sex With A Stranger.optimized.mkv,.mkv,327185017,312.03 MiB,2026-06-15T19:04:39.469232,2026-06-20T19:33:05.479203,true,"matroska,webm",1959.81,hevc,aac,1280,720
recent-preservation:full-batch-replaced-by-mp4-20260620-190819,/mnt/spirit-8tb/media-originals/full-batch-replaced-by-mp4-20260620-190819/yes/Candy Love Good Boy Gets Good Head then Good Sex Beeg.mkv,Candy Love Good Boy Gets Good Head then Good Sex Beeg.mkv,.mkv,306560818,292.36 MiB,2026-06-17T18:19:28.630912,2026-06-20T19:08:28.306319,true,"matroska,webm",846.4,hevc,aac,1920,1080
recent-preservation:full-batch-replaced-by-mp4-20260620-190819,/mnt/spirit-8tb/media-originals/full-batch-replaced-by-mp4-20260620-190819/yes/My Porn Plugg Neighbor Craves Intense Facial Cumshot Beeg.mkv,My Porn Plugg Neighbor Craves Intense Facial Cumshot Beeg.mkv,.mkv,706061678,673.35 MiB,2026-06-17T13:36:53.819307,2026-06-20T19:15:16.853886,true,"matroska,webm",1419.343,hevc,aac,1920,1080
recent-preservation:full-batch-replaced-by-mp4-20260620-190819,/mnt/spirit-8tb/media-originals/full-batch-replaced-by-mp4-20260620-190819/yes/OnlyFans_5 devorah.mp4.mkv,OnlyFans_5 devorah.mp4.mkv,.mkv,49012900,46.74 MiB,2026-06-16T22:21:36.689801,2026-06-20T19:26:44.663119,true,"matroska,webm",204.58,hevc,aac,1080,1440
recent-preservation:full-batch-replaced-by-mp4-20260620-190819,/mnt/spirit-8tb/media-originals/full-batch-replaced-by-mp4-20260620-190819/yes/Ruth Lee Savors Cock In POV.mkv,Ruth Lee Savors Cock In POV.mkv,.mkv,183184376,174.70 MiB,2026-06-17T20:31:23.505749,2026-06-20T19:29:13.548108,true,"matroska,webm",1100.065,hevc,aac,1280,720
recent-preservation:full-batch-replaced-by-mp4-20260620-190819,/mnt/spirit-8tb/media-originals/full-batch-replaced-by-mp4-20260620-190819/yes/Amburnee ambernyy Exclusive Leaked Nude OnlyFans 12726049.mkv,Amburnee ambernyy Exclusive Leaked Nude OnlyFans 12726049.mkv,.mkv,1238310,1.18 MiB,2026-06-16T16:21:49.946072,2026-06-20T19:28:10.197262,true,"matroska,webm",9.566,hevc,aac,632,1080
recent-preservation:full-batch-replaced-by-mp4-20260620-190819,/mnt/spirit-8tb/media-originals/full-batch-replaced-by-mp4-20260620-190819/yes/Devorah Roloff Pussy.mkv,Devorah Roloff Pussy.mkv,.mkv,7359317,7.02 MiB,2026-06-15T20:39:20.057656,2026-06-20T19:17:21.954574,true,"matroska,webm",56.36,hevc,aac,1280,720
recent-preservation:full-batch-replaced-by-mp4-20260620-190819,/mnt/spirit-8tb/media-originals/full-batch-replaced-by-mp4-20260620-190819/yes/My Porn Plugg Stepsister Couch Footjob After Work Beeg.mkv,My Porn Plugg Stepsister Couch Footjob After Work Beeg.mkv,.mkv,203644949,194.21 MiB,2026-06-17T09:18:22.499601,2026-06-20T19:10:35.930069,true,"matroska,webm",800.042,hevc,aac,1920,1080
recent-preservation:full-batch-replaced-by-mp4-20260620-190819,/mnt/spirit-8tb/media-originals/full-batch-replaced-by-mp4-20260620-190819/yes/F1nn5ter Suck Big Black Dildo Onlyfans.mkv,F1nn5ter Suck Big Black Dildo Onlyfans.mkv,.mkv,28120566,26.82 MiB,2026-06-15T21:03:16.346998,2026-06-20T19:27:18.717574,true,"matroska,webm",237.042,hevc,aac,720,1080
recent-preservation:full-batch-replaced-by-mp4-20260620-190819,/mnt/spirit-8tb/media-originals/full-batch-replaced-by-mp4-20260620-190819/yes/DR 025.mp4.mkv,DR 025.mp4.mkv,.mkv,5647639,5.39 MiB,2026-06-15T19:51:16.341012,2026-06-20T19:12:58.382010,true,"matroska,webm",12.68,hevc,aac,1080,1920
recent-preservation:full-batch-replaced-by-mp4-20260620-190819,/mnt/spirit-8tb/media-originals/full-batch-replaced-by-mp4-20260620-190819/yes/Heyimbee Exclusive Leaked Nude OnlyFans 699500.mkv,Heyimbee Exclusive Leaked Nude OnlyFans 699500.mkv,.mkv,1603661,1.53 MiB,2026-06-16T16:20:14.042433,2026-06-20T19:28:17.153355,true,"matroska,webm",13.389,hevc,aac,660,1080
recent-preservation:full-batch-replaced-by-mp4-20260620-190819,/mnt/spirit-8tb/media-originals/full-batch-replaced-by-mp4-20260620-190819/yes/Lexi Marvel Teases Her Seductive Curves.mkv,Lexi Marvel Teases Her Seductive Curves.mkv,.mkv,34674318,33.07 MiB,2026-06-19T05:28:29.176369,2026-06-20T19:33:11.050277,true,"matroska,webm",305.866,hevc,aac,406,720
recent-preservation:full-batch-replaced-by-mp4-20260620-190819,/mnt/spirit-8tb/media-originals/full-batch-replaced-by-mp4-20260620-190819/yes/Natalie Roush New Squat Ppv In Tight Thong Onlyfans Leak.mkv,Natalie Roush New Squat Ppv In Tight Thong Onlyfans Leak.mkv,.mkv,126074770,120.23 MiB,2026-06-15T23:41:46.153856,2026-06-20T19:32:28.578711,true,"matroska,webm",328.787,hevc,aac,1080,1920
recent-preservation:full-batch-replaced-by-mp4-20260620-190819,/mnt/spirit-8tb/media-originals/full-batch-replaced-by-mp4-20260620-190819/yes/Candy Love I Want My Pussy Full of Cum Remove Condom no Birth Co.mkv,Candy Love I Want My Pussy Full of Cum Remove Condom no Birth Co.mkv,.mkv,202622931,193.24 MiB,2026-06-17T15:34:04.125494,2026-06-20T19:09:58.973564,true,"matroska,webm",724.8,hevc,aac,1920,1080
recent-preservation:full-batch-replaced-by-mp4-20260620-190819,/mnt/spirit-8tb/media-originals/full-batch-replaced-by-mp4-20260620-190819/yes/c60133f91ac7a5f18769c96232cd4d9b03e85cc5ce8e0be365d73cf81d675d6e.mkv,c60133f91ac7a5f18769c96232cd4d9b03e85cc5ce8e0be365d73cf81d675d6e.mkv,.mkv,1068932,1.02 MiB,2026-06-13T22:58:54.374243,2026-06-20T19:33:08.300240,true,"matroska,webm",14.18,hevc,aac,1076,1652
recent-preservation:full-batch-replaced-by-mp4-20260620-190819,/mnt/spirit-8tb/media-originals/full-batch-replaced-by-mp4-20260620-190819/yes/Allinika Girl in Leggings Selects Her Ideal Match Beeg.mkv,Allinika Girl in Leggings Selects Her Ideal Match Beeg.mkv,.mkv,582205461,555.23 MiB,2026-06-16T16:12:59.134370,2026-06-20T19:17:03.890331,true,"matroska,webm",786.135,hevc,aac,1920,1080
recent-preservation:full-batch-replaced-by-mp4-20260620-190819,/mnt/spirit-8tb/media-originals/full-batch-replaced-by-mp4-20260620-190819/yes/Savaschultz savaschulz savashultz Exclusive Leaked Nude OnlyFans.mkv,Savaschultz savaschulz savashultz Exclusive Leaked Nude OnlyFans.mkv,.mkv,3588860,3.42 MiB,2026-06-16T16:26:05.723403,2026-06-20T19:20:20.713978,true,"matroska,webm",33.5,hevc,aac,608,1080
recent-preservation:full-batch-replaced-by-mp4-20260620-190819,/mnt/spirit-8tb/media-originals/full-batch-replaced-by-mp4-20260620-190819/yes/Devorah Roloff Nude Leaked OnlyFans Video 28 - Ibradome.mkv,Devorah Roloff Nude Leaked OnlyFans Video 28 - Ibradome.mkv,.mkv,3891305,3.71 MiB,2026-06-15T20:06:55.616018,2026-06-20T19:13:51.776734,true,"matroska,webm",31.721,hevc,aac,1280,720
recent-preservation:full-batch-replaced-by-mp4-20260620-190819,/mnt/spirit-8tb/media-originals/full-batch-replaced-by-mp4-20260620-190819/yes/Devorah Roloff OnlyFans For Free May-2024 7.mkv,Devorah Roloff OnlyFans For Free May-2024 7.mkv,.mkv,14512168,13.84 MiB,2026-06-15T20:17:13.853797,2026-06-20T19:13:51.481730,true,"matroska,webm",67.28,hevc,aac,1920,1080
recent-preservation:full-batch-replaced-by-mp4-20260620-190819,/mnt/spirit-8tb/media-originals/full-batch-replaced-by-mp4-20260620-190819/yes/b4b6c2d0fc023a2f9bff6ffb4865c66444afe6ffb05a331d1fa29a3f50d181b4.mkv,b4b6c2d0fc023a2f9bff6ffb4865c66444afe6ffb05a331d1fa29a3f50d181b4.mkv,.mkv,987618,964.47 KiB,2026-06-13T22:58:45.804125,2026-06-20T19:24:32.637354,true,"matroska,webm",13.113,hevc,aac,1080,1920
recent-preservation:full-batch-replaced-by-mp4-20260620-190819,/mnt/spirit-8tb/media-originals/full-batch-replaced-by-mp4-20260620-190819/yes/Devorah Roloff Nude Leaked OnlyFans Video 25 - Ibradome.mkv,Devorah Roloff Nude Leaked OnlyFans Video 25 - Ibradome.mkv,.mkv,459838,449.06 KiB,2026-06-15T20:06:19.451580,2026-06-20T19:20:06.818791,true,"matroska,webm",6.861,hevc,aac,584,1080
recent-preservation:full-batch-replaced-by-mp4-20260620-190819,/mnt/spirit-8tb/media-originals/full-batch-replaced-by-mp4-20260620-190819/yes/Heyimbee New Videos 3.mkv,Heyimbee New Videos 3.mkv,.mkv,11819351,11.27 MiB,2026-06-15T21:24:02.717419,2026-06-20T19:13:03.860084,true,"matroska,webm",36.516,hevc,aac,1080,1920
recent-preservation:full-batch-replaced-by-mp4-20260620-190819,/mnt/spirit-8tb/media-originals/full-batch-replaced-by-mp4-20260620-190819/yes/Devorah rollof Onlyfans Video.mkv,Devorah rollof Onlyfans Video.mkv,.mkv,14946574,14.25 MiB,2026-06-15T20:44:43.968066,2026-06-20T19:26:29.244913,true,"matroska,webm",61.8,hevc,aac,1080,1920
recent-preservation:full-batch-replaced-by-mp4-20260620-190819,/mnt/spirit-8tb/media-originals/full-batch-replaced-by-mp4-20260620-190819/yes/Savaschultz savaschulz savashultz Exclusive Leaked Nude OnlyFans(8).mkv,Savaschultz savaschulz savashultz Exclusive Leaked Nude OnlyFans(8).mkv,.mkv,1821891,1.74 MiB,2026-06-16T16:20:53.693698,2026-06-20T19:34:22.782233,true,"matroska,webm",8.968,hevc,aac,608,1080
recent-preservation:full-batch-replaced-by-mp4-20260620-190819,/mnt/spirit-8tb/media-originals/full-batch-replaced-by-mp4-20260620-190819/yes/Amburnee.mkv,Amburnee.mkv,.mkv,5542058,5.29 MiB,2026-06-16T16:39:21.515739,2026-06-20T19:24:25.788262,true,"matroska,webm",91.8,hevc,aac,446,720
recent-preservation:full-batch-replaced-by-mp4-20260620-190819,/mnt/spirit-8tb/media-originals/full-batch-replaced-by-mp4-20260620-190819/yes/Ruth Lee Gets Fucked Wearing Ripped Pants.mkv,Ruth Lee Gets Fucked Wearing Ripped Pants.mkv,.mkv,348714217,332.56 MiB,2026-06-19T04:55:30.167959,2026-06-20T19:28:38.099635,true,"matroska,webm",1606.72,hevc,aac,1280,720
recent-preservation:full-batch-replaced-by-mp4-20260620-190819,/mnt/spirit-8tb/media-originals/full-batch-replaced-by-mp4-20260620-190819/yes/Cece Rose Practices BJ Skills With A Dildo.mkv,Cece Rose Practices BJ Skills With A Dildo.mkv,.mkv,22591760,21.55 MiB,2026-06-17T08:17:16.260549,2026-06-20T19:29:19.199183,true,"matroska,webm",306.573,hevc,aac,404,720
recent-preservation:full-batch-replaced-by-mp4-20260620-190819,/mnt/spirit-8tb/media-originals/full-batch-replaced-by-mp4-20260620-190819/yes/Allinika the Girl Knows how to Distract from the Game. Beeg.mkv,Allinika the Girl Knows how to Distract from the Game. Beeg.mkv,.mkv,209063158,199.38 MiB,2026-06-17T04:45:27.443228,2026-06-20T19:10:17.532818,true,"matroska,webm",707.001,hevc,aac,1920,1080
recent-preservation:full-batch-replaced-by-mp4-20260620-190819,/mnt/spirit-8tb/media-originals/full-batch-replaced-by-mp4-20260620-190819/yes/Emilla Official Takes Boyfriend Hug dick.mkv,Emilla Official Takes Boyfriend Hug dick.mkv,.mkv,52953088,50.50 MiB,2026-06-18T21:31:11.682241,2026-06-20T19:11:40.760954,true,"matroska,webm",998.36,hevc,aac,1280,720
recent-preservation:full-batch-replaced-by-mp4-20260620-190819,/mnt/spirit-8tb/media-originals/full-batch-replaced-by-mp4-20260620-190819/yes/Noturhoneybb Teases You with Her Messy Facial Money Shot Video.mkv,Noturhoneybb Teases You with Her Messy Facial Money Shot Video.mkv,.mkv,153984911,146.85 MiB,2026-06-17T09:02:13.713341,2026-06-20T19:27:40.621867,true,"matroska,webm",472.305,hevc,aac,1080,1920
recent-preservation:full-batch-replaced-by-mp4-20260620-190819,/mnt/spirit-8tb/media-originals/full-batch-replaced-by-mp4-20260620-190819/yes/RisqueCore Vid 177.mkv,RisqueCore Vid 177.mkv,.mkv,495228,483.62 KiB,2026-06-16T16:22:31.821348,2026-06-20T19:29:19.539188,true,"matroska,webm",3.87,hevc,aac,720,1104
recent-preservation:full-batch-replaced-by-mp4-20260620-190819,/mnt/spirit-8tb/media-originals/full-batch-replaced-by-mp4-20260620-190819/yes/Devorah Roloff Nude Leaked OnlyFans Video 344 - Ibradome.mkv,Devorah Roloff Nude Leaked OnlyFans Video 344 - Ibradome.mkv,.mkv,39552940,37.72 MiB,2026-06-15T20:13:18.336783,2026-06-20T19:11:47.233042,true,"matroska,webm",218.761,hevc,aac,1280,720
recent-preservation:full-batch-replaced-by-mp4-20260620-190819,/mnt/spirit-8tb/media-originals/full-batch-replaced-by-mp4-20260620-190819/yes/Allison Parker BBC NEW SEXTAPE ONLYFANS.mkv,Allison Parker BBC NEW SEXTAPE ONLYFANS.mkv,.mkv,104178957,99.35 MiB,2026-06-16T22:47:30.919302,2026-06-20T19:09:26.331117,true,"matroska,webm",1012.044,hevc,aac,406,720
recent-preservation:full-batch-replaced-by-mp4-20260620-190819,/mnt/spirit-8tb/media-originals/full-batch-replaced-by-mp4-20260620-190819/yes/Katiana Kay Fucks A Cop Video Leaked.mkv,Katiana Kay Fucks A Cop Video Leaked.mkv,.mkv,15759268,15.03 MiB,2026-06-15T23:08:50.640156,2026-06-20T19:13:04.367091,true,"matroska,webm",349.558,hevc,aac,404,720
recent-preservation:full-batch-replaced-by-mp4-20260620-190819,/mnt/spirit-8tb/media-originals/full-batch-replaced-by-mp4-20260620-190819/yes/Ruth Lees Seductive Jerk Off Instructions.mkv,Ruth Lees Seductive Jerk Off Instructions.mkv,.mkv,31349498,29.90 MiB,2026-06-17T19:40:35.085419,2026-06-20T19:33:33.036570,true,"matroska,webm",361.527,hevc,aac,406,720
recent-preservation:full-batch-replaced-by-mp4-20260620-190819,/mnt/spirit-8tb/media-originals/full-batch-replaced-by-mp4-20260620-190819/yes/Amburnee ambernyy Exclusive Leaked Nude OnlyFans 10859483.mkv,Amburnee ambernyy Exclusive Leaked Nude OnlyFans 10859483.mkv,.mkv,743023,725.61 KiB,2026-06-16T16:19:49.855271,2026-06-20T19:35:44.326321,true,"matroska,webm",5.317,hevc,aac,608,1080
recent-preservation:full-batch-replaced-by-mp4-20260620-190819,/mnt/spirit-8tb/media-originals/full-batch-replaced-by-mp4-20260620-190819/yes/Heyimbee Exclusive Leaked Nude OnlyFans 1099433.mkv,Heyimbee Exclusive Leaked Nude OnlyFans 1099433.mkv,.mkv,313255,305.91 KiB,2026-06-15T21:20:39.011719,2026-06-20T19:30:10.270865,true,"matroska,webm",4.547,hevc,aac,608,1080
recent-preservation:full-batch-replaced-by-mp4-20260620-190819,/mnt/spirit-8tb/media-originals/full-batch-replaced-by-mp4-20260620-190819/yes/Onlyfans devorah roloff milk tits naked(1).mkv,Onlyfans devorah roloff milk tits naked(1).mkv,.mkv,2237378,2.13 MiB,2026-06-16T16:30:34.718032,2026-06-20T19:11:32.897847,true,"matroska,webm",10.1,hevc,aac,888,1920
recent-preservation:full-batch-replaced-by-mp4-20260620-190819,/mnt/spirit-8tb/media-originals/full-batch-replaced-by-mp4-20260620-190819/yes/Hey I M Bee AKA Heyimbee Playing With Herself Soft Mouth Sounds.mkv,Hey I M Bee AKA Heyimbee Playing With Herself Soft Mouth Sounds.mkv,.mkv,9003034,8.59 MiB,2026-06-15T21:04:34.573027,2026-06-20T19:12:44.982828,true,"matroska,webm",80.042,hevc,aac,720,1280
recent-preservation:full-batch-replaced-by-mp4-20260620-190819,/mnt/spirit-8tb/media-originals/full-batch-replaced-by-mp4-20260620-190819/yes/Tommy Wood Nurse Role-Play with POV Doggy and Cumshot Beeg.mkv,Tommy Wood Nurse Role-Play with POV Doggy and Cumshot Beeg.mkv,.mkv,285272602,272.06 MiB,2026-06-17T03:03:58.317651,2026-06-20T19:30:29.015115,true,"matroska,webm",761,hevc,aac,1920,1080
recent-preservation:full-batch-replaced-by-mp4-20260620-190819,/mnt/spirit-8tb/media-originals/full-batch-replaced-by-mp4-20260620-190819/yes/Devorah Roloff Video 49 Newest Porn Leaks - OnlyFans Leak Video.mkv,Devorah Roloff Video 49 Newest Porn Leaks - OnlyFans Leak Video.mkv,.mkv,13228247,12.62 MiB,2026-06-15T20:42:45.354457,2026-06-20T19:35:45.729339,true,"matroska,webm",220.891,hevc,aac,332,720
recent-preservation:full-batch-replaced-by-mp4-20260620-190819,/mnt/spirit-8tb/media-originals/full-batch-replaced-by-mp4-20260620-190819/yes/Devdildo01.mp4.mkv,Devdildo01.mp4.mkv,.mkv,20434534,19.49 MiB,2026-06-15T19:53:14.414633,2026-06-20T19:08:29.324333,true,"matroska,webm",88.797,hevc,aac,720,1280
recent-preservation:full-batch-replaced-by-mp4-20260620-190819,/mnt/spirit-8tb/media-originals/full-batch-replaced-by-mp4-20260620-190819/yes/Savaschultz savaschulz savashultz Exclusive Leaked Nude OnlyFans(3).mkv,Savaschultz savaschulz savashultz Exclusive Leaked Nude OnlyFans(3).mkv,.mkv,1969566,1.88 MiB,2026-06-16T16:20:03.905365,2026-06-20T19:11:34.175864,true,"matroska,webm",25.58,hevc,aac,404,720
recent-preservation:full-batch-replaced-by-mp4-20260620-190819,/mnt/spirit-8tb/media-originals/full-batch-replaced-by-mp4-20260620-190819/yes/Ruth Lee Glazes A Cock During A Sloppy BJ.mkv,Ruth Lee Glazes A Cock During A Sloppy BJ.mkv,.mkv,60959878,58.14 MiB,2026-06-17T19:53:33.071699,2026-06-20T19:12:47.573863,true,"matroska,webm",642.773,hevc,aac,406,720
recent-preservation:full-batch-replaced-by-mp4-20260620-190819,/mnt/spirit-8tb/media-originals/full-batch-replaced-by-mp4-20260620-190819/yes/Heyimbee Squeezing Big Boobs With Oil Leaked Onlyfans Video.mkv,Heyimbee Squeezing Big Boobs With Oil Leaked Onlyfans Video.mkv,.mkv,35288523,33.65 MiB,2026-06-15T21:29:19.769624,2026-06-20T19:17:10.299417,true,"matroska,webm",148.399,hevc,aac,1080,1920
recent-preservation:full-batch-replaced-by-mp4-20260620-190819,/mnt/spirit-8tb/media-originals/full-batch-replaced-by-mp4-20260620-190819/yes/Alexa Pearl Jerks Off A Guys Cock With Her Juicy Tits.mkv,Alexa Pearl Jerks Off A Guys Cock With Her Juicy Tits.mkv,.mkv,109205052,104.15 MiB,2026-06-17T08:05:53.215995,2026-06-20T19:09:33.652217,true,"matroska,webm",514.882,hevc,aac,1280,720
recent-preservation:full-batch-replaced-by-mp4-20260620-190819,/mnt/spirit-8tb/media-originals/full-batch-replaced-by-mp4-20260620-190819/yes/Ruth Lee Gives A Hot Jerk Off Instructions.mkv,Ruth Lee Gives A Hot Jerk Off Instructions.mkv,.mkv,42186935,40.23 MiB,2026-06-17T19:43:13.727842,2026-06-20T19:21:46.665131,true,"matroska,webm",432.031,hevc,aac,406,720
recent-preservation:full-batch-replaced-by-mp4-20260620-190819,/mnt/spirit-8tb/media-originals/full-batch-replaced-by-mp4-20260620-190819/yes/334120.mkv,334120.mkv,.mkv,39848347,38.00 MiB,2026-06-15T18:17:57.580518,2026-06-20T19:11:23.839724,true,"matroska,webm",598.6,hevc,aac,854,480
recent-preservation:full-batch-replaced-by-mp4-20260620-190819,/mnt/spirit-8tb/media-originals/full-batch-replaced-by-mp4-20260620-190819/yes/Savaschultz savaschulz savashultz Exclusive Leaked Nude OnlyFans(4).mkv,Savaschultz savaschulz savashultz Exclusive Leaked Nude OnlyFans(4).mkv,.mkv,2606719,2.49 MiB,2026-06-16T16:22:27.114317,2026-06-20T19:11:33.311853,true,"matroska,webm",23.732,hevc,aac,608,1080
recent-preservation:full-batch-replaced-by-mp4-20260620-190819,/mnt/spirit-8tb/media-originals/full-batch-replaced-by-mp4-20260620-190819/yes/DR 023.mp4.mkv,DR 023.mp4.mkv,.mkv,10093088,9.63 MiB,2026-06-15T19:49:39.304680,2026-06-20T19:10:18.256828,true,"matroska,webm",22.856,hevc,aac,1080,1920
recent-preservation:full-batch-replaced-by-mp4-20260620-190819,/mnt/spirit-8tb/media-originals/full-batch-replaced-by-mp4-20260620-190819/yes/Devorah Roloff Flaunts And Massages Her Tits Devorah Roloff Only.mkv,Devorah Roloff Flaunts And Massages Her Tits Devorah Roloff Only.mkv,.mkv,11532664,11.00 MiB,2026-06-15T20:02:08.571639,2026-06-20T19:26:25.736866,true,"matroska,webm",121.52,hevc,aac,406,720
recent-preservation:full-batch-replaced-by-mp4-20260620-190819,/mnt/spirit-8tb/media-originals/full-batch-replaced-by-mp4-20260620-190819/yes/spiritos-real-convert-test-1780539918-1-1-1-1-1.mkv,spiritos-real-convert-test-1780539918-1-1-1-1-1.mkv,.mkv,118884148,113.38 MiB,2026-06-17T02:15:05.671376,2026-06-20T19:12:52.192926,true,"matroska,webm",594.484,hevc,aac,1920,1080
recent-preservation:full-batch-replaced-by-mp4-20260620-190819,/mnt/spirit-8tb/media-originals/full-batch-replaced-by-mp4-20260620-190819/yes/Cecilia Rose 89 Fuck Me Hard Please PPV Video Leaked.mkv,Cecilia Rose 89 Fuck Me Hard Please PPV Video Leaked.mkv,.mkv,58303536,55.60 MiB,2026-06-15T19:14:12.689200,2026-06-20T19:32:12.473496,true,"matroska,webm",347.7,hevc,aac,1920,1080
recent-preservation:full-batch-replaced-by-mp4-20260620-190819,/mnt/spirit-8tb/media-originals/full-batch-replaced-by-mp4-20260620-190819/yes/Sexy Lily Phillips Picked Up And Creampie In Self Driving Tesla.mkv,Sexy Lily Phillips Picked Up And Creampie In Self Driving Tesla.mkv,.mkv,328059961,312.86 MiB,2026-06-17T04:18:35.254890,2026-06-20T19:13:34.496500,true,"matroska,webm",1108.079,hevc,aac,1280,720
recent-preservation:full-batch-replaced-by-mp4-20260620-190819,/mnt/spirit-8tb/media-originals/full-batch-replaced-by-mp4-20260620-190819/yes/Bonnie Blue Sucks And Fucks Her Driver.mkv,Bonnie Blue Sucks And Fucks Her Driver.mkv,.mkv,652877016,622.63 MiB,2026-06-17T14:10:53.865897,2026-06-20T19:31:48.212172,true,"matroska,webm",1869.233,hevc,aac,1280,720
recent-preservation:full-batch-replaced-by-mp4-20260620-190819,/mnt/spirit-8tb/media-originals/full-batch-replaced-by-mp4-20260620-190819/yes/Devorah rollof dildo 1.mkv,Devorah rollof dildo 1.mkv,.mkv,6330248,6.04 MiB,2026-06-15T20:45:28.549669,2026-06-20T19:10:38.317102,true,"matroska,webm",39.72,hevc,aac,720,1280
recent-preservation:full-batch-replaced-by-mp4-20260620-190819,/mnt/spirit-8tb/media-originals/full-batch-replaced-by-mp4-20260620-190819/yes/Devorah Roloff Nude Leaked OnlyFans Video 1 - Ibradome.mkv,Devorah Roloff Nude Leaked OnlyFans Video 1 - Ibradome.mkv,.mkv,634036,619.18 KiB,2026-06-15T20:06:14.956526,2026-06-20T19:13:51.606732,true,"matroska,webm",7.978,hevc,aac,500,924
recent-preservation:full-batch-replaced-by-mp4-20260620-190819,/mnt/spirit-8tb/media-originals/full-batch-replaced-by-mp4-20260620-190819/yes/DR 024.mp4.mkv,DR 024.mp4.mkv,.mkv,5397810,5.15 MiB,2026-06-15T19:50:33.024417,2026-06-20T19:09:36.515256,true,"matroska,webm",14.223,hevc,aac,1080,1920
recent-preservation:full-batch-replaced-by-mp4-20260620-190819,/mnt/spirit-8tb/media-originals/full-batch-replaced-by-mp4-20260620-190819/yes/Ruth Lee Takes A Cumshot After Blowing A Dick.mkv,Ruth Lee Takes A Cumshot After Blowing A Dick.mkv,.mkv,32273308,30.78 MiB,2026-06-17T08:26:34.482891,2026-06-20T19:32:16.696552,true,"matroska,webm",423.047,hevc,aac,406,720
recent-preservation:full-batch-replaced-by-mp4-20260620-190819,/mnt/spirit-8tb/media-originals/full-batch-replaced-by-mp4-20260620-190819/yes/Cutie Alexa Pearl Takes Hot Facial Outside.mkv,Cutie Alexa Pearl Takes Hot Facial Outside.mkv,.mkv,58259040,55.56 MiB,2026-06-17T07:56:46.111698,2026-06-20T19:11:31.466828,true,"matroska,webm",514.931,hevc,aac,404,720
recent-preservation:full-batch-replaced-by-mp4-20260620-190819,/mnt/spirit-8tb/media-originals/full-batch-replaced-by-mp4-20260620-190819/yes/Layla - tiktok beauty teen vlog creampie Leaked onlyfans Sextape.mkv,Layla - tiktok beauty teen vlog creampie Leaked onlyfans Sextape.mkv,.mkv,85726369,81.76 MiB,2026-06-16T21:20:17.258100,2026-06-20T19:13:36.804531,true,"matroska,webm",606.022,hevc,aac,404,720
recent-preservation:full-batch-replaced-by-mp4-20260620-190819,/mnt/spirit-8tb/media-originals/full-batch-replaced-by-mp4-20260620-190819/yes/RisqueCore Vid 123.mkv,RisqueCore Vid 123.mkv,.mkv,580124,566.53 KiB,2026-06-16T16:27:16.556743,2026-06-20T19:15:39.736195,true,"matroska,webm",6.549,hevc,aac,720,1280
recent-preservation:full-batch-replaced-by-mp4-20260620-190819,/mnt/spirit-8tb/media-originals/full-batch-replaced-by-mp4-20260620-190819/yes/Lexi Marvel Grinds That Juicy Ass In Tight Yoga Pants For This S.mkv,Lexi Marvel Grinds That Juicy Ass In Tight Yoga Pants For This S.mkv,.mkv,10927456,10.42 MiB,2026-06-15T23:29:51.446531,2026-06-20T19:10:36.447077,true,"matroska,webm",149.64,hevc,aac,406,720
recent-preservation:full-batch-replaced-by-mp4-20260620-190819,/mnt/spirit-8tb/media-originals/full-batch-replaced-by-mp4-20260620-190819/yes/Ruth Lee Teases Her Cunt In A Dress.mkv,Ruth Lee Teases Her Cunt In A Dress.mkv,.mkv,30958535,29.52 MiB,2026-06-17T19:38:17.191126,2026-06-20T19:32:02.244359,true,"matroska,webm",498.986,hevc,aac,406,720
recent-preservation:full-batch-replaced-by-mp4-20260620-190819,/mnt/spirit-8tb/media-originals/full-batch-replaced-by-mp4-20260620-190819/yes/Heyimbee ass from behind butt crack Leaked OF.mkv,Heyimbee ass from behind butt crack Leaked OF.mkv,.mkv,2779098,2.65 MiB,2026-06-15T21:32:54.567476,2026-06-20T19:16:06.737560,true,"matroska,webm",75.2,hevc,aac,402,720
recent-preservation:full-batch-replaced-by-mp4-20260620-190819,/mnt/spirit-8tb/media-originals/full-batch-replaced-by-mp4-20260620-190819/yes/Luke Cooper English Slut Bonnie Blue Loves Big Dick Inside Her B.mkv,Luke Cooper English Slut Bonnie Blue Loves Big Dick Inside Her B.mkv,.mkv,273293041,260.63 MiB,2026-06-17T03:28:48.354198,2026-06-20T19:13:47.216673,true,"matroska,webm",703.733,hevc,aac,1920,1080
recent-preservation:full-batch-replaced-by-mp4-20260620-190819,/mnt/spirit-8tb/media-originals/full-batch-replaced-by-mp4-20260620-190819/yes/Devorah - boobs.mp4.mkv,Devorah - boobs.mp4.mkv,.mkv,3653595,3.48 MiB,2026-06-15T19:55:36.637568,2026-06-20T19:11:33.849860,true,"matroska,webm",27.695,hevc,aac,656,1078
recent-preservation:full-batch-replaced-by-mp4-20260620-190819,/mnt/spirit-8tb/media-originals/full-batch-replaced-by-mp4-20260620-190819/yes/Candy Love Passionate Lovemaking before Work. Beeg.mkv,Candy Love Passionate Lovemaking before Work. Beeg.mkv,.mkv,210399376,200.65 MiB,2026-06-17T16:01:36.795595,2026-06-20T19:08:40.018480,true,"matroska,webm",737.7,hevc,aac,1920,1080
recent-preservation:full-batch-replaced-by-mp4-20260620-190819,/mnt/spirit-8tb/media-originals/full-batch-replaced-by-mp4-20260620-190819/yes/Devorah Roloff Video 48 Hd Leaked Content May-2025 - OnlyFans Le.mkv,Devorah Roloff Video 48 Hd Leaked Content May-2025 - OnlyFans Le.mkv,.mkv,11052988,10.54 MiB,2026-06-15T20:41:45.481643,2026-06-20T19:33:06.697219,true,"matroska,webm",109.923,hevc,aac,1280,720
recent-preservation:full-batch-replaced-by-mp4-20260620-190819,/mnt/spirit-8tb/media-originals/full-batch-replaced-by-mp4-20260620-190819/yes/Ruth Lee Squirts While Getting Pounded.mkv,Ruth Lee Squirts While Getting Pounded.mkv,.mkv,113180724,107.94 MiB,2026-06-17T20:04:41.729473,2026-06-20T19:35:43.968316,true,"matroska,webm",945.941,hevc,aac,406,720
recent-preservation:full-batch-replaced-by-mp4-20260620-190819,/mnt/spirit-8tb/media-originals/full-batch-replaced-by-mp4-20260620-190819/yes/Ruth Lees ASMR Sloppy Blowjob.mkv,Ruth Lees ASMR Sloppy Blowjob.mkv,.mkv,62432051,59.54 MiB,2026-06-17T19:58:32.363249,2026-06-20T19:17:58.888071,true,"matroska,webm",495.537,hevc,aac,1280,720
recent-preservation:full-batch-replaced-by-mp4-20260620-190819,/mnt/spirit-8tb/media-originals/full-batch-replaced-by-mp4-20260620-190819/yes/Heyimbee 49.95 Ppv Floor Cam And Spreading Leak Video.mkv,Heyimbee 49.95 Ppv Floor Cam And Spreading Leak Video.mkv,.mkv,1826630,1.74 MiB,2026-06-15T21:20:35.684675,2026-06-20T19:09:02.493789,true,"matroska,webm",33.88,hevc,aac,406,720
recent-preservation:full-batch-replaced-by-mp4-20260620-190819,/mnt/spirit-8tb/media-originals/full-batch-replaced-by-mp4-20260620-190819/yes/OnlyFans_5 devorah2.mp4.mkv,OnlyFans_5 devorah2.mp4.mkv,.mkv,16978493,16.19 MiB,2026-06-16T17:17:55.894653,2026-06-20T19:10:28.131963,true,"matroska,webm",53.971,hevc,aac,1616,1076
recent-preservation:full-batch-replaced-by-mp4-20260620-190819,/mnt/spirit-8tb/media-originals/full-batch-replaced-by-mp4-20260620-190819/yes/Candy Love Begs for Mercy - Intense 2 Squirts - Multiple Orgasms.mkv,Candy Love Begs for Mercy - Intense 2 Squirts - Multiple Orgasms.mkv,.mkv,150922794,143.93 MiB,2026-06-17T15:07:19.394569,2026-06-20T19:21:30.073908,true,"matroska,webm",636.066,hevc,aac,1920,1080
recent-preservation:full-batch-replaced-by-mp4-20260620-190819,/mnt/spirit-8tb/media-originals/full-batch-replaced-by-mp4-20260620-190819/yes/Devorah Roloff Hot Onlyfans Video.mkv,Devorah Roloff Hot Onlyfans Video.mkv,.mkv,7013044,6.69 MiB,2026-06-15T20:06:01.688366,2026-06-20T19:30:11.049875,true,"matroska,webm",74.486,hevc,aac,404,720
recent-preservation:full-batch-replaced-by-mp4-20260620-190819,/mnt/spirit-8tb/media-originals/full-batch-replaced-by-mp4-20260620-190819/yes/Candy Love how to Make Your Bf Cum Twice He Cant Resist My Tits.mkv,Candy Love how to Make Your Bf Cum Twice He Cant Resist My Tits.mkv,.mkv,345208746,329.22 MiB,2026-06-17T19:35:50.298747,2026-06-20T19:12:37.174722,true,"matroska,webm",1263.56,hevc,aac,1920,1080
recent-preservation:full-batch-replaced-by-mp4-20260620-190819,/mnt/spirit-8tb/media-originals/full-batch-replaced-by-mp4-20260620-190819/yes/Ruth Lee Makes Her BF Cum Twice.mkv,Ruth Lee Makes Her BF Cum Twice.mkv,.mkv,336425341,320.84 MiB,2026-06-17T20:52:25.663908,2026-06-20T19:26:20.680799,true,"matroska,webm",1539.136,hevc,aac,1280,720
recent-preservation:full-batch-replaced-by-mp4-20260620-190819,/mnt/spirit-8tb/media-originals/full-batch-replaced-by-mp4-20260620-190819/yes/Natalie Roush Teases Her Thicc Booty Twerking in Leaked Onlyfans.mkv,Natalie Roush Teases Her Thicc Booty Twerking in Leaked Onlyfans.mkv,.mkv,26054493,24.85 MiB,2026-06-16T00:06:27.218438,2026-06-20T19:20:18.320946,true,"matroska,webm",70.821,hevc,aac,1080,1920
recent-preservation:full-batch-replaced-by-mp4-20260620-190819,/mnt/spirit-8tb/media-originals/full-batch-replaced-by-mp4-20260620-190819/yes/Lexi Marvel Shakes And Teases Her Ass.mkv,Lexi Marvel Shakes And Teases Her Ass.mkv,.mkv,24106136,22.99 MiB,2026-06-19T05:21:43.543177,2026-06-20T19:12:45.582836,true,"matroska,webm",191.617,hevc,aac,406,720
recent-preservation:full-batch-replaced-by-mp4-20260620-190819,/mnt/spirit-8tb/media-originals/full-batch-replaced-by-mp4-20260620-190819/yes/unknown/OF4LM.COM is our home__400.mkv,OF4LM.COM is our home__400.mkv,.mkv,4208011,4.01 MiB,2026-06-14T01:00:36.323624,2026-06-20T19:36:59.497323,true,"matroska,webm",50.667,hevc,aac,1184,888
recent-preservation:full-batch-replaced-by-mp4-20260620-190819,/mnt/spirit-8tb/media-originals/full-batch-replaced-by-mp4-20260620-190819/yes/unknown/ScreenRecording_05-20-2026 23-18-19_1.mkv,ScreenRecording_05-20-2026 23-18-19_1.mkv,.mkv,5837946,5.57 MiB,2026-06-14T01:01:19.978216,2026-06-20T19:36:01.355548,true,"matroska,webm",62.337,hevc,aac,884,1920
recent-preservation:full-batch-replaced-by-mp4-20260620-190819,/mnt/spirit-8tb/media-originals/full-batch-replaced-by-mp4-20260620-190819/yes/unknown/OF4LM.COM is our home__406.mkv,OF4LM.COM is our home__406.mkv,.mkv,8298562,7.91 MiB,2026-06-14T01:00:50.628818,2026-06-20T19:35:50.644405,true,"matroska,webm",99.883,hevc,aac,1040,760
recent-preservation:full-batch-replaced-by-mp4-20260620-190819,/mnt/spirit-8tb/media-originals/full-batch-replaced-by-mp4-20260620-190819/yes/unknown/0nLf0hfdEcUrDyYt.mkv,0nLf0hfdEcUrDyYt.mkv,.mkv,3800966,3.62 MiB,2026-06-14T00:47:45.477752,2026-06-20T19:35:46.098344,true,"matroska,webm",50.334,hevc,aac,284,480
recent-preservation:full-batch-replaced-by-mp4-20260620-190819,/mnt/spirit-8tb/media-originals/full-batch-replaced-by-mp4-20260620-190819/yes/unknown/JoinUs @RisqueMega 233.mkv,JoinUs @RisqueMega 233.mkv,.mkv,34115041,32.53 MiB,2026-06-14T00:57:00.383675,2026-06-20T19:36:31.704952,true,"matroska,webm",413.488,hevc,aac,1920,1080
recent-preservation:full-batch-replaced-by-mp4-20260620-190819,/mnt/spirit-8tb/media-originals/full-batch-replaced-by-mp4-20260620-190819/yes/unknown/JoinUs @RisqueMega 184.mkv,JoinUs @RisqueMega 184.mkv,.mkv,46674171,44.51 MiB,2026-06-14T00:55:27.093384,2026-06-20T19:36:42.594097,true,"matroska,webm",561.719,hevc,aac,1920,1080
recent-preservation:full-batch-replaced-by-mp4-20260620-190819,/mnt/spirit-8tb/media-originals/full-batch-replaced-by-mp4-20260620-190819/yes/unknown/OF4LM.COM is our home__377.mkv,OF4LM.COM is our home__377.mkv,.mkv,8210994,7.83 MiB,2026-06-14T01:00:26.360489,2026-06-20T19:38:11.379281,true,"matroska,webm",98.84,hevc,aac,1280,720
recent-preservation:full-batch-replaced-by-mp4-20260620-190819,/mnt/spirit-8tb/media-originals/full-batch-replaced-by-mp4-20260620-190819/yes/unknown/407017_720p.mkv,407017_720p.mkv,.mkv,22157794,21.13 MiB,2026-06-14T00:50:28.596155,2026-06-20T19:36:33.014970,true,"matroska,webm",280.384,hevc,aac,360,636
recent-preservation:full-batch-replaced-by-mp4-20260620-190819,/mnt/spirit-8tb/media-originals/full-batch-replaced-by-mp4-20260620-190819/yes/unknown/107016.mkv,107016.mkv,.mkv,3883617,3.70 MiB,2026-06-14T00:47:52.773861,2026-06-20T19:36:33.450975,true,"matroska,webm",44.497,hevc,aac,720,404
recent-preservation:full-batch-replaced-by-mp4-20260620-190819,/mnt/spirit-8tb/media-originals/full-batch-replaced-by-mp4-20260620-190819/yes/unknown/97970164000c08f0fef549c141e1af0d5c2b4510c51.mkv,97970164000c08f0fef549c141e1af0d5c2b4510c51.mkv,.mkv,81376830,77.61 MiB,2026-06-14T00:53:22.124634,2026-06-20T19:36:46.923155,true,"matroska,webm",926.405,hevc,aac,404,720
recent-preservation:full-batch-replaced-by-mp4-20260620-190819,/mnt/spirit-8tb/media-originals/full-batch-replaced-by-mp4-20260620-190819/yes/unknown/JoinUs @RisqueMega 64.mkv,JoinUs @RisqueMega 64.mkv,.mkv,67772018,64.63 MiB,2026-06-14T00:59:59.601126,2026-06-20T19:38:10.395267,true,"matroska,webm",815.64,hevc,aac,1920,1080
recent-preservation:full-batch-replaced-by-mp4-20260620-190819,/mnt/spirit-8tb/media-originals/full-batch-replaced-by-mp4-20260620-190819/yes/unknown/OF4LM.COM is our home__360.mkv,OF4LM.COM is our home__360.mkv,.mkv,2823190,2.69 MiB,2026-06-14T01:00:11.349285,2026-06-20T19:36:33.856981,true,"matroska,webm",34.026,hevc,aac,1280,720
recent-preservation:full-batch-replaced-by-mp4-20260620-190819,/mnt/spirit-8tb/media-originals/full-batch-replaced-by-mp4-20260620-190819/yes/unknown/3888823_hq.mkv,3888823_hq.mkv,.mkv,71110170,67.82 MiB,2026-06-14T00:49:56.004681,2026-06-20T19:36:50.985209,true,"matroska,webm",999.061,hevc,aac,960,720
recent-preservation:full-batch-replaced-by-mp4-20260620-190819,/mnt/spirit-8tb/media-originals/full-batch-replaced-by-mp4-20260620-190819/yes/unknown/OF4LM.COM is our home__315.mkv,OF4LM.COM is our home__315.mkv,.mkv,1174359,1.12 MiB,2026-06-14T01:00:04.496192,2026-06-20T19:36:52.172225,true,"matroska,webm",14.131,hevc,aac,1280,720
recent-preservation:full-batch-replaced-by-mp4-20260620-190819,/mnt/spirit-8tb/media-originals/full-batch-replaced-by-mp4-20260620-190819/yes/mi-mpyvhwjc-7a5e787a/spiritos-convert-test-375m-rerun.mkv,spiritos-convert-test-375m-rerun.mkv,.mkv,118884148,113.38 MiB,2026-06-17T01:54:50.571223,2026-06-20T19:38:50.010795,true,"matroska,webm",594.484,hevc,aac,1920,1080
recent-preservation:full-batch-replaced-by-mp4-20260620-190819,/mnt/spirit-8tb/media-originals/full-batch-replaced-by-mp4-20260620-190819/yes/models/leighbunbun/Visit onlyshare.io FOR MORE (8).mkv,Visit onlyshare.io FOR MORE (8).mkv,.mkv,5933581,5.66 MiB,2026-06-14T00:13:31.176930,2026-06-20T19:39:01.774952,true,"matroska,webm",71.213,hevc,aac,404,720
recent-preservation:full-batch-replaced-by-mp4-20260620-190819,/mnt/spirit-8tb/media-originals/full-batch-replaced-by-mp4-20260620-190819/yes/models/aaliyah-yasan/HkkzMtwQexuQzwkQMekM.mkv,HkkzMtwQexuQzwkQMekM.mkv,.mkv,264014000,251.78 MiB,2026-06-13T23:12:03.308144,2026-06-20T19:43:46.077308,true,"matroska,webm",2753.41,hevc,aac,1280,720
recent-preservation:full-batch-replaced-by-mp4-20260620-190819,/mnt/spirit-8tb/media-originals/full-batch-replaced-by-mp4-20260620-190819/yes/models/aaliyah-yasan/Visit onlyshare.io for MORE 62.mkv,Visit onlyshare.io for MORE 62.mkv,.mkv,71808609,68.48 MiB,2026-06-16T18:51:23.875015,2026-06-20T19:42:38.921216,true,"matroska,webm",864.397,hevc,aac,1920,1080
recent-preservation:full-batch-replaced-by-mp4-20260620-190819,/mnt/spirit-8tb/media-originals/full-batch-replaced-by-mp4-20260620-190819/yes/models/aaliyah-yasan/Visit onlyshare.io for MORE 86.mkv,Visit onlyshare.io for MORE 86.mkv,.mkv,58323645,55.62 MiB,2026-06-16T18:06:00.510805,2026-06-20T19:42:12.800786,true,"matroska,webm",702.026,hevc,aac,1920,1080
recent-preservation:full-batch-replaced-by-mp4-20260620-190819,/mnt/spirit-8tb/media-originals/full-batch-replaced-by-mp4-20260620-190819/yes/models/aaliyah-yasan/Visit onlyshare.io for MORE 40.mkv,Visit onlyshare.io for MORE 40.mkv,.mkv,86388352,82.39 MiB,2026-06-16T20:39:21.316029,2026-06-20T19:41:40.813253,true,"matroska,webm",1039.614,hevc,aac,1080,1920
recent-preservation:full-batch-replaced-by-mp4-20260620-190819,/mnt/spirit-8tb/media-originals/full-batch-replaced-by-mp4-20260620-190819/yes/models/aaliyah-yasan/Aaliyah Yasin Has Unprotected Sex With A Stranger.mkv,Aaliyah Yasin Has Unprotected Sex With A Stranger.mkv,.mkv,154940131,147.76 MiB,2026-06-16T21:57:21.000921,2026-06-20T19:41:19.051887,true,"matroska,webm",1959.811,hevc,aac,1280,720
recent-preservation:full-batch-replaced-by-mp4-20260620-190819,/mnt/spirit-8tb/media-originals/full-batch-replaced-by-mp4-20260620-190819/yes/models/aaliyah-yasan/Visit onlyshare.io for MORE 79.mkv,Visit onlyshare.io for MORE 79.mkv,.mkv,60149670,57.36 MiB,2026-06-16T18:25:37.998810,2026-06-20T19:43:05.296648,true,"matroska,webm",723.923,hevc,aac,1920,1080
recent-preservation:full-batch-replaced-by-mp4-20260620-190819,/mnt/spirit-8tb/media-originals/full-batch-replaced-by-mp4-20260620-190819/yes/models/aaliyah-yasan/Visit onlyshare.io for MORE 50.mkv,Visit onlyshare.io for MORE 50.mkv,.mkv,80396510,76.67 MiB,2026-06-16T20:06:38.800889,2026-06-20T19:43:22.472927,true,"matroska,webm",967.375,hevc,aac,1920,1080
recent-preservation:full-batch-replaced-by-mp4-20260620-190819,/mnt/spirit-8tb/media-originals/full-batch-replaced-by-mp4-20260620-190819/yes/models/aaliyah-yasan/540598_720p.mkv,540598_720p.mkv,.mkv,87898157,83.83 MiB,2026-06-13T23:04:16.966702,2026-06-20T19:44:09.485684,true,"matroska,webm",1059.258,hevc,aac,1280,720
recent-preservation:full-batch-replaced-by-mp4-20260620-190819,/mnt/spirit-8tb/media-originals/full-batch-replaced-by-mp4-20260620-190819/yes/models/aaliyah-yasan/Naughty Aaliyah Yasin Sucks A Big Cock While Smoking.mkv,Naughty Aaliyah Yasin Sucks A Big Cock While Smoking.mkv,.mkv,237852605,226.83 MiB,2026-06-17T00:46:48.420979,2026-06-20T19:41:49.434397,true,"matroska,webm",1034.433,hevc,aac,1280,720
recent-preservation:full-batch-replaced-by-mp4-20260620-190819,/mnt/spirit-8tb/media-originals/full-batch-replaced-by-mp4-20260620-190819/yes/models/aaliyah-yasan/Visit onlyshare.io for MORE 130.mkv,Visit onlyshare.io for MORE 130.mkv,.mkv,9754574,9.30 MiB,2026-06-16T16:35:38.897160,2026-06-20T19:42:14.483814,true,"matroska,webm",117.484,hevc,aac,1080,1920
recent-preservation:full-batch-replaced-by-mp4-20260620-190819,/mnt/spirit-8tb/media-originals/full-batch-replaced-by-mp4-20260620-190819/yes/models/katievaynes/0c194b909a8200e58550eaff39154d1faaa821f417d6a10ca949c247c50fed94.mkv,0c194b909a8200e58550eaff39154d1faaa821f417d6a10ca949c247c50fed94.mkv,.mkv,1797014,1.71 MiB,2026-06-14T00:12:15.868668,2026-06-20T19:38:52.852833,true,"matroska,webm",23.924,hevc,aac,1920,1080
recent-preservation:full-batch-replaced-by-mp4-20260620-190819,/mnt/spirit-8tb/media-originals/full-batch-replaced-by-mp4-20260620-190819/yes/models/whoahannahjo/HkxQxzewMkuQzwkQneee.mkv,HkxQxzewMkuQzwkQneee.mkv,.mkv,18822678,17.95 MiB,2026-06-14T00:38:48.500727,2026-06-20T19:59:20.014144,true,"matroska,webm",196.397,hevc,aac,1280,720
recent-preservation:full-batch-replaced-by-mp4-20260620-190819,/mnt/spirit-8tb/media-originals/full-batch-replaced-by-mp4-20260620-190819/yes/models/whoahannahjo/v 4.mkv,v 4.mkv,.mkv,75132078,71.65 MiB,2026-06-16T19:21:19.970519,2026-06-20T19:59:13.476052,true,"matroska,webm",950.159,hevc,aac,1920,1080
recent-preservation:full-batch-replaced-by-mp4-20260620-190819,/mnt/spirit-8tb/media-originals/full-batch-replaced-by-mp4-20260620-190819/yes/models/whoahannahjo/43619.mkv,43619.mkv,.mkv,21512335,20.52 MiB,2026-06-14T00:38:23.342426,2026-06-20T19:59:17.854113,true,"matroska,webm",246.856,hevc,aac,394,720
recent-preservation:full-batch-replaced-by-mp4-20260620-190819,/mnt/spirit-8tb/media-originals/full-batch-replaced-by-mp4-20260620-190819/yes/models/whoahannahjo/n6utt4v0th~oBjJ4OdyPb.mkv,n6utt4v0th~oBjJ4OdyPb.mkv,.mkv,45489177,43.38 MiB,2026-06-16T17:39:46.020626,2026-06-20T19:59:16.792099,true,"matroska,webm",603.856,hevc,aac,1280,720
recent-preservation:full-batch-replaced-by-mp4-20260620-190819,/mnt/spirit-8tb/media-originals/full-batch-replaced-by-mp4-20260620-190819/yes/models/whoahannahjo/v 3.mkv,v 3.mkv,.mkv,23385654,22.30 MiB,2026-06-16T16:50:39.836504,2026-06-20T19:59:24.981214,true,"matroska,webm",295.746,hevc,aac,608,1080
recent-preservation:full-batch-replaced-by-mp4-20260620-190819,/mnt/spirit-8tb/media-originals/full-batch-replaced-by-mp4-20260620-190819/yes/models/ruth-lee/ruth-lee-after-gym-blowjob-titty-fuck-cumshot-video-leaked-480p.mkv,ruth-lee-after-gym-blowjob-titty-fuck-cumshot-video-leaked-480p.mkv,.mkv,40912328,39.02 MiB,2026-06-16T17:05:23.167909,2026-06-20T19:39:23.437241,true,"matroska,webm",544.647,hevc,aac,270,480
recent-preservation:full-batch-replaced-by-mp4-20260620-190819,/mnt/spirit-8tb/media-originals/full-batch-replaced-by-mp4-20260620-190819/yes/models/ruth-lee/362027_720p.mkv,362027_720p.mkv,.mkv,36191128,34.51 MiB,2026-06-14T00:26:22.559198,2026-06-20T19:39:22.192224,true,"matroska,webm",435.593,hevc,aac,1280,720
recent-preservation:full-batch-replaced-by-mp4-20260620-190819,/mnt/spirit-8tb/media-originals/full-batch-replaced-by-mp4-20260620-190819/yes/models/pinkychu/176349.mkv,176349.mkv,.mkv,2607640,2.49 MiB,2026-06-14T00:23:12.761266,2026-06-20T19:46:42.338080,true,"matroska,webm",29.819,hevc,aac,406,720
recent-preservation:full-batch-replaced-by-mp4-20260620-190819,/mnt/spirit-8tb/media-originals/full-batch-replaced-by-mp4-20260620-190819/yes/models/haylee-love/71357paid.mkv,71357paid.mkv,.mkv,67485844,64.36 MiB,2026-06-13T23:54:21.387737,2026-06-20T19:39:25.786272,true,"matroska,webm",844.463,hevc,aac,1280,720
recent-preservation:full-batch-replaced-by-mp4-20260620-190819,/mnt/spirit-8tb/media-originals/full-batch-replaced-by-mp4-20260620-190819/yes/models/haylee-love/HxtQnxktezuQzwketwMx.mkv,HxtQnxktezuQzwketwMx.mkv,.mkv,89239331,85.11 MiB,2026-06-13T23:57:49.123848,2026-06-20T19:39:52.729631,true,"matroska,webm",998.766,hevc,aac,1280,720
recent-preservation:full-batch-replaced-by-mp4-20260620-190819,/mnt/spirit-8tb/media-originals/full-batch-replaced-by-mp4-20260620-190819/yes/models/sakhovanski/79568.mkv,79568.mkv,.mkv,19443229,18.54 MiB,2026-06-14T00:26:45.851445,2026-06-20T19:39:02.545962,true,"matroska,webm",223.288,hevc,aac,406,720
recent-preservation:full-batch-replaced-by-mp4-20260620-190819,/mnt/spirit-8tb/media-originals/full-batch-replaced-by-mp4-20260620-190819/yes/models/amburne/141711.mkv,141711.mkv,.mkv,1600682,1.53 MiB,2026-06-13T23:15:46.965233,2026-06-20T19:56:28.417711,true,"matroska,webm",18.436,hevc,aac,1280,720
recent-preservation:full-batch-replaced-by-mp4-20260620-190819,/mnt/spirit-8tb/media-originals/full-batch-replaced-by-mp4-20260620-190819/yes/models/cute-geekie/@MLHUBOF Telegram 🌌🔥 - 793.mkv,@MLHUBOF Telegram 🌌🔥 - 793.mkv,.mkv,20337259,19.40 MiB,2026-06-13T23:40:23.008575,2026-06-20T19:47:18.589637,true,"matroska,webm",244.82,hevc,aac,1080,1920
recent-preservation:full-batch-replaced-by-mp4-20260620-190819,/mnt/spirit-8tb/media-originals/full-batch-replaced-by-mp4-20260620-190819/yes/models/cute-geekie/Visit onlyshare.io for MORE 05135.mkv,Visit onlyshare.io for MORE 05135.mkv,.mkv,9433361,9.00 MiB,2026-06-13T23:43:06.995280,2026-06-20T19:47:45.075041,true,"matroska,webm",125.525,hevc,aac,1920,1080
recent-preservation:full-batch-replaced-by-mp4-20260620-190819,/mnt/spirit-8tb/media-originals/full-batch-replaced-by-mp4-20260620-190819/yes/models/cute-geekie/2783 cutelittlepearl leather sextape.mkv,2783 cutelittlepearl leather sextape.mkv,.mkv,39472641,37.64 MiB,2026-06-13T23:34:54.702772,2026-06-20T19:52:39.147409,true,"matroska,webm",527.836,hevc,aac,1280,720
recent-preservation:full-batch-replaced-by-mp4-20260620-190819,/mnt/spirit-8tb/media-originals/full-batch-replaced-by-mp4-20260620-190819/yes/models/cute-geekie/@MLHUBOF Telegram 🌌🔥 - 537.mkv,@MLHUBOF Telegram 🌌🔥 - 537.mkv,.mkv,8190183,7.81 MiB,2026-06-13T23:39:05.987268,2026-06-20T19:48:11.498441,true,"matroska,webm",98.715,hevc,aac,1076,1822
recent-preservation:full-batch-replaced-by-mp4-20260620-190819,/mnt/spirit-8tb/media-originals/full-batch-replaced-by-mp4-20260620-190819/yes/models/cute-geekie/148460_1080p.mkv,148460_1080p.mkv,.mkv,50427439,48.09 MiB,2026-06-13T23:33:10.657773,2026-06-20T19:50:54.721879,true,"matroska,webm",637.433,hevc,aac,1920,1080
recent-preservation:full-batch-replaced-by-mp4-20260620-190819,/mnt/spirit-8tb/media-originals/full-batch-replaced-by-mp4-20260620-190819/yes/models/cute-geekie/@MLHUBOF Telegram 🌌🔥 - 558.mkv,@MLHUBOF Telegram 🌌🔥 - 558.mkv,.mkv,5311444,5.07 MiB,2026-06-13T23:39:26.748623,2026-06-20T19:48:36.963826,true,"matroska,webm",66.477,hevc,aac,1078,1920
recent-preservation:full-batch-replaced-by-mp4-20260620-190819,/mnt/spirit-8tb/media-originals/full-batch-replaced-by-mp4-20260620-190819/yes/models/sendnudesx/PlugLeakz.net - Join Telegram @PlugLeaksHub (198).mkv,PlugLeakz.net - Join Telegram @PlugLeaksHub (198).mkv,.mkv,19923932,19.00 MiB,2026-06-14T00:33:13.391774,2026-06-20T20:00:24.384051,true,"matroska,webm",239.815,hevc,aac,1080,1920
recent-preservation:full-batch-replaced-by-mp4-20260620-190819,/mnt/spirit-8tb/media-originals/full-batch-replaced-by-mp4-20260620-190819/yes/models/sendnudesx/PlugLeakz.net - Join Telegram @PlugLeaksHub (224).mkv,PlugLeakz.net - Join Telegram @PlugLeaksHub (224).mkv,.mkv,56868809,54.23 MiB,2026-06-14T00:35:44.621542,2026-06-20T20:00:15.165921,true,"matroska,webm",684.592,hevc,aac,1080,1920
recent-preservation:full-batch-replaced-by-mp4-20260620-190819,/mnt/spirit-8tb/media-originals/full-batch-replaced-by-mp4-20260620-190819/yes/models/cutefru/Visit onlyshare.io for MORE 04419.mkv,Visit onlyshare.io for MORE 04419.mkv,.mkv,12763362,12.17 MiB,2026-06-13T23:44:17.784419,2026-06-20T19:40:44.743324,true,"matroska,webm",154.354,hevc,aac,1080,1516
recent-preservation:full-batch-replaced-by-mp4-20260620-190819,/mnt/spirit-8tb/media-originals/full-batch-replaced-by-mp4-20260620-190819/yes/models/emiliaofficial/Emilia Bunny Model in Bodysuit Receives Facial After Passionate.mkv,Emilia Bunny Model in Bodysuit Receives Facial After Passionate.mkv,.mkv,224663530,214.26 MiB,2026-06-19T00:15:00.744113,2026-06-20T19:46:19.638730,true,"matroska,webm",1098.263,hevc,aac,1920,1080
recent-preservation:full-batch-replaced-by-mp4-20260620-190819,/mnt/spirit-8tb/media-originals/full-batch-replaced-by-mp4-20260620-190819/yes/models/emiliaofficial/Emilia Bunny Schoolgirl Plays Hooky and gets Naughty on Camera B.mkv,Emilia Bunny Schoolgirl Plays Hooky and gets Naughty on Camera B.mkv,.mkv,349281375,333.10 MiB,2026-06-19T02:39:00.243485,2026-06-20T19:46:09.970580,true,"matroska,webm",966.6,hevc,aac,1920,1080
recent-preservation:full-batch-replaced-by-mp4-20260620-190819,/mnt/spirit-8tb/media-originals/full-batch-replaced-by-mp4-20260620-190819/yes/models/emiliaofficial/Emilia Bunny Strict Teachers Private Lesson Beeg.mkv,Emilia Bunny Strict Teachers Private Lesson Beeg.mkv,.mkv,203493230,194.07 MiB,2026-06-18T23:34:39.654941,2026-06-20T19:44:32.020043,true,"matroska,webm",968.763,hevc,aac,1920,1080
recent-preservation:full-batch-replaced-by-mp4-20260620-190819,/mnt/spirit-8tb/media-originals/full-batch-replaced-by-mp4-20260620-190819/yes/models/emiliaofficial/Emilia Bunny Horny Girl Takes It Deep Beeg.mkv,Emilia Bunny Horny Girl Takes It Deep Beeg.mkv,.mkv,338874270,323.18 MiB,2026-06-19T03:11:51.036721,2026-06-20T19:45:15.272726,true,"matroska,webm",1103.2,hevc,aac,1920,1080
recent-preservation:full-batch-replaced-by-mp4-20260620-190819,/mnt/spirit-8tb/media-originals/full-batch-replaced-by-mp4-20260620-190819/yes/models/emiliaofficial/Emilia Bunny Help Me with the Game and Ill Help You Cum Step Sis.mkv,Emilia Bunny Help Me with the Game and Ill Help You Cum Step Sis.mkv,.mkv,224164885,213.78 MiB,2026-06-19T04:00:49.931687,2026-06-20T19:45:24.514871,true,"matroska,webm",857.164,hevc,aac,1920,1080
recent-preservation:full-batch-replaced-by-mp4-20260620-190819,/mnt/spirit-8tb/media-originals/full-batch-replaced-by-mp4-20260620-190819/yes/models/emiliaofficial/Emilia Bunny Pov Your Sexy Gf Cant Leave the House until You Mak.mkv,Emilia Bunny Pov Your Sexy Gf Cant Leave the House until You Mak.mkv,.mkv,117476439,112.03 MiB,2026-06-19T00:41:43.591175,2026-06-20T19:45:04.916563,true,"matroska,webm",612.449,hevc,aac,1920,1080
recent-preservation:full-batch-replaced-by-mp4-20260620-190819,/mnt/spirit-8tb/media-originals/full-batch-replaced-by-mp4-20260620-190819/yes/models/emiliaofficial/Emilia Bunny POV Woman Rubs Clit Receives Cum on Panties Beeg.mkv,Emilia Bunny POV Woman Rubs Clit Receives Cum on Panties Beeg.mkv,.mkv,356646337,340.12 MiB,2026-06-19T01:42:50.494521,2026-06-20T19:46:27.426850,true,"matroska,webm",766.92,hevc,aac,1920,1080
recent-preservation:full-batch-replaced-by-mp4-20260620-190819,/mnt/spirit-8tb/media-originals/full-batch-replaced-by-mp4-20260620-190819/yes/models/emiliaofficial/Emilia Bunny A Playful Evening with a Natural Beauty Who Always.mkv,Emilia Bunny A Playful Evening with a Natural Beauty Who Always.mkv,.mkv,142003662,135.43 MiB,2026-06-19T01:10:32.539781,2026-06-20T19:45:57.964394,true,"matroska,webm",721.066,hevc,aac,1920,1080
recent-preservation:full-batch-replaced-by-mp4-20260620-190819,/mnt/spirit-8tb/media-originals/full-batch-replaced-by-mp4-20260620-190819/yes/models/emiliaofficial/Emilia Bunny 2 Cumshots. Feet Ride. the Wettest Pussy Beeg.mkv,Emilia Bunny 2 Cumshots. Feet Ride. the Wettest Pussy Beeg.mkv,.mkv,138600765,132.18 MiB,2026-06-19T03:33:40.887087,2026-06-20T19:45:47.590232,true,"matroska,webm",778.843,hevc,aac,1920,1080
recent-preservation:full-batch-replaced-by-mp4-20260620-190819,/mnt/spirit-8tb/media-originals/full-batch-replaced-by-mp4-20260620-190819/yes/models/emiliaofficial/Emilla Official Takes Boyfriend Hug dick.mkv,Emilla Official Takes Boyfriend Hug dick.mkv,.mkv,128298963,122.36 MiB,2026-06-18T21:58:56.152091,2026-06-20T19:44:59.890484,true,"matroska,webm",998.36,hevc,aac,1280,720
recent-preservation:full-batch-replaced-by-mp4-20260620-190819,/mnt/spirit-8tb/media-originals/full-batch-replaced-by-mp4-20260620-190819/yes/models/emiliaofficial/Строгая учительница… но после уроков разрешено всё 💦 - EmiliaBunny - Pornhub.com.mkv,Строгая учительница… но после уроков разрешено всё 💦 - EmiliaBunny - Pornhub.com.mkv,.mkv,72551665,69.19 MiB,2026-06-19T04:24:29.227306,2026-06-20T19:44:34.917089,true,"matroska,webm",847.458,hevc,aac,1280,720
recent-preservation:full-batch-replaced-by-mp4-20260620-190819,/mnt/spirit-8tb/media-originals/full-batch-replaced-by-mp4-20260620-190819/yes/models/emiliaofficial/Emilia Bunny Model Encounter Exceeds Expectations Beeg.mkv,Emilia Bunny Model Encounter Exceeds Expectations Beeg.mkv,.mkv,165303265,157.65 MiB,2026-06-18T22:52:48.206517,2026-06-20T19:45:52.668311,true,"matroska,webm",987.152,hevc,aac,1920,1080
recent-preservation:full-batch-replaced-by-mp4-20260620-190819,/mnt/spirit-8tb/media-originals/full-batch-replaced-by-mp4-20260620-190819/yes/models/emiliaofficial/Emilia Bunny Sexy Schoolgirl in Pantyhose Helps with Homework Be.mkv,Emilia Bunny Sexy Schoolgirl in Pantyhose Helps with Homework Be.mkv,.mkv,153235367,146.14 MiB,2026-06-19T02:08:08.341568,2026-06-20T19:44:53.665386,true,"matroska,webm",733.866,hevc,aac,1920,1080
recent-preservation:full-batch-replaced-by-mp4-20260620-190819,/mnt/spirit-8tb/media-originals/full-batch-replaced-by-mp4-20260620-190819/yes/models/katianakayfree/278848_720p.mkv,278848_720p.mkv,.mkv,45784723,43.66 MiB,2026-06-14T00:11:47.661597,2026-06-20T19:40:38.556241,true,"matroska,webm",578.463,hevc,aac,406,720
recent-preservation:full-batch-replaced-by-mp4-20260620-190819,/mnt/spirit-8tb/media-originals/full-batch-replaced-by-mp4-20260620-190819/yes/models/azilia-hadid/@boomboomhub TG (43).mkv,@boomboomhub TG (43).mkv,.mkv,7622327,7.27 MiB,2026-06-13T23:17:20.635526,2026-06-20T19:39:03.544976,true,"matroska,webm",91.75,hevc,aac,720,1280
recent-preservation:full-batch-replaced-by-mp4-20260620-190819,/mnt/spirit-8tb/media-originals/full-batch-replaced-by-mp4-20260620-190819/yes/models/azilia-hadid/@boomboomhub TG (39).mkv,@boomboomhub TG (39).mkv,.mkv,29213967,27.86 MiB,2026-06-13T23:17:06.218327,2026-06-20T19:39:09.125050,true,"matroska,webm",351.635,hevc,aac,1080,1920
recent-preservation:full-batch-replaced-by-mp4-20260620-190819,/mnt/spirit-8tb/media-originals/full-batch-replaced-by-mp4-20260620-190819/yes/models/azilia-hadid/@boomboomhub TG (50).mkv,@boomboomhub TG (50).mkv,.mkv,11416606,10.89 MiB,2026-06-13T23:18:01.490090,2026-06-20T19:39:05.114996,true,"matroska,webm",137.421,hevc,aac,1080,1920
recent-preservation:full-batch-replaced-by-mp4-20260620-190819,/mnt/spirit-8tb/media-originals/full-batch-replaced-by-mp4-20260620-190819/yes/models/jakara-mitchell/Fap__1c31400144c5b4a8cb977202cfb8121c.mkv,Fap__1c31400144c5b4a8cb977202cfb8121c.mkv,.mkv,4977226,4.75 MiB,2026-06-14T00:00:29.785237,2026-06-20T19:54:49.227291,true,"matroska,webm",59.968,hevc,aac,720,1280
recent-preservation:full-batch-replaced-by-mp4-20260620-190819,/mnt/spirit-8tb/media-originals/full-batch-replaced-by-mp4-20260620-190819/yes/models/jakara-mitchell/Jakara Mitchell Glasses Sex Tape Video Leaked - Fapptime.mkv,Jakara Mitchell Glasses Sex Tape Video Leaked - Fapptime.mkv,.mkv,88876390,84.76 MiB,2026-06-14T00:06:05.518199,2026-06-20T19:53:53.309485,true,"matroska,webm",1119.566,hevc,aac,404,720
recent-preservation:full-batch-replaced-by-mp4-20260620-190819,/mnt/spirit-8tb/media-originals/full-batch-replaced-by-mp4-20260620-190819/yes/models/jakara-mitchell/v.mkv,v.mkv,.mkv,42818968,40.84 MiB,2026-06-16T17:27:11.607950,2026-06-20T19:54:08.141699,true,"matroska,webm",541.584,hevc,aac,606,1080
recent-preservation:full-batch-replaced-by-mp4-20260620-190819,/mnt/spirit-8tb/media-originals/full-batch-replaced-by-mp4-20260620-190819/yes/models/jakara-mitchell/Jakara Mitchell Sexy Ass Tease and JOI.mkv,Jakara Mitchell Sexy Ass Tease and JOI.mkv,.mkv,41426629,39.51 MiB,2026-06-16T17:47:30.108738,2026-06-20T19:54:38.319134,true,"matroska,webm",499.273,hevc,aac,400,720
recent-preservation:full-batch-replaced-by-mp4-20260620-190819,/mnt/spirit-8tb/media-originals/full-batch-replaced-by-mp4-20260620-190819/yes/models/jakara-mitchell/v 1.mkv,v 1.mkv,.mkv,38825621,37.03 MiB,2026-06-16T16:59:09.265362,2026-06-20T19:54:16.548820,true,"matroska,webm",490.476,hevc,aac,404,720
recent-preservation:full-batch-replaced-by-mp4-20260620-190819,/mnt/spirit-8tb/media-originals/full-batch-replaced-by-mp4-20260620-190819/yes/models/jakara-mitchell/Fap__5e5eb028f60361971febc5850e5c000c.mkv,Fap__5e5eb028f60361971febc5850e5c000c.mkv,.mkv,70527760,67.26 MiB,2026-06-14T00:03:38.642033,2026-06-20T19:56:14.347510,true,"matroska,webm",686.4,hevc,aac,1920,1080
recent-preservation:full-batch-replaced-by-mp4-20260620-190819,/mnt/spirit-8tb/media-originals/full-batch-replaced-by-mp4-20260620-190819/yes/models/jakara-mitchell/Fap__01cfdec15d25f9cd19397c0709e49162.mkv,Fap__01cfdec15d25f9cd19397c0709e49162.mkv,.mkv,15329216,14.62 MiB,2026-06-14T00:00:03.874853,2026-06-20T19:55:17.692699,true,"matroska,webm",204.003,hevc,aac,1080,1920
recent-preservation:full-batch-replaced-by-mp4-20260620-190819,/mnt/spirit-8tb/media-originals/full-batch-replaced-by-mp4-20260620-190819/yes/models/jakara-mitchell/Karamitch- gym bg.mkv,Karamitch- gym bg.mkv,.mkv,144565524,137.87 MiB,2026-06-16T22:15:06.057185,2026-06-20T19:54:31.483035,true,"matroska,webm",1307.542,hevc,aac,406,720
recent-preservation:full-batch-replaced-by-mp4-20260620-190819,/mnt/spirit-8tb/media-originals/full-batch-replaced-by-mp4-20260620-190819/yes/models/mulai/99022_720p.mkv,99022_720p.mkv,.mkv,33846530,32.28 MiB,2026-06-14T00:23:01.843160,2026-06-20T19:40:33.801178,true,"matroska,webm",430,hevc,aac,442,720
recent-preservation:full-batch-replaced-by-mp4-20260620-190819,/mnt/spirit-8tb/media-originals/full-batch-replaced-by-mp4-20260620-190819/yes/models/zoey-uso/2209.mkv,2209.mkv,.mkv,193422037,184.46 MiB,2026-06-14T00:45:10.895386,2026-06-20T20:00:51.966438,true,"matroska,webm",2452.68,hevc,aac,854,480
recent-preservation:full-batch-replaced-by-mp4-20260620-190819,/mnt/spirit-8tb/media-originals/full-batch-replaced-by-mp4-20260620-190819/yes/models/bearuby/442610_720p.mkv,442610_720p.mkv,.mkv,29881479,28.50 MiB,2026-06-13T23:20:20.037003,2026-06-20T19:38:58.809912,true,"matroska,webm",401.002,hevc,aac,404,720
recent-preservation:full-batch-replaced-by-mp4-20260620-190819,/mnt/spirit-8tb/media-originals/full-batch-replaced-by-mp4-20260620-190819/yes/models/bearuby/398761_720p.mkv,398761_720p.mkv,.mkv,23664878,22.57 MiB,2026-06-13T23:18:38.559602,2026-06-20T19:38:59.649924,true,"matroska,webm",314.914,hevc,aac,406,720
recent-preservation:full-batch-replaced-by-mp4-20260620-190819,/mnt/spirit-8tb/media-originals/full-batch-replaced-by-mp4-20260620-190819/yes/models/bearuby/400317_720p.mkv,400317_720p.mkv,.mkv,35229026,33.60 MiB,2026-06-13T23:19:32.943353,2026-06-20T19:39:00.626937,true,"matroska,webm",468.801,hevc,aac,406,720
recent-preservation:full-batch-replaced-by-mp4-20260620-190819,/mnt/spirit-8tb/media-originals/full-batch-replaced-by-mp4-20260620-190819/yes/models/lustcnotal/455505_720p.mkv,455505_720p.mkv,.mkv,10288062,9.81 MiB,2026-06-14T00:13:47.286999,2026-06-20T19:39:09.592056,true,"matroska,webm",130.023,hevc,aac,406,720
recent-preservation:full-batch-replaced-by-mp4-20260620-190819,/mnt/spirit-8tb/media-originals/full-batch-replaced-by-mp4-20260620-190819/yes/models/jazmen-jafar/449071_720p.mkv,449071_720p.mkv,.mkv,31940737,30.46 MiB,2026-06-14T00:08:07.130656,2026-06-20T19:58:18.865280,true,"matroska,webm",366.248,hevc,aac,406,720
recent-preservation:full-batch-replaced-by-mp4-20260620-190819,/mnt/spirit-8tb/media-originals/full-batch-replaced-by-mp4-20260620-190819/yes/models/jazmen-jafar/✨@ofxmega on [TELEGRAM] (288).mkv,✨@ofxmega on [TELEGRAM] (288).mkv,.mkv,1506193,1.44 MiB,2026-06-16T16:16:37.090947,2026-06-20T19:57:06.554254,true,"matroska,webm",18.135,hevc,aac,694,1232
recent-preservation:full-batch-replaced-by-mp4-20260620-190819,/mnt/spirit-8tb/media-originals/full-batch-replaced-by-mp4-20260620-190819/yes/models/jazmen-jafar/jazmen-jafar-hard-fuck-and-facial.mkv,jazmen-jafar-hard-fuck-and-facial.mkv,.mkv,37905557,36.15 MiB,2026-06-16T17:42:58.311316,2026-06-20T19:57:24.990516,true,"matroska,webm",595.833,hevc,aac,270,480
recent-preservation:full-batch-replaced-by-mp4-20260620-190819,/mnt/spirit-8tb/media-originals/full-batch-replaced-by-mp4-20260620-190819/yes/models/jazmen-jafar/107774.mkv,107774.mkv,.mkv,38935923,37.13 MiB,2026-06-14T00:07:15.754861,2026-06-20T19:57:46.936827,true,"matroska,webm",455.668,hevc,aac,406,720
recent-preservation:full-batch-replaced-by-mp4-20260620-190819,/mnt/spirit-8tb/media-originals/full-batch-replaced-by-mp4-20260620-190819/yes/models/jazmen-jafar/✨@ofxmega on [TELEGRAM] (274).mkv,✨@ofxmega on [TELEGRAM] (274).mkv,.mkv,2029464,1.94 MiB,2026-06-16T16:19:45.264240,2026-06-20T19:57:52.307904,true,"matroska,webm",24.474,hevc,aac,672,1232
recent-preservation:full-batch-replaced-by-mp4-20260620-190819,/mnt/spirit-8tb/media-originals/full-batch-replaced-by-mp4-20260620-190819/yes/models/jazmen-jafar/✨@ofxmega on [TELEGRAM] (278).mkv,✨@ofxmega on [TELEGRAM] (278).mkv,.mkv,1892093,1.80 MiB,2026-06-16T16:18:51.565876,2026-06-20T19:57:21.118461,true,"matroska,webm",22.806,hevc,aac,634,1020
recent-preservation:full-batch-replaced-by-mp4-20260620-190819,/mnt/spirit-8tb/media-originals/full-batch-replaced-by-mp4-20260620-190819/yes/models/jazmen-jafar/83397.mkv,83397.mkv,.mkv,26831543,25.59 MiB,2026-06-14T00:10:43.081493,2026-06-20T19:57:19.165433,true,"matroska,webm",307.618,hevc,aac,406,720
recent-preservation:full-batch-replaced-by-mp4-20260620-190819,/mnt/spirit-8tb/media-originals/full-batch-replaced-by-mp4-20260620-190819/yes/models/jazmen-jafar/484359_720p.mkv,484359_720p.mkv,.mkv,96827122,92.34 MiB,2026-06-14T00:09:54.765476,2026-06-20T19:58:54.296781,true,"matroska,webm",1113.946,hevc,aac,406,720
recent-preservation:full-batch-replaced-by-mp4-20260620-190819,/mnt/spirit-8tb/media-originals/full-batch-replaced-by-mp4-20260620-190819/yes/models/jazmen-jafar/✨@ofxmega on [TELEGRAM] (299).mkv,✨@ofxmega on [TELEGRAM] (299).mkv,.mkv,1283751,1.22 MiB,2026-06-16T16:15:47.163595,2026-06-20T19:57:54.701937,true,"matroska,webm",15.424,hevc,aac,888,1658
recent-preservation:full-batch-replaced-by-mp4-20260620-190819,/mnt/spirit-8tb/media-originals/full-batch-replaced-by-mp4-20260620-190819/yes/models/jazmen-jafar/✨@ofxmega on [TELEGRAM] (295).mkv,✨@ofxmega on [TELEGRAM] (295).mkv,.mkv,1350325,1.29 MiB,2026-06-16T16:16:08.226744,2026-06-20T19:58:57.858831,true,"matroska,webm",16.216,hevc,aac,696,1276
recent-preservation:full-batch-replaced-by-mp4-20260620-190819,/mnt/spirit-8tb/media-originals/full-batch-replaced-by-mp4-20260620-190819/yes/models/jazmen-jafar/✨@ofxmega on [TELEGRAM] (279).mkv,✨@ofxmega on [TELEGRAM] (279).mkv,.mkv,1834473,1.75 MiB,2026-06-16T16:18:16.398636,2026-06-20T19:57:50.094872,true,"matroska,webm",22.139,hevc,aac,672,1232
recent-preservation:full-batch-replaced-by-mp4-20260620-190819,/mnt/spirit-8tb/media-originals/full-batch-replaced-by-mp4-20260620-190819/yes/models/jazmen-jafar/✨@ofxmega on [TELEGRAM] (286).mkv,✨@ofxmega on [TELEGRAM] (286).mkv,.mkv,1530259,1.46 MiB,2026-06-16T16:17:22.172262,2026-06-20T19:58:22.224327,true,"matroska,webm",18.427,hevc,aac,680,1276
recent-preservation:full-batch-replaced-by-mp4-20260620-190819,/mnt/spirit-8tb/media-originals/full-batch-replaced-by-mp4-20260620-190819/yes/models/jazmen-jafar/✨@ofxmega on [TELEGRAM] (276).mkv,✨@ofxmega on [TELEGRAM] (276).mkv,.mkv,2016714,1.92 MiB,2026-06-16T16:19:25.260105,2026-06-20T19:59:02.594898,true,"matroska,webm",24.266,hevc,aac,696,1276
recent-preservation:full-batch-replaced-by-mp4-20260620-190819,/mnt/spirit-8tb/media-originals/full-batch-replaced-by-mp4-20260620-190819/yes/models/brenda-trindade/467345_720p.mkv,467345_720p.mkv,.mkv,25926963,24.73 MiB,2026-06-13T23:21:00.476562,2026-06-20T19:56:24.353653,true,"matroska,webm",345.011,hevc,aac,406,720
recent-preservation:full-batch-replaced-by-mp4-20260620-190819,/mnt/spirit-8tb/media-originals/full-batch-replaced-by-mp4-20260620-190819/yes/models/alannasworldx/256433_720p.mkv,256433_720p.mkv,.mkv,103170392,98.39 MiB,2026-06-13T23:13:58.828739,2026-06-20T19:46:50.960213,true,"matroska,webm",1241.649,hevc,aac,406,720
recent-preservation:full-batch-replaced-by-mp4-20260620-190819,/mnt/spirit-8tb/media-originals/full-batch-replaced-by-mp4-20260620-190819/yes/models/alannasworldx/438588_720p.mkv,438588_720p.mkv,.mkv,37137409,35.42 MiB,2026-06-13T23:14:42.604344,2026-06-20T19:47:03.436405,true,"matroska,webm",452.285,hevc,aac,404,720
recent-preservation:full-batch-replaced-by-mp4-20260620-190819,/mnt/spirit-8tb/media-originals/full-batch-replaced-by-mp4-20260620-190819/yes/models/mackzjones/15517_720p.mkv,15517_720p.mkv,.mkv,17198256,16.40 MiB,2026-06-14T00:14:30.976205,2026-06-20T20:01:53.841306,true,"matroska,webm",242.605,hevc,aac,1280,720
recent-preservation:full-batch-replaced-by-mp4-20260620-190819,/mnt/spirit-8tb/media-originals/full-batch-replaced-by-mp4-20260620-190819/yes/models/sava-schultz/Savaschultz savaschulz savashultz Exclusive Leaked Nude OnlyFans(25).mkv,Savaschultz savaschulz savashultz Exclusive Leaked Nude OnlyFans(25).mkv,.mkv,1696068,1.62 MiB,2026-06-16T16:25:26.066607,2026-06-20T19:53:13.301905,true,"matroska,webm",11.88,hevc,aac,404,720
recent-preservation:full-batch-replaced-by-mp4-20260620-190819,/mnt/spirit-8tb/media-originals/full-batch-replaced-by-mp4-20260620-190819/yes/models/sava-schultz/Savaschultz savaschulz savashultz Exclusive Leaked Nude OnlyFans(22).mkv,Savaschultz savaschulz savashultz Exclusive Leaked Nude OnlyFans(22).mkv,.mkv,960083,937.58 KiB,2026-06-16T16:15:18.848393,2026-06-20T19:53:23.823058,true,"matroska,webm",12.096,hevc,aac,480,848
recent-preservation:full-batch-replaced-by-mp4-20260620-190819,/mnt/spirit-8tb/media-originals/full-batch-replaced-by-mp4-20260620-190819/yes/models/sava-schultz/Sava-Schultz-2.mkv,Sava-Schultz-2.mkv,.mkv,3806239,3.63 MiB,2026-06-14T00:28:15.400411,2026-06-20T19:53:22.497039,true,"matroska,webm",37.056,hevc,aac,720,1280
recent-preservation:full-batch-replaced-by-mp4-20260620-190819,/mnt/spirit-8tb/media-originals/full-batch-replaced-by-mp4-20260620-190819/yes/models/sava-schultz/Savaschultz savaschulz savashultz Exclusive Leaked Nude OnlyFans(19).mkv,Savaschultz savaschulz savashultz Exclusive Leaked Nude OnlyFans(19).mkv,.mkv,3121839,2.98 MiB,2026-06-16T16:23:50.543862,2026-06-20T19:53:13.722912,true,"matroska,webm",29.28,hevc,aac,608,1080
recent-preservation:full-batch-replaced-by-mp4-20260620-190819,/mnt/spirit-8tb/media-originals/full-batch-replaced-by-mp4-20260620-190819/yes/models/sava-schultz/Sava Schultz BDSM doggy fuck so hard.mkv,Sava Schultz BDSM doggy fuck so hard.mkv,.mkv,4554520,4.34 MiB,2026-06-16T16:39:49.218042,2026-06-20T19:52:54.730636,true,"matroska,webm",60.017,hevc,aac,270,480
recent-preservation:full-batch-replaced-by-mp4-20260620-190819,/mnt/spirit-8tb/media-originals/full-batch-replaced-by-mp4-20260620-190819/yes/models/sava-schultz/Savaschultz savaschulz savashultz Exclusive Leaked Nude OnlyFans(24).mkv,Savaschultz savaschulz savashultz Exclusive Leaked Nude OnlyFans(24).mkv,.mkv,3163215,3.02 MiB,2026-06-16T16:25:14.285363,2026-06-20T19:53:24.271065,true,"matroska,webm",21.313,hevc,aac,608,1080
recent-preservation:full-batch-replaced-by-mp4-20260620-190819,/mnt/spirit-8tb/media-originals/full-batch-replaced-by-mp4-20260620-190819/yes/models/sava-schultz/watermark_9744_savaschultz_81845478182.mkv,watermark_9744_savaschultz_81845478182.mkv,.mkv,1720216,1.64 MiB,2026-06-16T16:19:03.576958,2026-06-20T19:53:13.963915,true,"matroska,webm",25.387,hevc,aac,404,720
recent-preservation:full-batch-replaced-by-mp4-20260620-190819,/mnt/spirit-8tb/media-originals/full-batch-replaced-by-mp4-20260620-190819/yes/models/sava-schultz/Savaschultz savaschulz savashultz Exclusive Leaked Nude OnlyFans(18).mkv,Savaschultz savaschulz savashultz Exclusive Leaked Nude OnlyFans(18).mkv,.mkv,3183324,3.04 MiB,2026-06-16T16:36:28.017754,2026-06-20T19:53:18.621983,true,"matroska,webm",31.18,hevc,aac,404,720
recent-preservation:full-batch-replaced-by-mp4-20260620-190819,/mnt/spirit-8tb/media-originals/full-batch-replaced-by-mp4-20260620-190819/yes/models/sava-schultz/(21).mkv,(21).mkv,.mkv,3763821,3.59 MiB,2026-06-14T00:27:07.748679,2026-06-20T19:52:53.508618,true,"matroska,webm",45.287,hevc,aac,720,1280
recent-preservation:full-batch-replaced-by-mp4-20260620-190819,/mnt/spirit-8tb/media-originals/full-batch-replaced-by-mp4-20260620-190819/yes/models/sava-schultz/169902_1080p.mkv,169902_1080p.mkv,.mkv,4624987,4.41 MiB,2026-06-14T00:27:48.066114,2026-06-20T19:53:31.845174,true,"matroska,webm",60.394,hevc,aac,720,1280
recent-preservation:full-batch-replaced-by-mp4-20260620-190819,/mnt/spirit-8tb/media-originals/full-batch-replaced-by-mp4-20260620-190819/yes/models/sava-schultz/Savaschultz savaschulz savashultz Exclusive Leaked Nude OnlyFans(14).mkv,Savaschultz savaschulz savashultz Exclusive Leaked Nude OnlyFans(14).mkv,.mkv,605084,590.90 KiB,2026-06-16T16:15:14.153359,2026-06-20T19:53:17.920973,true,"matroska,webm",4.766,hevc,,720,900
recent-preservation:full-batch-replaced-by-mp4-20260620-190819,/mnt/spirit-8tb/media-originals/full-batch-replaced-by-mp4-20260620-190819/yes/models/sava-schultz/46783.mkv,46783.mkv,.mkv,5208260,4.97 MiB,2026-06-14T00:27:58.192224,2026-06-20T19:53:36.529242,true,"matroska,webm",59.875,hevc,aac,394,720
recent-preservation:full-batch-replaced-by-mp4-20260620-190819,/mnt/spirit-8tb/media-originals/full-batch-replaced-by-mp4-20260620-190819/yes/models/sava-schultz/Savaschultz savaschulz savashultz Exclusive Leaked Nude OnlyFans(15).mkv,Savaschultz savaschulz savashultz Exclusive Leaked Nude OnlyFans(15).mkv,.mkv,3615930,3.45 MiB,2026-06-16T16:24:54.643950,2026-06-20T19:52:42.927464,true,"matroska,webm",33.88,hevc,aac,404,720
recent-preservation:full-batch-replaced-by-mp4-20260620-190819,/mnt/spirit-8tb/media-originals/full-batch-replaced-by-mp4-20260620-190819/yes/models/sava-schultz/(19).mkv,(19).mkv,.mkv,4171818,3.98 MiB,2026-06-14T00:26:58.006575,2026-06-20T19:53:07.536822,true,"matroska,webm",50.208,hevc,aac,720,1062
recent-preservation:full-batch-replaced-by-mp4-20260620-190819,/mnt/spirit-8tb/media-originals/full-batch-replaced-by-mp4-20260620-190819/yes/models/sava-schultz/Savaschultz savaschulz savashultz Exclusive Leaked Nude OnlyFans(21).mkv,Savaschultz savaschulz savashultz Exclusive Leaked Nude OnlyFans(21).mkv,.mkv,7045829,6.72 MiB,2026-06-16T16:30:13.942714,2026-06-20T19:53:12.650896,true,"matroska,webm",29.321,hevc,aac,608,1080
recent-preservation:full-batch-replaced-by-mp4-20260620-190819,/mnt/spirit-8tb/media-originals/full-batch-replaced-by-mp4-20260620-190819/yes/models/sava-schultz/Savaschultz savaschulz savashultz Exclusive Leaked Nude OnlyFans(11).mkv,Savaschultz savaschulz savashultz Exclusive Leaked Nude OnlyFans(11).mkv,.mkv,2975038,2.84 MiB,2026-06-16T16:23:08.879591,2026-06-20T19:53:13.022902,true,"matroska,webm",46.091,hevc,aac,392,720
recent-preservation:full-batch-replaced-by-mp4-20260620-190819,/mnt/spirit-8tb/media-originals/full-batch-replaced-by-mp4-20260620-190819/yes/models/sava-schultz/169901_1080p.mkv,169901_1080p.mkv,.mkv,7312857,6.97 MiB,2026-06-14T00:27:37.747002,2026-06-20T19:53:10.860870,true,"matroska,webm",94.178,hevc,aac,720,1280
recent-preservation:full-batch-replaced-by-mp4-20260620-190819,/mnt/spirit-8tb/media-originals/full-batch-replaced-by-mp4-20260620-190819/yes/models/sava-schultz/Savaschultz savaschulz savashultz Exclusive Leaked Nude OnlyFans(17).mkv,Savaschultz savaschulz savashultz Exclusive Leaked Nude OnlyFans(17).mkv,.mkv,3626870,3.46 MiB,2026-06-15T18:00:25.322842,2026-06-20T19:53:38.017264,true,"matroska,webm",38.64,hevc,aac,404,720
recent-preservation:full-batch-replaced-by-mp4-20260620-190819,/mnt/spirit-8tb/media-originals/full-batch-replaced-by-mp4-20260620-190819/yes/models/sava-schultz/Sava Schultz - Videos - leak stars nackt leaks download leaked(1).mkv,Sava Schultz - Videos - leak stars nackt leaks download leaked(1).mkv,.mkv,2856637,2.72 MiB,2026-06-16T16:22:10.930210,2026-06-20T19:53:23.420052,true,"matroska,webm",22.147,hevc,aac,720,1280
recent-preservation:full-batch-replaced-by-mp4-20260620-190819,/mnt/spirit-8tb/media-originals/full-batch-replaced-by-mp4-20260620-190819/yes/models/sava-schultz/(31).mkv,(31).mkv,.mkv,2609545,2.49 MiB,2026-06-14T00:27:22.828841,2026-06-20T19:53:17.440966,true,"matroska,webm",31.398,hevc,aac,720,1280
recent-preservation:full-batch-replaced-by-mp4-20260620-190819,/mnt/spirit-8tb/media-originals/full-batch-replaced-by-mp4-20260620-190819/yes/models/sava-schultz/Savaschultz savaschulz savashultz Exclusive Leaked Nude OnlyFans(16).mkv,Savaschultz savaschulz savashultz Exclusive Leaked Nude OnlyFans(16).mkv,.mkv,1682727,1.60 MiB,2026-06-16T16:17:41.389395,2026-06-20T19:53:39.308282,true,"matroska,webm",20,hevc,aac,404,720
recent-preservation:full-batch-replaced-by-mp4-20260620-190819,/mnt/spirit-8tb/media-originals/full-batch-replaced-by-mp4-20260620-190819/yes/models/sava-schultz/Savaschultz savaschulz savashultz Exclusive Leaked Nude OnlyFans(23).mkv,Savaschultz savaschulz savashultz Exclusive Leaked Nude OnlyFans(23).mkv,.mkv,850018,830.10 KiB,2026-06-16T16:16:15.666796,2026-06-20T19:53:00.243716,true,"matroska,webm",8.008,hevc,aac,608,1080
recent-preservation:full-batch-replaced-by-mp4-20260620-190819,/mnt/spirit-8tb/media-originals/full-batch-replaced-by-mp4-20260620-190819/yes/models/sava-schultz/Savaschultz savaschulz savashultz Exclusive Leaked Nude OnlyFans(13).mkv,Savaschultz savaschulz savashultz Exclusive Leaked Nude OnlyFans(13).mkv,.mkv,1343236,1.28 MiB,2026-06-15T17:59:40.382165,2026-06-20T19:53:38.842276,true,"matroska,webm",18.88,hevc,aac,404,720
recent-preservation:full-batch-replaced-by-mp4-20260620-190819,/mnt/spirit-8tb/media-originals/full-batch-replaced-by-mp4-20260620-190819/yes/models/sava-schultz/Savaschultz savaschulz savashultz Exclusive Leaked Nude OnlyFans(9).mkv,Savaschultz savaschulz savashultz Exclusive Leaked Nude OnlyFans(9).mkv,.mkv,12023062,11.47 MiB,2026-06-15T18:02:06.429354,2026-06-20T19:53:26.469096,true,"matroska,webm",62.855,hevc,aac,1280,720
recent-preservation:full-batch-replaced-by-mp4-20260620-190819,/mnt/spirit-8tb/media-originals/full-batch-replaced-by-mp4-20260620-190819/yes/models/sava-schultz/Sava Schultz - Videos - leak stars nackt leaks download leaked(3).mkv,Sava Schultz - Videos - leak stars nackt leaks download leaked(3).mkv,.mkv,541228,528.54 KiB,2026-06-16T16:15:10.407332,2026-06-20T19:53:38.325268,true,"matroska,webm",4.046,hevc,aac,720,1280
recent-preservation:full-batch-replaced-by-mp4-20260620-190819,/mnt/spirit-8tb/media-originals/full-batch-replaced-by-mp4-20260620-190819/yes/models/sava-schultz/(116).mkv,(116).mkv,.mkv,1972188,1.88 MiB,2026-06-13T22:13:32.039137,2026-06-20T19:52:59.978712,true,"matroska,webm",23.765,hevc,aac,720,1280
recent-preservation:full-batch-replaced-by-mp4-20260620-190819,/mnt/spirit-8tb/media-originals/full-batch-replaced-by-mp4-20260620-190819/yes/models/sava-schultz/Savaschultz savaschulz savashultz Exclusive Leaked Nude OnlyFans(12).mkv,Savaschultz savaschulz savashultz Exclusive Leaked Nude OnlyFans(12).mkv,.mkv,1310612,1.25 MiB,2026-06-16T16:17:30.655320,2026-06-20T19:53:22.774043,true,"matroska,webm",14.974,hevc,aac,608,1080
recent-preservation:full-batch-replaced-by-mp4-20260620-190819,/mnt/spirit-8tb/media-originals/full-batch-replaced-by-mp4-20260620-190819/yes/models/sava-schultz/Sava Schultz grinding BBC so lewd leak.mkv,Sava Schultz grinding BBC so lewd leak.mkv,.mkv,4720297,4.50 MiB,2026-06-16T16:36:01.714437,2026-06-20T19:53:11.877885,true,"matroska,webm",58.1,hevc,aac,254,480
recent-preservation:full-batch-replaced-by-mp4-20260620-190819,/mnt/spirit-8tb/media-originals/full-batch-replaced-by-mp4-20260620-190819/yes/models/sava-schultz/Savaschultz savaschulz savashultz Exclusive Leaked Nude OnlyFans(1).mkv,Savaschultz savaschulz savashultz Exclusive Leaked Nude OnlyFans(1).mkv,.mkv,1599631,1.53 MiB,2026-06-16T16:17:54.096483,2026-06-20T19:53:23.031047,true,"matroska,webm",20.48,hevc,aac,404,720
recent-preservation:full-batch-replaced-by-mp4-20260620-190819,/mnt/spirit-8tb/media-originals/full-batch-replaced-by-mp4-20260620-190819/yes/models/sava-schultz/Savaschultz savaschulz savashultz Exclusive Leaked Nude OnlyFans(20).mkv,Savaschultz savaschulz savashultz Exclusive Leaked Nude OnlyFans(20).mkv,.mkv,5150481,4.91 MiB,2026-06-16T16:27:40.375172,2026-06-20T19:52:40.420428,true,"matroska,webm",26.61,hevc,aac,608,1080
recent-preservation:full-batch-replaced-by-mp4-20260620-190819,/mnt/spirit-8tb/media-originals/full-batch-replaced-by-mp4-20260620-190819/yes/models/sienna-ababi/Visit onlyshare.io for MORE (1).mkv,Visit onlyshare.io for MORE (1).mkv,.mkv,5734515,5.47 MiB,2026-06-14T00:36:25.676026,2026-06-20T19:40:22.932033,true,"matroska,webm",69.102,hevc,aac,1920,1080
recent-preservation:full-batch-replaced-by-mp4-20260620-190819,/mnt/spirit-8tb/media-originals/full-batch-replaced-by-mp4-20260620-190819/yes/models/sienna-ababi/Visit onlyshare.io for MORE (28).mkv,Visit onlyshare.io for MORE (28).mkv,.mkv,2010044,1.92 MiB,2026-06-14T00:36:31.116091,2026-06-20T19:40:32.273158,true,"matroska,webm",24.224,hevc,aac,672,1232
recent-preservation:full-batch-replaced-by-mp4-20260620-190819,/mnt/spirit-8tb/media-originals/full-batch-replaced-by-mp4-20260620-190819/yes/models/sienna-ababi/@DailyLeaksMain_5a6152622c58eb1a882b28ad94a5b92dbafc2eaa155bb35c1ce00b835156eba3.mkv,@DailyLeaksMain_5a6152622c58eb1a882b28ad94a5b92dbafc2eaa155bb35c1ce00b835156eba3.mkv,.mkv,7784038,7.42 MiB,2026-06-14T00:36:08.044818,2026-06-20T19:40:01.751751,true,"matroska,webm",93.71,hevc,aac,1080,1920
recent-preservation:full-batch-replaced-by-mp4-20260620-190819,/mnt/spirit-8tb/media-originals/full-batch-replaced-by-mp4-20260620-190819/yes/models/sienna-ababi/Visit onlyshare.io for MORE (7).mkv,Visit onlyshare.io for MORE (7).mkv,.mkv,1355480,1.29 MiB,2026-06-14T00:36:49.225305,2026-06-20T19:40:05.250798,true,"matroska,webm",16.341,hevc,aac,1280,720
recent-preservation:full-batch-replaced-by-mp4-20260620-190819,/mnt/spirit-8tb/media-originals/full-batch-replaced-by-mp4-20260620-190819/yes/models/sienna-ababi/Visit onlyshare.io for MORE (5).mkv,Visit onlyshare.io for MORE (5).mkv,.mkv,7102078,6.77 MiB,2026-06-14T00:36:44.623251,2026-06-20T19:40:31.755151,true,"matroska,webm",85.494,hevc,aac,1280,720
recent-preservation:full-batch-replaced-by-mp4-20260620-190819,/mnt/spirit-8tb/media-originals/full-batch-replaced-by-mp4-20260620-190819/yes/models/yummy-couple/Ayucpl.mkv,Ayucpl.mkv,.mkv,53914063,51.42 MiB,2026-06-14T00:41:12.113486,2026-06-20T20:00:40.031271,true,"matroska,webm",648.973,hevc,aac,1920,1080
recent-preservation:full-batch-replaced-by-mp4-20260620-190819,/mnt/spirit-8tb/media-originals/full-batch-replaced-by-mp4-20260620-190819/yes/models/sendnudes/169870_1080p.mkv,169870_1080p.mkv,.mkv,22022253,21.00 MiB,2026-06-14T00:29:34.444284,2026-06-20T19:57:05.078233,true,"matroska,webm",279.071,hevc,aac,1080,1920
recent-preservation:full-batch-replaced-by-mp4-20260620-190819,/mnt/spirit-8tb/media-originals/full-batch-replaced-by-mp4-20260620-190819/yes/models/izzy-green/Izzy Green Finger And Dildo Fuck Pussy Squirt Everywhere For Her.mkv,Izzy Green Finger And Dildo Fuck Pussy Squirt Everywhere For Her.mkv,.mkv,48817923,46.56 MiB,2026-06-16T17:50:12.059194,2026-06-20T19:40:46.582348,true,"matroska,webm",501.32,hevc,aac,470,836
recent-preservation:full-batch-replaced-by-mp4-20260620-190819,/mnt/spirit-8tb/media-originals/full-batch-replaced-by-mp4-20260620-190819/yes/models/izzy-green/Izzy Green Squirt Compilation Leaked Sextape.mkv,Izzy Green Squirt Compilation Leaked Sextape.mkv,.mkv,222124580,211.83 MiB,2026-06-16T23:44:25.841505,2026-06-20T19:41:11.297756,true,"matroska,webm",1194.96,hevc,aac,1920,1080
recent-preservation:full-batch-replaced-by-mp4-20260620-190819,/mnt/spirit-8tb/media-originals/full-batch-replaced-by-mp4-20260620-190819/yes/models/izzy-green/Join ✨@ofxmega on [TELEGRAM] (283).mkv,Join ✨@ofxmega on [TELEGRAM] (283).mkv,.mkv,4377566,4.17 MiB,2026-06-13T23:58:35.988546,2026-06-20T19:41:12.119770,true,"matroska,webm",52.533,hevc,aac,1232,656
recent-preservation:full-batch-replaced-by-mp4-20260620-190819,/mnt/spirit-8tb/media-originals/full-batch-replaced-by-mp4-20260620-190819/yes/models/izzy-green/ScreenRecording_05-20-2026 23-16-39_1.mkv,ScreenRecording_05-20-2026 23-16-39_1.mkv,.mkv,2252236,2.15 MiB,2026-06-13T23:58:52.551793,2026-06-20T19:40:45.499334,true,"matroska,webm",29.693,hevc,aac,884,1920
recent-preservation:full-batch-replaced-by-mp4-20260620-190819,/mnt/spirit-8tb/media-originals/full-batch-replaced-by-mp4-20260620-190819/yes/models/izzy-green/Izzy Green Suck Till Mouth Got Filled With Cum Then Bounce On Th.mkv,Izzy Green Suck Till Mouth Got Filled With Cum Then Bounce On Th.mkv,.mkv,343638014,327.72 MiB,2026-06-17T03:58:42.341851,2026-06-20T19:41:05.126651,true,"matroska,webm",1148.614,hevc,aac,1920,1080
recent-preservation:full-batch-replaced-by-mp4-20260620-190819,/mnt/spirit-8tb/media-originals/full-batch-replaced-by-mp4-20260620-190819/yes/models/izzy-green/Join ✨@ofxmega on [TELEGRAM] (218).mkv,Join ✨@ofxmega on [TELEGRAM] (218).mkv,.mkv,5854757,5.58 MiB,2026-06-13T23:58:17.210267,2026-06-20T19:41:06.506675,true,"matroska,webm",70.479,hevc,aac,1080,1920
recent-preservation:full-batch-replaced-by-mp4-20260620-190819,/mnt/spirit-8tb/media-originals/full-batch-replaced-by-mp4-20260620-190819/yes/models/chloe-lamb/JoinUs @RisqueMega 61.mkv,JoinUs @RisqueMega 61.mkv,.mkv,61030387,58.20 MiB,2026-06-13T23:30:20.807298,2026-06-20T20:01:24.192891,true,"matroska,webm",734.642,hevc,aac,1920,1080
recent-preservation:full-batch-replaced-by-mp4-20260620-190819,/mnt/spirit-8tb/media-originals/full-batch-replaced-by-mp4-20260620-190819/yes/models/chloe-lamb/JoinUs @RisqueMega 25.mkv,JoinUs @RisqueMega 25.mkv,.mkv,85129070,81.19 MiB,2026-06-13T23:27:22.538837,2026-06-20T20:01:51.267270,true,"matroska,webm",1024.682,hevc,aac,1080,1920
recent-preservation:full-batch-replaced-by-mp4-20260620-190819,/mnt/spirit-8tb/media-originals/full-batch-replaced-by-mp4-20260620-190819/yes/models/chloe-lamb/vid_480p.mkv,vid_480p.mkv,.mkv,41707753,39.78 MiB,2026-06-16T17:13:19.798932,2026-06-20T20:01:25.423908,true,"matroska,webm",544.09,hevc,aac,852,480
recent-preservation:full-batch-replaced-by-mp4-20260620-190819,/mnt/spirit-8tb/media-originals/full-batch-replaced-by-mp4-20260620-190819/yes/models/chloe-lamb/v 5.mkv,v 5.mkv,.mkv,76572292,73.03 MiB,2026-06-16T19:39:32.186089,2026-06-20T20:01:11.739716,true,"matroska,webm",968.261,hevc,aac,1080,1080
recent-preservation:full-batch-replaced-by-mp4-20260620-190819,/mnt/spirit-8tb/media-originals/full-batch-replaced-by-mp4-20260620-190819/yes/models/chloe-lamb/442642_720p.mkv,442642_720p.mkv,.mkv,65720913,62.68 MiB,2026-06-13T23:22:20.750670,2026-06-20T20:01:13.167736,true,"matroska,webm",881.339,hevc,aac,404,720
recent-preservation:full-batch-replaced-by-mp4-20260620-190819,/mnt/spirit-8tb/media-originals/full-batch-replaced-by-mp4-20260620-190819/yes/models/gem-the-jewels/487723_720p.mkv,487723_720p.mkv,.mkv,129860596,123.84 MiB,2026-06-13T23:48:01.722945,2026-06-20T19:44:23.629909,true,"matroska,webm",1355.067,hevc,aac,406,720
recent-preservation:full-batch-replaced-by-mp4-20260620-190819,/mnt/spirit-8tb/media-originals/full-batch-replaced-by-mp4-20260620-190819/yes/models/gem-the-jewels/548555_720p.mkv,548555_720p.mkv,.mkv,55834062,53.25 MiB,2026-06-13T23:51:03.773744,2026-06-20T19:44:15.236775,true,"matroska,webm",785.181,hevc,aac,1280,720
recent-preservation:full-batch-replaced-by-mp4-20260620-190819,/mnt/spirit-8tb/media-originals/full-batch-replaced-by-mp4-20260620-190819/yes/models/kinkykttn/444464.mkv,444464.mkv,.mkv,4914116,4.69 MiB,2026-06-14T00:12:23.558690,2026-06-20T20:00:52.267442,true,"matroska,webm",62.21,hevc,aac,296,480
recent-preservation:full-batch-replaced-by-mp4-20260620-190819,/mnt/spirit-8tb/media-originals/full-batch-replaced-by-mp4-20260620-190819/yes/models/kinkykttn/OF4LM.COM is our home__282.mkv,OF4LM.COM is our home__282.mkv,.mkv,10620971,10.13 MiB,2026-06-14T00:12:51.202779,2026-06-20T20:00:57.389514,true,"matroska,webm",127.786,hevc,aac,1280,720
recent-preservation:full-batch-replaced-by-mp4-20260620-190819,/mnt/spirit-8tb/media-originals/full-batch-replaced-by-mp4-20260620-190819/yes/models/kinkykttn/OF4LM.COM is our home__297.mkv,OF4LM.COM is our home__297.mkv,.mkv,3216007,3.07 MiB,2026-06-14T00:13:02.230818,2026-06-20T20:00:56.173497,true,"matroska,webm",38.593,hevc,aac,990,588
recent-preservation:full-batch-replaced-by-mp4-20260620-190819,/mnt/spirit-8tb/media-originals/full-batch-replaced-by-mp4-20260620-190819/yes/models/kinkykttn/444474.mkv,444474.mkv,.mkv,4736882,4.52 MiB,2026-06-14T00:12:32.130716,2026-06-20T20:00:55.152483,true,"matroska,webm",59.833,hevc,aac,854,480
recent-preservation:full-batch-replaced-by-mp4-20260620-190819,/mnt/spirit-8tb/media-originals/full-batch-replaced-by-mp4-20260620-190819/yes/models/maditay/207601_720p.mkv,207601_720p.mkv,.mkv,87501095,83.45 MiB,2026-06-14T00:17:35.408351,2026-06-20T19:46:42.033076,true,"matroska,webm",1045.311,hevc,aac,1280,720
recent-preservation:full-batch-replaced-by-mp4-20260620-190819,/mnt/spirit-8tb/media-originals/full-batch-replaced-by-mp4-20260620-190819/yes/mi-mpyvel2x-929d9042/spiritos-convert-test-375m.mkv,spiritos-convert-test-375m.mkv,.mkv,118884148,113.38 MiB,2026-06-17T01:34:38.754925,2026-06-20T19:38:26.317480,true,"matroska,webm",594.484,hevc,aac,1920,1080
recent-preservation:clean-yes-non-mp4-and-dupes-20260620-200937,/mnt/spirit-8tb/media-originals/clean-yes-non-mp4-and-dupes-20260620-200937/yes/spiritos-real-convert-test-1780539918-1-1-1-1-1.mp4,spiritos-real-convert-test-1780539918-1-1-1-1-1.mp4,.mp4,392858929,374.66 MiB,2026-06-17T01:54:55.091284,2026-06-20T20:10:09.806204,true,"mov,mp4,m4a,3gp,3g2,mj2",594.45,h264,aac,1920,1080
recent-preservation:clean-yes-non-mp4-and-dupes-20260620-200937,/mnt/spirit-8tb/media-originals/clean-yes-non-mp4-and-dupes-20260620-200937/yes/spiritos-test-video.mp4,spiritos-test-video.mp4,.mp4,146843,143.40 KiB,2026-06-16T16:15:04.545290,2026-06-20T20:10:07.941179,true,"mov,mp4,m4a,3gp,3g2,mj2",10,h264,aac,640,360
recent-preservation:clean-yes-non-mp4-and-dupes-20260620-200937,/mnt/spirit-8tb/media-originals/clean-yes-non-mp4-and-dupes-20260620-200937/yes/video-2026-06-19T09-46-04.726Z.mkv,video-2026-06-19T09-46-04.726Z.mkv,.mkv,24592793,23.45 MiB,2026-06-20T20:09:29.377645,2026-06-20T20:10:07.912178,true,"matroska,webm",283.1,hevc,aac,408,720
recent-preservation:clean-yes-non-mp4-and-dupes-20260620-200937,/mnt/spirit-8tb/media-originals/clean-yes-non-mp4-and-dupes-20260620-200937/yes/mi-mpyvhwjc-7a5e787a/spiritos-convert-test-375m-rerun.mp4,spiritos-convert-test-375m-rerun.mp4,.mp4,392858929,374.66 MiB,2026-06-17T01:34:43.096039,2026-06-20T20:10:08.171182,true,"mov,mp4,m4a,3gp,3g2,mj2",594.45,h264,aac,1920,1080
recent-preservation:clean-yes-non-mp4-and-dupes-20260620-200937,/mnt/spirit-8tb/media-originals/clean-yes-non-mp4-and-dupes-20260620-200937/yes/models/aaliyah-yasan/Aaliyah Yasin Has Unprotected Sex With A Stranger.mp4,Aaliyah Yasin Has Unprotected Sex With A Stranger.mp4,.mp4,519857218,495.77 MiB,2026-06-15T18:37:11.951845,2026-06-20T20:10:10.159209,true,"mov,mp4,m4a,3gp,3g2,mj2",1959.811451,h264,aac,1280,720
recent-preservation:clean-yes-non-mp4-and-dupes-20260620-200937,/mnt/spirit-8tb/media-originals/clean-yes-non-mp4-and-dupes-20260620-200937/yes/models/emiliaofficial/Emilla Official Takes Boyfriend Hug dick.mp4,Emilla Official Takes Boyfriend Hug dick.mp4,.mp4,300824609,286.89 MiB,2026-06-15T20:45:45.877903,2026-06-20T20:10:11.775232,true,"mov,mp4,m4a,3gp,3g2,mj2",998.361977,h264,aac,1280,720
recent-preservation:clean-yes-non-mp4-and-dupes-20260620-200937,/mnt/spirit-8tb/media-originals/clean-yes-non-mp4-and-dupes-20260620-200937/yes/models/sava-schultz/Sava schultz savaschultz 1 nectgbustytiktokteenpussybig boobshot.mp4,Sava schultz savaschultz 1 nectgbustytiktokteenpussybig boobshot.mp4,.mp4,2855173,2.72 MiB,2026-06-16T16:21:09.462803,2026-06-20T20:10:11.827232,true,"mov,mp4,m4a,3gp,3g2,mj2",32.415057,h264,aac,358,640
windows-backup,D:\tempVidStorage\Aaliyah Yasin Has Unprotected Sex With A Stranger.mp4,Aaliyah Yasin Has Unprotected Sex With A Stranger.mp4,.mp4,519857218,495.77 MiB,2026-06-14T01:13:57.555Z,2026-06-16T19:32:40.704Z,,,,,,,
windows-backup,D:\tempVidStorage\Aaliyah Yasin Sucks Dick And Gets Creampied UsualFans.mp4,Aaliyah Yasin Sucks Dick And Gets Creampied UsualFans.mp4,.mp4,297393206,283.62 MiB,2026-06-19T08:49:03.954Z,2026-06-19T08:50:23.322Z,,,,,,,
windows-backup,D:\tempVidStorage\Aaliyah Yasin Tits Cummed After BJ Onlyfans UsualFans.mp4,Aaliyah Yasin Tits Cummed After BJ Onlyfans UsualFans.mp4,.mp4,116748419,111.34 MiB,2026-06-19T08:47:00.551Z,2026-06-19T08:50:23.013Z,,,,,,,
windows-backup,D:\tempVidStorage\Alexa Pearl Jerks Off A Guys Cock With Her Juicy Tits.mp4,Alexa Pearl Jerks Off A Guys Cock With Her Juicy Tits.mp4,.mp4,131828948,125.72 MiB,2026-06-17T01:12:47.104Z,2026-06-17T01:47:49.844Z,,,,,,,
windows-backup,D:\tempVidStorage\Alexa Pearl Mommys Full Of Milk Onlyfans Leak Video.mp4,Alexa Pearl Mommys Full Of Milk Onlyfans Leak Video.mp4,.mp4,38551259,36.77 MiB,2026-06-17T01:07:00.825Z,2026-06-17T01:12:28.992Z,,,,,,,
windows-backup,D:\tempVidStorage\Allinika Girl in Leggings Selects Her Ideal Match Beeg.mp4,Allinika Girl in Leggings Selects Her Ideal Match Beeg.mp4,.mp4,778372093,742.31 MiB,2026-06-16T01:19:45.393Z,2026-06-16T19:27:44.355Z,,,,,,,
windows-backup,D:\tempVidStorage\Allinika the Girl Knows how to Distract from the Game. Beeg.mp4,Allinika the Girl Knows how to Distract from the Game. Beeg.mp4,.mp4,405979748,387.17 MiB,2026-06-16T01:22:40.154Z,2026-06-16T19:27:33.206Z,,,,,,,
windows-backup,D:\tempVidStorage\Allison Parker BBC NEW SEXTAPE ONLYFANS.mp4,Allison Parker BBC NEW SEXTAPE ONLYFANS.mp4,.mp4,198228160,189.05 MiB,2026-06-15T23:48:48.571Z,2026-06-16T19:27:02.806Z,,,,,,,
windows-backup,D:\tempVidStorage\Allison Parker Twerks And Masturbates.mp4,Allison Parker Twerks And Masturbates.mp4,.mp4,63733899,60.78 MiB,2026-06-17T01:16:56.965Z,2026-06-17T01:46:56.715Z,,,,,,,
windows-backup,D:\tempVidStorage\Amburnee ambernyy Exclusive Leaked Nude OnlyFans 10859483.mp4,Amburnee ambernyy Exclusive Leaked Nude OnlyFans 10859483.mp4,.mp4,2057025,1.96 MiB,2026-06-16T01:31:26.636Z,2026-06-16T19:27:09.162Z,,,,,,,
windows-backup,D:\tempVidStorage\Amburnee ambernyy Exclusive Leaked Nude OnlyFans 11093916.mov,Amburnee ambernyy Exclusive Leaked Nude OnlyFans 11093916.mov,.mov,2851766,2.72 MiB,2026-06-16T01:30:12.469Z,2026-06-16T19:27:09.265Z,,,,,,,
windows-backup,D:\tempVidStorage\Amburnee ambernyy Exclusive Leaked Nude OnlyFans 12558863.mp4,Amburnee ambernyy Exclusive Leaked Nude OnlyFans 12558863.mp4,.mp4,4977619,4.75 MiB,2026-06-16T01:29:54.803Z,2026-06-16T19:27:09.285Z,,,,,,,
windows-backup,D:\tempVidStorage\Amburnee ambernyy Exclusive Leaked Nude OnlyFans 12726049.mp4,Amburnee ambernyy Exclusive Leaked Nude OnlyFans 12726049.mp4,.mp4,3041588,2.90 MiB,2026-06-16T01:29:38.018Z,2026-06-16T19:27:21.311Z,,,,,,,
windows-backup,D:\tempVidStorage\Amburnee ambernyy Exclusive Leaked Nude OnlyFans 12801090.mov,Amburnee ambernyy Exclusive Leaked Nude OnlyFans 12801090.mov,.mov,1955696,1.87 MiB,2026-06-16T01:29:23.159Z,2026-06-16T19:27:21.417Z,,,,,,,
windows-backup,D:\tempVidStorage\Amburnee.mp4,Amburnee.mp4,.mp4,14808250,14.12 MiB,2026-06-15T23:42:09.786Z,2026-06-16T19:27:08.077Z,,,,,,,
windows-backup,D:\tempVidStorage\Bonnie Blue Picked Up And Fucked In Self Driving Tesla - Luke Co.mp4,Bonnie Blue Picked Up And Fucked In Self Driving Tesla - Luke Co.mp4,.mp4,665856757,635.01 MiB,2026-06-16T02:53:21.512Z,2026-06-16T19:23:19.641Z,,,,,,,
windows-backup,D:\tempVidStorage\Bonnie Blue Sucks And Fucks Her Driver.mp4,Bonnie Blue Sucks And Fucks Her Driver.mp4,.mp4,1016587629,969.49 MiB,2026-06-17T01:56:46.136Z,2026-06-17T02:23:25.240Z,,,,,,,
windows-backup,D:\tempVidStorage\Brenda Trindade gets a messy facial in POV outdoor action.mp4,Brenda Trindade gets a messy facial in POV outdoor action.mp4,.mp4,29644204,28.27 MiB,2026-06-17T02:06:19.034Z,2026-06-17T02:23:24.025Z,,,,,,,
windows-backup,D:\tempVidStorage\Brenda Trindades Perfect Ass Gets Pounded Hard And Creampied POV.mp4,Brenda Trindades Perfect Ass Gets Pounded Hard And Creampied POV.mp4,.mp4,50332364,48.00 MiB,2026-06-17T02:07:16.664Z,2026-06-17T02:23:23.256Z,,,,,,,
windows-backup,D:\tempVidStorage\Candy Love Begs for Mercy - Intense 2 Squirts - Multiple Orgasms.mp4,Candy Love Begs for Mercy - Intense 2 Squirts - Multiple Orgasms.mp4,.mp4,367868219,350.83 MiB,2026-06-16T23:27:42.640Z,2026-06-17T02:36:49.047Z,,,,,,,
windows-backup,D:\tempVidStorage\Candy Love Good Boy Gets Good Head then Good Sex Beeg.mp4,Candy Love Good Boy Gets Good Head then Good Sex Beeg.mp4,.mp4,485603930,463.11 MiB,2026-06-16T23:31:36.784Z,2026-06-17T02:35:59.687Z,,,,,,,
windows-backup,D:\tempVidStorage\Candy Love Gooner Princess Edging until Cum Bomb Explodes Ahegao.mp4,Candy Love Gooner Princess Edging until Cum Bomb Explodes Ahegao.mp4,.mp4,477003338,454.91 MiB,2026-06-16T23:30:03.108Z,2026-06-17T02:36:48.857Z,,,,,,,
windows-backup,D:\tempVidStorage\Candy Love Her Doll-like Body Begs to Be Used Beeg.mp4,Candy Love Her Doll-like Body Begs to Be Used Beeg.mp4,.mp4,483116453,460.74 MiB,2026-06-16T23:30:12.859Z,2026-06-17T02:36:52.856Z,,,,,,,
windows-backup,D:\tempVidStorage\Candy Love how to Make Your Bf Cum Twice He Cant Resist My Tits.mp4,Candy Love how to Make Your Bf Cum Twice He Cant Resist My Tits.mp4,.mp4,724980533,691.40 MiB,2026-06-16T23:35:09.093Z,2026-06-17T02:36:04.842Z,,,,,,,
windows-backup,D:\tempVidStorage\Candy Love I Want My Pussy Full of Cum Remove Condom no Birth Co.mp4,Candy Love I Want My Pussy Full of Cum Remove Condom no Birth Co.mp4,.mp4,410178951,391.18 MiB,2026-06-16T23:25:13.888Z,2026-06-17T02:38:47.577Z,,,,,,,
windows-backup,D:\tempVidStorage\Candy Love ive Oiled Myself Up for Your Cock so now U Gonna Fill.mp4,Candy Love ive Oiled Myself Up for Your Cock so now U Gonna Fill.mp4,.mp4,507640304,484.12 MiB,2026-06-16T23:26:30.125Z,2026-06-17T02:38:13.982Z,,,,,,,
windows-backup,D:\tempVidStorage\Candy Love Nut on Me and then Lets Fuck Beeg(1).mp4,Candy Love Nut on Me and then Lets Fuck Beeg(1).mp4,.mp4,462424722,441.00 MiB,2026-06-16T23:32:36.970Z,2026-06-17T02:35:59.502Z,,,,,,,
windows-backup,D:\tempVidStorage\Candy Love Nut on Me and then Lets Fuck Beeg.mp4,Candy Love Nut on Me and then Lets Fuck Beeg.mp4,.mp4,914697,893.26 KiB,2026-06-16T23:30:09.762Z,2026-06-17T02:36:48.832Z,,,,,,,
windows-backup,D:\tempVidStorage\Candy Love Passionate Lovemaking before Work. Beeg.mp4,Candy Love Passionate Lovemaking before Work. Beeg.mp4,.mp4,420480368,401.00 MiB,2026-06-16T23:27:08.224Z,2026-06-17T02:38:51.089Z,,,,,,,
windows-backup,D:\tempVidStorage\Candy Love Youve Made Me Mad Fuck Me to Apologize Beeg.mp4,Candy Love Youve Made Me Mad Fuck Me to Apologize Beeg.mp4,.mp4,358064208,341.48 MiB,2026-06-16T23:24:09.322Z,2026-06-17T02:38:47.671Z,,,,,,,
windows-backup,D:\tempVidStorage\CeCe Rose Leaked Video Teasing Her Dirty Nude OF Secret.mp4,CeCe Rose Leaked Video Teasing Her Dirty Nude OF Secret.mp4,.mp4,6811169,6.50 MiB,2026-06-15T03:47:24.002Z,2026-06-16T19:28:05.471Z,,,,,,,
windows-backup,D:\tempVidStorage\Cece Rose Practices BJ Skills With A Dildo.mp4,Cece Rose Practices BJ Skills With A Dildo.mp4,.mp4,35573585,33.93 MiB,2026-06-17T01:55:28.962Z,2026-06-17T02:24:31.471Z,,,,,,,
windows-backup,D:\tempVidStorage\Cecilia Rose 89 Fuck Me Hard Please PPV Video Leaked.mp4,Cecilia Rose 89 Fuck Me Hard Please PPV Video Leaked.mp4,.mp4,68289856,65.13 MiB,2026-06-15T03:48:17.139Z,2026-06-16T19:28:05.574Z,,,,,,,
windows-backup,D:\tempVidStorage\Comatozze Girl Seduces Serviceman in Hotel No Chance Big Ass Tit.mp4,Comatozze Girl Seduces Serviceman in Hotel No Chance Big Ass Tit.mp4,.mp4,390344532,372.26 MiB,2026-06-16T01:28:05.149Z,2026-06-16T19:27:21.424Z,,,,,,,
windows-backup,D:\tempVidStorage\Comatozze new sex on the first date.mp4,Comatozze new sex on the first date.mp4,.mp4,760715142,725.47 MiB,2026-06-14T16:53:18.341Z,2026-06-16T19:33:09.310Z,,,,,,,
windows-backup,D:\tempVidStorage\Comatozze Sensual Encounter in Elegant Stockings Beeg.mp4,Comatozze Sensual Encounter in Elegant Stockings Beeg.mp4,.mp4,755961877,720.94 MiB,2026-06-16T20:12:04.533Z,2026-06-16T19:27:25.567Z,,,,,,,
windows-backup,D:\tempVidStorage\Crazy Hot Canadian Chick Urfavbellabby Banged Deep.mp4,Crazy Hot Canadian Chick Urfavbellabby Banged Deep.mp4,.mp4,21002722,20.03 MiB,2026-06-17T00:27:21.145Z,2026-06-17T02:25:03.518Z,,,,,,,
windows-backup,D:\tempVidStorage\Cutie Alexa Pearl Takes Hot Facial Outside.mp4,Cutie Alexa Pearl Takes Hot Facial Outside.mp4,.mp4,92287161,88.01 MiB,2026-06-17T01:09:02.116Z,2026-06-17T01:12:29.249Z,,,,,,,
windows-backup,D:\tempVidStorage\Dana DeArmond Stars in Steamy Tesla Fuck Video.mp4,Dana DeArmond Stars in Steamy Tesla Fuck Video.mp4,.mp4,392903290,374.70 MiB,2026-06-16T01:10:52.424Z,2026-06-16T19:26:57.276Z,,,,,,,
windows-backup,D:\tempVidStorage\Dana DeArmonds hot mom is a pro at giving head and fucking like.mp4,Dana DeArmonds hot mom is a pro at giving head and fucking like.mp4,.mp4,153574987,146.46 MiB,2026-06-17T02:02:12.659Z,2026-06-17T02:23:24.289Z,,,,,,,
windows-backup,D:\tempVidStorage\Devdildo01.mp4.mp4,Devdildo01.mp4.mp4,.mp4,68855801,65.67 MiB,2026-06-15T02:14:01.275Z,2026-06-16T19:32:46.582Z,,,,,,,
windows-backup,D:\tempVidStorage\Devdildo02.mp4.mp4,Devdildo02.mp4.mp4,.mp4,57023429,54.38 MiB,2026-06-15T02:10:55.188Z,2026-06-16T19:32:47.175Z,,,,,,,
windows-backup,D:\tempVidStorage\Devorah - boobs.mp4.mp4,Devorah - boobs.mp4.mp4,.mp4,21782635,20.77 MiB,2026-06-15T02:13:25.653Z,2026-06-16T19:32:46.833Z,,,,,,,
windows-backup,D:\tempVidStorage\Devorah rollof dildo 1.mp4,Devorah rollof dildo 1.mp4,.mp4,11423233,10.89 MiB,2026-06-15T01:50:28.425Z,2026-06-16T19:32:52.263Z,,,,,,,
windows-backup,D:\tempVidStorage\Devorah rollof Onlyfans Video.mp4,Devorah rollof Onlyfans Video.mp4,.mp4,28702492,27.37 MiB,2026-06-15T02:04:51.781Z,2026-06-16T19:32:47.495Z,,,,,,,
windows-backup,D:\tempVidStorage\Devorah Roloff Car Flashing Full Nude PPV.mp4,Devorah Roloff Car Flashing Full Nude PPV.mp4,.mp4,104687855,99.84 MiB,2026-06-15T01:52:41.674Z,2026-06-16T19:32:51.766Z,,,,,,,
windows-backup,D:\tempVidStorage\Devorah Roloff Flaunts And Massages Her Tits Devorah Roloff Only.mp4,Devorah Roloff Flaunts And Massages Her Tits Devorah Roloff Only.mp4,.mp4,29599459,28.23 MiB,2026-06-15T02:01:19.275Z,2026-06-16T19:32:50.435Z,,,,,,,
windows-backup,D:\tempVidStorage\Devorah Roloff Full Nude Tease Dildo Suck Onlyfans Leaked.mp4,Devorah Roloff Full Nude Tease Dildo Suck Onlyfans Leaked.mp4,.mp4,23988232,22.88 MiB,2026-06-15T01:54:47.723Z,2026-06-16T19:32:51.468Z,,,,,,,
windows-backup,D:\tempVidStorage\Devorah Roloff Gives A Vibrator A Good Sucking Devorah Roloff On.mp4,Devorah Roloff Gives A Vibrator A Good Sucking Devorah Roloff On.mp4,.mp4,28786776,27.45 MiB,2026-06-15T01:59:03.217Z,2026-06-16T19:32:51.056Z,,,,,,,
windows-backup,D:\tempVidStorage\Devorah Roloff Grabs Her Boobs In The Mirror Devorah Roloff Only.mp4,Devorah Roloff Grabs Her Boobs In The Mirror Devorah Roloff Only.mp4,.mp4,12884281,12.29 MiB,2026-06-15T02:02:23.510Z,2026-06-16T19:32:47.788Z,,,,,,,
windows-backup,D:\tempVidStorage\Devorah Roloff Hot Onlyfans Video.mp4,Devorah Roloff Hot Onlyfans Video.mp4,.mp4,8112909,7.74 MiB,2026-06-15T02:08:57.008Z,2026-06-16T19:32:47.317Z,,,,,,,
windows-backup,D:\tempVidStorage\Devorah Roloff Nude Ass Tease PPV OnlyFans Video Leaked.mp4,Devorah Roloff Nude Ass Tease PPV OnlyFans Video Leaked.mp4,.mp4,1340541,1.28 MiB,2026-06-15T01:30:22.469Z,2026-06-16T19:32:58.546Z,,,,,,,
windows-backup,D:\tempVidStorage\Devorah Roloff Nude Leaked OnlyFans Video 1 - Ibradome.mp4,Devorah Roloff Nude Leaked OnlyFans Video 1 - Ibradome.mp4,.mp4,893677,872.73 KiB,2026-06-15T01:41:56.144Z,2026-06-16T19:32:55.258Z,,,,,,,
windows-backup,D:\tempVidStorage\Devorah Roloff Nude Leaked OnlyFans Video 25 - Ibradome.m4v,Devorah Roloff Nude Leaked OnlyFans Video 25 - Ibradome.m4v,.m4v,667873,652.22 KiB,2026-06-15T01:42:41.256Z,2026-06-16T19:32:55.182Z,,,,,,,
windows-backup,D:\tempVidStorage\Devorah Roloff Nude Leaked OnlyFans Video 28 - Ibradome.m4v,Devorah Roloff Nude Leaked OnlyFans Video 28 - Ibradome.m4v,.m4v,5712621,5.45 MiB,2026-06-15T01:43:03.304Z,2026-06-16T19:32:53.587Z,,,,,,,
windows-backup,D:\tempVidStorage\Devorah Roloff Nude Leaked OnlyFans Video 344 - Ibradome.m4v,Devorah Roloff Nude Leaked OnlyFans Video 344 - Ibradome.m4v,.m4v,92718800,88.42 MiB,2026-06-15T01:43:29.658Z,2026-06-16T19:32:52.813Z,,,,,,,
windows-backup,D:\tempVidStorage\Devorah Roloff Nude Leaked OnlyFans Video 348 - Ibradome.m4v,Devorah Roloff Nude Leaked OnlyFans Video 348 - Ibradome.m4v,.m4v,14137620,13.48 MiB,2026-06-15T01:43:40.014Z,2026-06-16T19:32:52.557Z,,,,,,,
windows-backup,D:\tempVidStorage\Devorah Roloff Nude Leaked OnlyFans Video 36 - Ibradome.m4v,Devorah Roloff Nude Leaked OnlyFans Video 36 - Ibradome.m4v,.m4v,3562968,3.40 MiB,2026-06-15T01:42:09.636Z,2026-06-16T19:32:55.187Z,,,,,,,
windows-backup,D:\tempVidStorage\Devorah Roloff ONLY FANS Licking Vibrating toy.mp4,Devorah Roloff ONLY FANS Licking Vibrating toy.mp4,.mp4,6376114,6.08 MiB,2026-06-15T01:30:41.368Z,2026-06-16T19:32:58.409Z,,,,,,,
windows-backup,D:\tempVidStorage\Devorah Roloff OnlyFans For Free May-2024 7.mp4,Devorah Roloff OnlyFans For Free May-2024 7.mp4,.mp4,27759013,26.47 MiB,2026-06-15T01:56:23.891Z,2026-06-16T19:32:51.290Z,,,,,,,
windows-backup,D:\tempVidStorage\Devorah Roloff Pumps Massive Dildo in Leaked Suck and Fuck Fest.mp4,Devorah Roloff Pumps Massive Dildo in Leaked Suck and Fuck Fest.mp4,.mp4,328355909,313.14 MiB,2026-06-15T01:38:34.793Z,2026-06-16T19:32:55.334Z,,,,,,,
windows-backup,D:\tempVidStorage\Devorah Roloff Pussy.mp4,Devorah Roloff Pussy.mp4,.mp4,15056399,14.36 MiB,2026-06-15T02:05:31.327Z,2026-06-16T19:32:47.330Z,,,,,,,
windows-backup,D:\tempVidStorage\Devorah Roloff Video 47 Newest Porn Leaks - OnlyFans Leak Video.mp4,Devorah Roloff Video 47 Newest Porn Leaks - OnlyFans Leak Video.mp4,.mp4,15764095,15.03 MiB,2026-06-15T02:04:13.390Z,2026-06-16T19:32:47.519Z,,,,,,,
windows-backup,D:\tempVidStorage\Devorah Roloff Video 48 Hd Leaked Content May-2025 - OnlyFans Le.mp4,Devorah Roloff Video 48 Hd Leaked Content May-2025 - OnlyFans Le.mp4,.mp4,13379896,12.76 MiB,2026-06-15T02:03:18.414Z,2026-06-16T19:32:47.674Z,,,,,,,
windows-backup,D:\tempVidStorage\Devorah Roloff Video 49 Newest Porn Leaks - OnlyFans Leak Video.mp4,Devorah Roloff Video 49 Newest Porn Leaks - OnlyFans Leak Video.mp4,.mp4,14649290,13.97 MiB,2026-06-15T02:03:55.644Z,2026-06-16T19:32:47.530Z,,,,,,,
windows-backup,D:\tempVidStorage\DR 023.mp4.mp4,DR 023.mp4.mp4,.mp4,18329470,17.48 MiB,2026-06-15T02:16:26.272Z,2026-06-16T19:32:45.952Z,,,,,,,
windows-backup,D:\tempVidStorage\DR 024.mp4.mp4,DR 024.mp4.mp4,.mp4,11731046,11.19 MiB,2026-06-15T02:16:14.149Z,2026-06-16T19:32:46.204Z,,,,,,,
windows-backup,D:\tempVidStorage\DR 025.mp4.mp4,DR 025.mp4.mp4,.mp4,10540790,10.05 MiB,2026-06-15T02:16:06.276Z,2026-06-16T19:32:46.493Z,,,,,,,
windows-backup,D:\tempVidStorage\Emilia Bunny 2 Cumshots. Feet Ride. the Wettest Pussy Beeg.mp4,Emilia Bunny 2 Cumshots. Feet Ride. the Wettest Pussy Beeg.mp4,.mp4,449554503,428.73 MiB,2026-06-17T01:04:00.769Z,2026-06-17T02:24:31.499Z,,,,,,,
windows-backup,D:\tempVidStorage\Emilia Bunny A Playful Evening with a Natural Beauty Who Always.mp4,Emilia Bunny A Playful Evening with a Natural Beauty Who Always.mp4,.mp4,412935039,393.81 MiB,2026-06-17T02:18:15.288Z,2026-06-17T02:23:14.221Z,,,,,,,
windows-backup,D:\tempVidStorage\Emilia Bunny Help Me with the Game and Ill Help You Cum Step Sis.mp4,Emilia Bunny Help Me with the Game and Ill Help You Cum Step Sis.mp4,.mp4,485845144,463.34 MiB,2026-06-17T01:01:58.257Z,2026-06-17T02:24:31.675Z,,,,,,,
windows-backup,D:\tempVidStorage\Emilia Bunny Horny Girl Takes It Deep Beeg.mp4,Emilia Bunny Horny Girl Takes It Deep Beeg.mp4,.mp4,444771116,424.17 MiB,2026-06-17T01:00:15.606Z,2026-06-17T02:24:55.042Z,,,,,,,
windows-backup,D:\tempVidStorage\Emilia Bunny Model Encounter Exceeds Expectations Beeg.mp4,Emilia Bunny Model Encounter Exceeds Expectations Beeg.mp4,.mp4,273841390,261.16 MiB,2026-06-17T00:58:42.480Z,2026-06-17T02:24:55.230Z,,,,,,,
windows-backup,D:\tempVidStorage\Emilia Bunny Model in Bodysuit Receives Facial After Passionate.mp4,Emilia Bunny Model in Bodysuit Receives Facial After Passionate.mp4,.mp4,331790376,316.42 MiB,2026-06-17T01:00:46.539Z,2026-06-17T02:24:43.103Z,,,,,,,
windows-backup,D:\tempVidStorage\Emilia Bunny POV Woman Rubs Clit Receives Cum on Panties Beeg.mp4,Emilia Bunny POV Woman Rubs Clit Receives Cum on Panties Beeg.mp4,.mp4,421083282,401.58 MiB,2026-06-17T00:57:48.392Z,2026-06-17T02:24:56.279Z,,,,,,,
windows-backup,D:\tempVidStorage\Emilia Bunny Pov Your Sexy Gf Cant Leave the House until You Mak.mp4,Emilia Bunny Pov Your Sexy Gf Cant Leave the House until You Mak.mp4,.mp4,376296960,358.86 MiB,2026-06-17T01:01:08.038Z,2026-06-17T02:24:35.763Z,,,,,,,
windows-backup,D:\tempVidStorage\Emilia Bunny Schoolgirl Plays Hooky and gets Naughty on Camera B.mp4,Emilia Bunny Schoolgirl Plays Hooky and gets Naughty on Camera B.mp4,.mp4,430433566,410.49 MiB,2026-06-17T01:00:37.908Z,2026-06-17T02:24:43.296Z,,,,,,,
windows-backup,D:\tempVidStorage\Emilia Bunny Sexy Schoolgirl in Pantyhose Helps with Homework Be.mp4,Emilia Bunny Sexy Schoolgirl in Pantyhose Helps with Homework Be.mp4,.mp4,425433333,405.72 MiB,2026-06-17T02:18:08.247Z,2026-06-17T02:23:14.344Z,,,,,,,
windows-backup,D:\tempVidStorage\Emilia Bunny Strict Teachers Private Lesson Beeg.mp4,Emilia Bunny Strict Teachers Private Lesson Beeg.mp4,.mp4,320237525,305.40 MiB,2026-06-17T01:00:51.166Z,2026-06-17T02:24:36.218Z,,,,,,,
windows-backup,D:\tempVidStorage\Emilla Official Takes Boyfriend Hug dick.mp4,Emilla Official Takes Boyfriend Hug dick.mp4,.mp4,300824609,286.89 MiB,2026-06-15T02:51:27.863Z,2026-06-16T19:28:50.598Z,,,,,,,
windows-backup,D:\tempVidStorage\Eve Cums Twice in Her Tight Ass Ass to Pussy to Ass Beeg.mp4,Eve Cums Twice in Her Tight Ass Ass to Pussy to Ass Beeg.mp4,.mp4,929041447,886.00 MiB,2026-06-16T01:29:53.207Z,2026-06-16T19:27:09.325Z,,,,,,,
windows-backup,D:\tempVidStorage\Eve How Did He Last so Long in This Gorgeous Ass Beeg.mp4,Eve How Did He Last so Long in This Gorgeous Ass Beeg.mp4,.mp4,565874174,539.66 MiB,2026-06-16T01:22:34.009Z,2026-06-16T19:27:38.036Z,,,,,,,
windows-backup,D:\tempVidStorage\F1nn5ter Suck Big Black Dildo Onlyfans.mp4,F1nn5ter Suck Big Black Dildo Onlyfans.mp4,.mp4,74604892,71.15 MiB,2026-06-15T02:49:10.293Z,2026-06-16T19:29:04.747Z,,,,,,,
windows-backup,D:\tempVidStorage\Hey I M Bee AKA Heyimbee Playing With Herself Soft Mouth Sounds.mp4,Hey I M Bee AKA Heyimbee Playing With Herself Soft Mouth Sounds.mp4,.mp4,32655028,31.14 MiB,2026-06-15T02:48:19.171Z,2026-06-16T19:29:05.332Z,,,,,,,
windows-backup,D:\tempVidStorage\Heyimbee - Busty E-Girl Onlyfans Leaked - Fapdungeon(1).mp4,Heyimbee - Busty E-Girl Onlyfans Leaked - Fapdungeon(1).mp4,.mp4,5166446,4.93 MiB,2026-06-15T03:36:10.267Z,2026-06-16T19:28:50.193Z,,,,,,,
windows-backup,D:\tempVidStorage\Heyimbee - Busty E-Girl Onlyfans Leaked - Fapdungeon(2).mp4,Heyimbee - Busty E-Girl Onlyfans Leaked - Fapdungeon(2).mp4,.mp4,14823553,14.14 MiB,2026-06-15T03:36:50.303Z,2026-06-16T19:28:50.177Z,,,,,,,
windows-backup,D:\tempVidStorage\Heyimbee - Busty E-Girl Onlyfans Leaked - Fapdungeon.mp4,Heyimbee - Busty E-Girl Onlyfans Leaked - Fapdungeon.mp4,.mp4,5393918,5.14 MiB,2026-06-15T03:35:59.339Z,2026-06-16T19:28:50.212Z,,,,,,,
windows-backup,D:\tempVidStorage\Heyimbee 49.95 Ppv Floor Cam And Spreading Leak Video.mp4,Heyimbee 49.95 Ppv Floor Cam And Spreading Leak Video.mp4,.mp4,1935936,1.85 MiB,2026-06-15T02:59:57.569Z,2026-06-16T19:28:50.499Z,,,,,,,
windows-backup,D:\tempVidStorage\Heyimbee ass from behind butt crack Leaked OF.mp4,Heyimbee ass from behind butt crack Leaked OF.mp4,.mp4,4320898,4.12 MiB,2026-06-15T02:44:46.640Z,2026-06-16T19:28:50.169Z,,,,,,,
windows-backup,D:\tempVidStorage\heyimbee bee Nude Leaked Onlyfans Video 12 - Picazor EN.mp4,heyimbee bee Nude Leaked Onlyfans Video 12 - Picazor EN.mp4,.mp4,3003333,2.86 MiB,2026-06-15T03:04:19.611Z,2026-06-16T19:28:50.451Z,,,,,,,
windows-backup,D:\tempVidStorage\HeyImBee Big Titty Maid.mp4,HeyImBee Big Titty Maid.mp4,.mp4,13034546,12.43 MiB,2026-06-15T03:03:47.309Z,2026-06-16T19:28:50.459Z,,,,,,,
windows-backup,D:\tempVidStorage\Heyimbee Exclusive Leaked Nude OnlyFans 1099433.mp4,Heyimbee Exclusive Leaked Nude OnlyFans 1099433.mp4,.mp4,685264,669.20 KiB,2026-06-15T03:05:49.127Z,2026-06-16T19:28:50.445Z,,,,,,,
windows-backup,D:\tempVidStorage\Heyimbee Exclusive Leaked Nude OnlyFans 1101500.mp4,Heyimbee Exclusive Leaked Nude OnlyFans 1101500.mp4,.mp4,2361969,2.25 MiB,2026-06-15T03:06:13.266Z,2026-06-16T19:28:50.438Z,,,,,,,
windows-backup,D:\tempVidStorage\Heyimbee Exclusive Leaked Nude OnlyFans 699500.mp4,Heyimbee Exclusive Leaked Nude OnlyFans 699500.mp4,.mp4,2127786,2.03 MiB,2026-06-16T02:03:31.195Z,2026-06-16T19:23:19.622Z,,,,,,,
windows-backup,D:\tempVidStorage\HeyImBee Leaked OF Video Teases Her Perfect Curves in Raw Uncut.mp4,HeyImBee Leaked OF Video Teases Her Perfect Curves in Raw Uncut.mp4,.mp4,87565606,83.51 MiB,2026-06-15T03:33:29.057Z,2026-06-16T19:28:50.232Z,,,,,,,
windows-backup,D:\tempVidStorage\Heyimbee Leaked Only Fans 7.mp4,Heyimbee Leaked Only Fans 7.mp4,.mp4,2270510,2.17 MiB,2026-06-15T02:46:12.259Z,2026-06-16T19:28:50.132Z,,,,,,,
windows-backup,D:\tempVidStorage\Heyimbee Leaked Video III.m4v,Heyimbee Leaked Video III.m4v,.m4v,16077794,15.33 MiB,2026-06-15T03:02:44.372Z,2026-06-16T19:28:50.469Z,,,,,,,
windows-backup,D:\tempVidStorage\Heyimbee New Videos 3.m4v,Heyimbee New Videos 3.m4v,.m4v,18264548,17.42 MiB,2026-06-15T03:01:45.870Z,2026-06-16T19:28:50.487Z,,,,,,,
windows-backup,D:\tempVidStorage\Heyimbee Onlyfans Leaked Video Teases a Milky Messy Shower PPV.mp4,Heyimbee Onlyfans Leaked Video Teases a Milky Messy Shower PPV.mp4,.mp4,2912791,2.78 MiB,2026-06-15T03:32:59.725Z,2026-06-16T19:28:50.279Z,,,,,,,
windows-backup,D:\tempVidStorage\Heyimbee pov Dirty Tray On Video Leaked.mp4,Heyimbee pov Dirty Tray On Video Leaked.mp4,.mp4,6567682,6.26 MiB,2026-06-15T02:58:40.026Z,2026-06-16T19:28:50.509Z,,,,,,,
windows-backup,D:\tempVidStorage\Heyimbee Squeezing Big Boobs With Oil Leaked Onlyfans Video.mp4,Heyimbee Squeezing Big Boobs With Oil Leaked Onlyfans Video.mp4,.mp4,62631187,59.73 MiB,2026-06-14T17:15:19.469Z,2026-06-16T19:32:58.821Z,,,,,,,
windows-backup,D:\tempVidStorage\Heyimbee Squeezing Juicy Melons Leaked Onlyfans Video.mp4,Heyimbee Squeezing Juicy Melons Leaked Onlyfans Video.mp4,.mp4,26668149,25.43 MiB,2026-06-15T02:58:05.613Z,2026-06-16T19:28:50.517Z,,,,,,,
windows-backup,D:\tempVidStorage\Heyimbee Tease - EroThots.mp4,Heyimbee Tease - EroThots.mp4,.mp4,5619102,5.36 MiB,2026-06-15T03:45:51.544Z,2026-06-16T19:28:05.487Z,,,,,,,
windows-backup,D:\tempVidStorage\Heyimbee Teases in Intense Cowgirl Riding Action Video.mp4,Heyimbee Teases in Intense Cowgirl Riding Action Video.mp4,.mp4,4611679,4.40 MiB,2026-06-15T02:57:31.510Z,2026-06-16T19:28:50.537Z,,,,,,,
windows-backup,D:\tempVidStorage\Izzy Green Finger And Dildo Fuck Pussy Squirt Everywhere For Her.mp4,Izzy Green Finger And Dildo Fuck Pussy Squirt Everywhere For Her.mp4,.mp4,84362872,80.45 MiB,2026-06-15T02:53:47.708Z,2026-06-16T19:28:50.556Z,,,,,,,
windows-backup,D:\tempVidStorage\Izzy Green New Titty Drop Joi Onlyfans.mp4,Izzy Green New Titty Drop Joi Onlyfans.mp4,.mp4,93780162,89.44 MiB,2026-06-15T02:48:44.878Z,2026-06-16T19:29:04.988Z,,,,,,,
windows-backup,D:\tempVidStorage\Izzy Green Squirt Compilation Leaked Sextape.mp4,Izzy Green Squirt Compilation Leaked Sextape.mp4,.mp4,353305369,336.94 MiB,2026-06-15T02:50:12.710Z,2026-06-16T19:29:01.172Z,,,,,,,
windows-backup,D:\tempVidStorage\Izzy Green Suck Till Mouth Got Filled With Cum Then Bounce On Th.mp4,Izzy Green Suck Till Mouth Got Filled With Cum Then Bounce On Th.mp4,.mp4,471984210,450.12 MiB,2026-06-15T02:51:23.169Z,2026-06-16T19:28:52.097Z,,,,,,,
windows-backup,D:\tempVidStorage\Izzy Green's Pussy Fingering Session - ePornLeak.mp4,Izzy Green's Pussy Fingering Session - ePornLeak.mp4,.mp4,21325028,20.34 MiB,2026-06-19T09:40:26.914Z,2026-06-20T19:20:06.971Z,,,,,,,
windows-backup,D:\tempVidStorage\Jakara Mitchell Bounces Her Bubble Butt On His Dick.mp4,Jakara Mitchell Bounces Her Bubble Butt On His Dick.mp4,.mp4,63601292,60.65 MiB,2026-06-17T00:31:20.304Z,2026-06-17T02:25:02.839Z,,,,,,,
windows-backup,D:\tempVidStorage\Jakara Mitchell Sexy Ass Tease and JOI.mp4,Jakara Mitchell Sexy Ass Tease and JOI.mp4,.mp4,50415236,48.08 MiB,2026-06-14T03:03:07.289Z,2026-06-16T19:33:26.365Z,,,,,,,
windows-backup,D:\tempVidStorage\Karamitch- gym bg.mp4,Karamitch- gym bg.mp4,.mp4,284334185,271.16 MiB,2026-06-14T11:44:07.728Z,2026-06-16T19:33:23.935Z,,,,,,,
windows-backup,D:\tempVidStorage\Katiana Kay Fucks A Cop Video Leaked.mp4,Katiana Kay Fucks A Cop Video Leaked.mp4,.mp4,36052594,34.38 MiB,2026-06-14T11:05:47.590Z,2026-06-16T19:33:25.759Z,,,,,,,
windows-backup,D:\tempVidStorage\Katiana Kay gives a mind-blowing blowjob in POV.mp4,Katiana Kay gives a mind-blowing blowjob in POV.mp4,.mp4,143141437,136.51 MiB,2026-06-14T11:14:43.724Z,2026-06-16T19:33:24.982Z,,,,,,,
windows-backup,D:\tempVidStorage\Katiana Kay Needs To Suck A Cock.mp4,Katiana Kay Needs To Suck A Cock.mp4,.mp4,38251307,36.48 MiB,2026-06-14T11:27:48.528Z,2026-06-16T19:33:24.329Z,,,,,,,
windows-backup,D:\tempVidStorage\Latina Allison Parker Deepthroats.mp4,Latina Allison Parker Deepthroats.mp4,.mp4,271681190,259.10 MiB,2026-06-17T01:17:03.260Z,2026-06-17T01:46:56.748Z,,,,,,,
windows-backup,D:\tempVidStorage\Layla - tiktok beauty teen vlog creampie Leaked onlyfans Sextape.mp4,Layla - tiktok beauty teen vlog creampie Leaked onlyfans Sextape.mp4,.mp4,138583175,132.16 MiB,2026-06-16T01:34:06.389Z,2026-06-16T19:27:08.612Z,,,,,,,
windows-backup,D:\tempVidStorage\Lexi Marvel Flaunts Her Ass In Her Panty.mp4,Lexi Marvel Flaunts Her Ass In Her Panty.mp4,.mp4,16458426,15.70 MiB,2026-06-19T08:24:21.891Z,2026-06-19T08:25:48.152Z,,,,,,,
windows-backup,D:\tempVidStorage\Lexi Marvel Grinds That Juicy Ass In Tight Yoga Pants For This S.mp4,Lexi Marvel Grinds That Juicy Ass In Tight Yoga Pants For This S.mp4,.mp4,13176884,12.57 MiB,2026-06-14T17:13:10.002Z,2026-06-16T19:33:00.465Z,,,,,,,
windows-backup,D:\tempVidStorage\Lexi Marvel Shakes And Teases Her Ass.mp4,Lexi Marvel Shakes And Teases Her Ass.mp4,.mp4,34954322,33.34 MiB,2026-06-19T08:23:41.465Z,2026-06-19T08:25:48.220Z,,,,,,,
windows-backup,D:\tempVidStorage\Lexi Marvel Shakes Her Lusty Cake.mp4,Lexi Marvel Shakes Her Lusty Cake.mp4,.mp4,8876137,8.46 MiB,2026-06-19T08:22:11.228Z,2026-06-19T08:25:48.245Z,,,,,,,
windows-backup,D:\tempVidStorage\Lexi Marvel Teases Her Seductive Curves.mp4,Lexi Marvel Teases Her Seductive Curves.mp4,.mp4,49545270,47.25 MiB,2026-06-19T08:24:02.251Z,2026-06-19T08:25:48.187Z,,,,,,,
windows-backup,D:\tempVidStorage\Lexi Marvel Teasing With Her Big Juicy Ass.mp4,Lexi Marvel Teasing With Her Big Juicy Ass.mp4,.mp4,14452547,13.78 MiB,2026-06-19T08:22:55.559Z,2026-06-19T08:25:48.233Z,,,,,,,
windows-backup,D:\tempVidStorage\Lika Busy Got Horny while Walking in the Woods and Asked My Frie.mp4,Lika Busy Got Horny while Walking in the Woods and Asked My Frie.mp4,.mp4,360978436,344.26 MiB,2026-06-17T00:05:44.162Z,2026-06-17T02:25:18.427Z,,,,,,,
windows-backup,D:\tempVidStorage\Lika Busy She Came Back from the Party Without Panties so I Fuck.mp4,Lika Busy She Came Back from the Party Without Panties so I Fuck.mp4,.mp4,580616379,553.72 MiB,2026-06-17T00:05:49.498Z,2026-06-17T02:25:18.287Z,,,,,,,
windows-backup,D:\tempVidStorage\Lika Busy Ways to Ensure Female Pleasure and Orgasm Beeg.mp4,Lika Busy Ways to Ensure Female Pleasure and Orgasm Beeg.mp4,.mp4,501487032,478.26 MiB,2026-06-17T00:03:42.157Z,2026-06-17T02:25:23.852Z,,,,,,,
windows-backup,D:\tempVidStorage\Luke Cooper English Slut Bonnie Blue Loves Big Dick Inside Her B.mp4,Luke Cooper English Slut Bonnie Blue Loves Big Dick Inside Her B.mp4,.mp4,396888397,378.50 MiB,2026-06-16T01:01:28.492Z,2026-06-16T19:27:02.500Z,,,,,,,
windows-backup,D:\tempVidStorage\My Porn Plugg Neighbor Craves Intense Facial Cumshot Beeg.mp4,My Porn Plugg Neighbor Craves Intense Facial Cumshot Beeg.mp4,.mp4,890422953,849.17 MiB,2026-06-17T00:05:59.476Z,2026-06-17T02:25:04.379Z,,,,,,,
windows-backup,D:\tempVidStorage\My Porn Plugg Stepsister Couch Footjob After Work Beeg.mp4,My Porn Plugg Stepsister Couch Footjob After Work Beeg.mp4,.mp4,246030533,234.63 MiB,2026-06-17T00:02:38.561Z,2026-06-17T02:25:28.192Z,,,,,,,
windows-backup,D:\tempVidStorage\Natalie Roush New Squat Ppv In Tight Thong Onlyfans Leak.mp4,Natalie Roush New Squat Ppv In Tight Thong Onlyfans Leak.mp4,.mp4,151428309,144.41 MiB,2026-06-14T16:51:22.980Z,2026-06-16T19:33:17.048Z,,,,,,,
windows-backup,D:\tempVidStorage\Natalie Roush Nut For Natalie November Ppv Dropping Tight Jeans.mp4,Natalie Roush Nut For Natalie November Ppv Dropping Tight Jeans.mp4,.mp4,76411371,72.87 MiB,2026-06-14T16:49:09.950Z,2026-06-16T19:33:20.791Z,,,,,,,
windows-backup,D:\tempVidStorage\Natalie Roush Sizzling Mesh Bodysuit Booty Tease in Leaked OnlyF.mp4,Natalie Roush Sizzling Mesh Bodysuit Booty Tease in Leaked OnlyF.mp4,.mp4,62418434,59.53 MiB,2026-06-14T16:57:06.504Z,2026-06-16T19:33:09.191Z,,,,,,,
windows-backup,D:\tempVidStorage\Natalie Roush Stripteasing With Her Booty Hole Dropping Tight Th.mp4,Natalie Roush Stripteasing With Her Booty Hole Dropping Tight Th.mp4,.mp4,151645921,144.62 MiB,2026-06-14T16:49:58.142Z,2026-06-16T19:33:17.391Z,,,,,,,
windows-backup,D:\tempVidStorage\Natalie Roush Teases Her Thicc Booty Twerking in Leaked Onlyfans.mp4,Natalie Roush Teases Her Thicc Booty Twerking in Leaked Onlyfans.mp4,.mp4,29729437,28.35 MiB,2026-06-14T16:47:36.063Z,2026-06-16T19:33:21.081Z,,,,,,,
windows-backup,D:\tempVidStorage\Natalie Roush Uncensored Lingerie Try On PPV Booty Spread Onlyfa.mp4,Natalie Roush Uncensored Lingerie Try On PPV Booty Spread Onlyfa.mp4,.mp4,480840930,458.57 MiB,2026-06-14T17:01:21.758Z,2026-06-16T19:33:00.830Z,,,,,,,
windows-backup,D:\tempVidStorage\Natalie Roush With Hayley Maxfield In White Lingerie Took Nude B.mp4,Natalie Roush With Hayley Maxfield In White Lingerie Took Nude B.mp4,.mp4,95344493,90.93 MiB,2026-06-14T16:50:30.646Z,2026-06-16T19:33:17.333Z,,,,,,,
windows-backup,D:\tempVidStorage\Naughty Aaliyah Yasin Sucks A Big Cock While Smoking.mp4,Naughty Aaliyah Yasin Sucks A Big Cock While Smoking.mp4,.mp4,344358414,328.41 MiB,2026-06-14T01:15:46.467Z,2026-06-16T19:32:40.568Z,,,,,,,
windows-backup,D:\tempVidStorage\New Lily Phillips Verbal Spat Erupts Into Hardcore Fucking Video.mp4,New Lily Phillips Verbal Spat Erupts Into Hardcore Fucking Video.mp4,.mp4,245538321,234.16 MiB,2026-06-16T02:50:08.844Z,2026-06-16T19:23:27.629Z,,,,,,,
windows-backup,D:\tempVidStorage\No+Nut+November+ends+with+a+Massive+Cumshot+-+Huge+Facial!!!+My+Sweet+Apple+[ph6389eddbe4018].mp4,No+Nut+November+ends+with+a+Massive+Cumshot+-+Huge+Facial!!!+My+Sweet+Apple+[ph6389eddbe4018].mp4,.mp4,292773483,279.21 MiB,2026-06-16T02:35:38.346Z,2026-06-16T19:23:34.499Z,,,,,,,
windows-backup,D:\tempVidStorage\Noturhoneybb Teases You with Her Messy Facial Money Shot Video.mp4,Noturhoneybb Teases You with Her Messy Facial Money Shot Video.mp4,.mp4,202739952,193.35 MiB,2026-06-17T00:34:01.683Z,2026-06-17T02:25:02.756Z,,,,,,,
windows-backup,D:\tempVidStorage\NotYourHoneyBB Missionary Sex.mp4,NotYourHoneyBB Missionary Sex.mp4,.mp4,157758752,150.45 MiB,2026-06-15T03:54:50.958Z,2026-06-16T19:28:05.507Z,,,,,,,
windows-backup,D:\tempVidStorage\Onlyfans devorah roloff milk tits naked(1).mp4,Onlyfans devorah roloff milk tits naked(1).mp4,.mp4,8421410,8.03 MiB,2026-06-15T01:56:12.380Z,2026-06-16T19:32:51.328Z,,,,,,,
windows-backup,D:\tempVidStorage\onlyfans lily phillips jason luv 2024-02-13 interracial ir bbc b.mp4,onlyfans lily phillips jason luv 2024-02-13 interracial ir bbc b.mp4,.mp4,323707469,308.71 MiB,2026-06-16T02:48:49.356Z,2026-06-16T19:23:28.047Z,,,,,,,
windows-backup,D:\tempVidStorage\OnlyFans_5 devorah.mp4.mp4,OnlyFans_5 devorah.mp4.mp4,.mp4,158142041,150.82 MiB,2026-06-15T02:13:02.479Z,2026-06-16T19:32:46.977Z,,,,,,,
windows-backup,D:\tempVidStorage\OnlyFans_5 devorah2.mp4.mp4,OnlyFans_5 devorah2.mp4.mp4,.mp4,42070874,40.12 MiB,2026-06-15T02:15:49.241Z,2026-06-16T19:32:46.530Z,,,,,,,
windows-backup,D:\tempVidStorage\RisqueCore Vid 10.mp4,RisqueCore Vid 10.mp4,.mp4,180777650,172.40 MiB,2026-06-15T03:28:01.527Z,2026-06-16T19:28:50.309Z,,,,,,,
windows-backup,D:\tempVidStorage\RisqueCore Vid 123.mp4,RisqueCore Vid 123.mp4,.mp4,5716188,5.45 MiB,2026-06-16T02:06:58.554Z,2026-06-16T19:23:35.133Z,,,,,,,
windows-backup,D:\tempVidStorage\RisqueCore Vid 177.mp4,RisqueCore Vid 177.mp4,.mp4,3425260,3.27 MiB,2026-06-16T02:05:39.131Z,2026-06-16T19:23:35.190Z,,,,,,,
windows-backup,D:\tempVidStorage\RisqueCore Vid 53.mp4,RisqueCore Vid 53.mp4,.mp4,25938254,24.74 MiB,2026-06-15T03:24:45.500Z,2026-06-16T19:28:50.397Z,,,,,,,
windows-backup,D:\tempVidStorage\RisqueCore Vid 73.mp4,RisqueCore Vid 73.mp4,.mp4,12627218,12.04 MiB,2026-06-15T03:24:27.585Z,2026-06-16T19:28:50.414Z,,,,,,,
windows-backup,D:\tempVidStorage\RisqueCore Vid 96.mp4,RisqueCore Vid 96.mp4,.mp4,8848626,8.44 MiB,2026-06-15T03:29:35.922Z,2026-06-16T19:28:50.287Z,,,,,,,
windows-backup,D:\tempVidStorage\Ruth Lee Bowjob In Her Friends Car.mp4,Ruth Lee Bowjob In Her Friends Car.mp4,.mp4,154870038,147.70 MiB,2026-06-17T02:39:19.284Z,2026-06-17T02:39:28.065Z,,,,,,,
windows-backup,D:\tempVidStorage\Ruth Lee Gets Fucked Wearing Ripped Pants.mp4,Ruth Lee Gets Fucked Wearing Ripped Pants.mp4,.mp4,582302347,555.33 MiB,2026-06-17T02:53:05.341Z,2026-06-17T02:55:34.747Z,,,,,,,
windows-backup,D:\tempVidStorage\Ruth Lee Gives A Hot Jerk Off Instructions.mp4,Ruth Lee Gives A Hot Jerk Off Instructions.mp4,.mp4,61058257,58.23 MiB,2026-06-17T02:53:10.086Z,2026-06-17T02:55:34.705Z,,,,,,,
windows-backup,D:\tempVidStorage\Ruth Lee Glazes A Cock During A Sloppy BJ.mp4,Ruth Lee Glazes A Cock During A Sloppy BJ.mp4,.mp4,86582413,82.57 MiB,2026-06-17T02:44:37.083Z,2026-06-17T02:56:08.509Z,,,,,,,
windows-backup,D:\tempVidStorage\Ruth Lee Makes Ahegao Faces During Sex.mp4,Ruth Lee Makes Ahegao Faces During Sex.mp4,.mp4,236473657,225.52 MiB,2026-06-17T02:46:30.993Z,2026-06-17T02:55:34.878Z,,,,,,,
windows-backup,D:\tempVidStorage\Ruth Lee Makes Her BF Cum Twice.mp4,Ruth Lee Makes Her BF Cum Twice.mp4,.mp4,538715020,513.76 MiB,2026-06-17T02:41:32.128Z,2026-06-17T02:56:28.382Z,,,,,,,
windows-backup,D:\tempVidStorage\Ruth Lee Public Adventure Blowjob.mp4,Ruth Lee Public Adventure Blowjob.mp4,.mp4,62274889,59.39 MiB,2026-06-17T02:45:55.024Z,2026-06-17T02:55:37.080Z,,,,,,,
windows-backup,D:\tempVidStorage\Ruth Lee Savors Cock In POV.mp4,Ruth Lee Savors Cock In POV.mp4,.mp4,310659988,296.27 MiB,2026-06-17T02:44:44.187Z,2026-06-17T02:56:08.429Z,,,,,,,
windows-backup,D:\tempVidStorage\Ruth Lee Squirts While Getting Pounded.mp4,Ruth Lee Squirts While Getting Pounded.mp4,.mp4,158090107,150.77 MiB,2026-06-17T02:45:38.121Z,2026-06-17T02:55:37.108Z,,,,,,,
windows-backup,D:\tempVidStorage\Ruth Lee Takes A Cumshot After Blowing A Dick.mp4,Ruth Lee Takes A Cumshot After Blowing A Dick.mp4,.mp4,47002032,44.82 MiB,2026-06-17T02:20:50.379Z,2026-06-17T02:23:51.704Z,,,,,,,
windows-backup,D:\tempVidStorage\Ruth Lee Takes A Facial On Her Glasses.mp4,Ruth Lee Takes A Facial On Her Glasses.mp4,.mp4,75829664,72.32 MiB,2026-06-17T02:43:58.805Z,2026-06-17T02:56:08.535Z,,,,,,,
windows-backup,D:\tempVidStorage\Ruth Lee Teases Her Cunt In A Dress.mp4,Ruth Lee Teases Her Cunt In A Dress.mp4,.mp4,45791854,43.67 MiB,2026-06-17T02:45:10.201Z,2026-06-17T02:56:08.558Z,,,,,,,
windows-backup,D:\tempVidStorage\Ruth Lees ASMR Sloppy Blowjob.mp4,Ruth Lees ASMR Sloppy Blowjob.mp4,.mp4,95581470,91.15 MiB,2026-06-17T02:42:51.068Z,2026-06-17T02:56:28.510Z,,,,,,,
windows-backup,D:\tempVidStorage\Ruth Lees Seductive Jerk Off Instructions.mp4,Ruth Lees Seductive Jerk Off Instructions.mp4,.mp4,48482255,46.24 MiB,2026-06-17T02:41:59.468Z,2026-06-17T02:56:28.359Z,,,,,,,
windows-backup,D:\tempVidStorage\Sakurai Rena Strips Plays With Her Wet Asian Pussy Sakurai Rena.mp4,Sakurai Rena Strips Plays With Her Wet Asian Pussy Sakurai Rena.mp4,.mp4,102316223,97.58 MiB,2026-06-15T02:01:44.936Z,2026-06-16T19:32:49.325Z,,,,,,,
windows-backup,D:\tempVidStorage\Sava Schultz - Videos - leak stars nackt leaks download leaked(1).mp4,Sava Schultz - Videos - leak stars nackt leaks download leaked(1).mp4,.mp4,3115096,2.97 MiB,2026-06-14T16:34:07.163Z,2026-06-16T19:33:21.488Z,,,,,,,
windows-backup,D:\tempVidStorage\Sava Schultz - Videos - leak stars nackt leaks download leaked(2).mp4,Sava Schultz - Videos - leak stars nackt leaks download leaked(2).mp4,.mp4,3520042,3.36 MiB,2026-06-14T16:31:13.671Z,2026-06-16T19:33:21.653Z,,,,,,,
windows-backup,D:\tempVidStorage\Sava Schultz - Videos - leak stars nackt leaks download leaked(3).mp4,Sava Schultz - Videos - leak stars nackt leaks download leaked(3).mp4,.mp4,570392,557.02 KiB,2026-06-14T16:32:38.539Z,2026-06-16T19:33:21.568Z,,,,,,,
windows-backup,D:\tempVidStorage\Sava Schultz - Videos - leak stars nackt leaks download leaked(4).mp4,Sava Schultz - Videos - leak stars nackt leaks download leaked(4).mp4,.mp4,2304942,2.20 MiB,2026-06-14T16:35:03.607Z,2026-06-16T19:33:21.327Z,,,,,,,
windows-backup,D:\tempVidStorage\Sava Schultz - Videos - leak stars nackt leaks download leaked(5).mp4,Sava Schultz - Videos - leak stars nackt leaks download leaked(5).mp4,.mp4,8600693,8.20 MiB,2026-06-14T16:35:24.208Z,2026-06-16T19:33:21.245Z,,,,,,,
windows-backup,D:\tempVidStorage\Sava Schultz - Videos - leak stars nackt leaks download leaked.mp4,Sava Schultz - Videos - leak stars nackt leaks download leaked.mp4,.mp4,3900484,3.72 MiB,2026-06-14T16:30:46.880Z,2026-06-16T19:33:21.661Z,,,,,,,
windows-backup,D:\tempVidStorage\Sava Schultz BDSM doggy fuck so hard.mp4,Sava Schultz BDSM doggy fuck so hard.mp4,.mp4,16830782,16.05 MiB,2026-06-14T01:40:06.673Z,2026-06-16T19:33:31.863Z,,,,,,,
windows-backup,D:\tempVidStorage\Sava Schultz grinding BBC so lewd leak.mp4,Sava Schultz grinding BBC so lewd leak.mp4,.mp4,9899427,9.44 MiB,2026-06-14T01:38:59.761Z,2026-06-16T19:33:31.995Z,,,,,,,
windows-backup,D:\tempVidStorage\Sava Schultz Naked Big Ass POV Onlyfans Video.mp4,Sava Schultz Naked Big Ass POV Onlyfans Video.mp4,.mp4,82586648,78.76 MiB,2026-06-14T01:35:53.454Z,2026-06-16T19:33:32.014Z,,,,,,,
windows-backup,D:\tempVidStorage\Sava schultz savaschultz 1 nectgbustytiktokteenpussybig boobshot(1).mp4,Sava schultz savaschultz 1 nectgbustytiktokteenpussybig boobshot(1).mp4,.mp4,2855173,2.72 MiB,2026-06-14T16:26:56.927Z,2026-06-16T19:33:21.844Z,,,,,,,
windows-backup,D:\tempVidStorage\Sava schultz savaschultz 1 nectgbustytiktokteenpussybig boobshot.mp4,Sava schultz savaschultz 1 nectgbustytiktokteenpussybig boobshot.mp4,.mp4,2855173,2.72 MiB,2026-06-14T02:46:59.808Z,2026-06-16T19:33:26.953Z,,,,,,,
windows-backup,D:\tempVidStorage\Sava Schultz Squeezy Nude Big Nature Boobs POV Onlyfans Video.mp4,Sava Schultz Squeezy Nude Big Nature Boobs POV Onlyfans Video.mp4,.mp4,20158974,19.23 MiB,2026-06-14T01:34:45.657Z,2026-06-16T19:33:32.168Z,,,,,,,
windows-backup,D:\tempVidStorage\Sava.Schultz - Sava Schultz Onlyfans Leaked Naked Video.mp4,Sava.Schultz - Sava Schultz Onlyfans Leaked Naked Video.mp4,.mp4,7555115,7.21 MiB,2026-06-14T02:48:31.035Z,2026-06-16T19:33:26.929Z,,,,,,,
windows-backup,D:\tempVidStorage\Sava.schultz Ass PPV OnlyFans Video Leaked.mp4,Sava.schultz Ass PPV OnlyFans Video Leaked.mp4,.mp4,6366161,6.07 MiB,2026-06-14T01:33:08.314Z,2026-06-16T19:33:32.736Z,,,,,,,
windows-backup,D:\tempVidStorage\Sava.schultz Horny Tease OnlyFans Video Leaked.mp4,Sava.schultz Horny Tease OnlyFans Video Leaked.mp4,.mp4,7245753,6.91 MiB,2026-06-14T01:33:33.182Z,2026-06-16T19:33:32.370Z,,,,,,,
windows-backup,D:\tempVidStorage\Sava.schultz Nude Solo Tease OnlyFans Video Leaked.mp4,Sava.schultz Nude Solo Tease OnlyFans Video Leaked.mp4,.mp4,10632457,10.14 MiB,2026-06-14T01:25:41.911Z,2026-06-16T19:33:32.851Z,,,,,,,
windows-backup,D:\tempVidStorage\Sava.schultz Nudes Boobs PPV OnlyFans Video Leaked.mp4,Sava.schultz Nudes Boobs PPV OnlyFans Video Leaked.mp4,.mp4,2190746,2.09 MiB,2026-06-14T01:24:09.408Z,2026-06-16T19:33:33.177Z,,,,,,,
windows-backup,D:\tempVidStorage\Sava.schultz Onlyfans Butt Slap Red Tease Video Leaked.mp4,Sava.schultz Onlyfans Butt Slap Red Tease Video Leaked.mp4,.mp4,5648061,5.39 MiB,2026-06-14T01:27:41.046Z,2026-06-16T19:33:32.770Z,,,,,,,
windows-backup,D:\tempVidStorage\Savaschultz savaschulz savashultz Exclusive Leaked Nude OnlyFans(1).mp4,Savaschultz savaschulz savashultz Exclusive Leaked Nude OnlyFans(1).mp4,.mp4,1815120,1.73 MiB,2026-06-14T01:50:23.988Z,2026-06-16T19:33:31.823Z,,,,,,,
windows-backup,D:\tempVidStorage\Savaschultz savaschulz savashultz Exclusive Leaked Nude OnlyFans(10).mp4,Savaschultz savaschulz savashultz Exclusive Leaked Nude OnlyFans(10).mp4,.mp4,12116616,11.56 MiB,2026-06-14T02:11:45.452Z,2026-06-16T19:33:30.247Z,,,,,,,
windows-backup,D:\tempVidStorage\Savaschultz savaschulz savashultz Exclusive Leaked Nude OnlyFans(11).mp4,Savaschultz savaschulz savashultz Exclusive Leaked Nude OnlyFans(11).mp4,.mp4,3507251,3.34 MiB,2026-06-14T02:14:07.818Z,2026-06-16T19:33:30.096Z,,,,,,,
windows-backup,D:\tempVidStorage\Savaschultz savaschulz savashultz Exclusive Leaked Nude OnlyFans(12).mp4,Savaschultz savaschulz savashultz Exclusive Leaked Nude OnlyFans(12).mp4,.mp4,1759845,1.68 MiB,2026-06-14T02:19:06.180Z,2026-06-16T19:33:29.991Z,,,,,,,
windows-backup,D:\tempVidStorage\Savaschultz savaschulz savashultz Exclusive Leaked Nude OnlyFans(13).mp4,Savaschultz savaschulz savashultz Exclusive Leaked Nude OnlyFans(13).mp4,.mp4,5677617,5.41 MiB,2026-06-14T02:25:17.514Z,2026-06-16T19:33:29.974Z,,,,,,,
windows-backup,D:\tempVidStorage\Savaschultz savaschulz savashultz Exclusive Leaked Nude OnlyFans(14).mp4,Savaschultz savaschulz savashultz Exclusive Leaked Nude OnlyFans(14).mp4,.mp4,645614,630.48 KiB,2026-06-14T02:28:16.317Z,2026-06-16T19:33:29.713Z,,,,,,,
windows-backup,D:\tempVidStorage\Savaschultz savaschulz savashultz Exclusive Leaked Nude OnlyFans(15).mp4,Savaschultz savaschulz savashultz Exclusive Leaked Nude OnlyFans(15).mp4,.mp4,3901376,3.72 MiB,2026-06-14T02:30:01.074Z,2026-06-16T19:33:29.704Z,,,,,,,
windows-backup,D:\tempVidStorage\Savaschultz savaschulz savashultz Exclusive Leaked Nude OnlyFans(16).mp4,Savaschultz savaschulz savashultz Exclusive Leaked Nude OnlyFans(16).mp4,.mp4,1779730,1.70 MiB,2026-06-14T02:30:12.975Z,2026-06-16T19:33:29.533Z,,,,,,,
windows-backup,D:\tempVidStorage\Savaschultz savaschulz savashultz Exclusive Leaked Nude OnlyFans(17).mp4,Savaschultz savaschulz savashultz Exclusive Leaked Nude OnlyFans(17).mp4,.mp4,11072864,10.56 MiB,2026-06-14T02:30:30.596Z,2026-06-16T19:33:29.398Z,,,,,,,
windows-backup,D:\tempVidStorage\Savaschultz savaschulz savashultz Exclusive Leaked Nude OnlyFans(18).mp4,Savaschultz savaschulz savashultz Exclusive Leaked Nude OnlyFans(18).mp4,.mp4,10103177,9.64 MiB,2026-06-14T02:32:05.976Z,2026-06-16T19:33:29.324Z,,,,,,,
windows-backup,D:\tempVidStorage\Savaschultz savaschulz savashultz Exclusive Leaked Nude OnlyFans(19).mp4,Savaschultz savaschulz savashultz Exclusive Leaked Nude OnlyFans(19).mp4,.mp4,3765522,3.59 MiB,2026-06-14T02:34:14.128Z,2026-06-16T19:33:29.305Z,,,,,,,
windows-backup,D:\tempVidStorage\Savaschultz savaschulz savashultz Exclusive Leaked Nude OnlyFans(2).mp4,Savaschultz savaschulz savashultz Exclusive Leaked Nude OnlyFans(2).mp4,.mp4,3445807,3.29 MiB,2026-06-14T01:50:58.684Z,2026-06-16T19:33:31.663Z,,,,,,,
windows-backup,D:\tempVidStorage\Savaschultz savaschulz savashultz Exclusive Leaked Nude OnlyFans(20).mp4,Savaschultz savaschulz savashultz Exclusive Leaked Nude OnlyFans(20).mp4,.mp4,6046255,5.77 MiB,2026-06-14T02:38:51.481Z,2026-06-16T19:33:27.716Z,,,,,,,
windows-backup,D:\tempVidStorage\Savaschultz savaschulz savashultz Exclusive Leaked Nude OnlyFans(21).mp4,Savaschultz savaschulz savashultz Exclusive Leaked Nude OnlyFans(21).mp4,.mp4,7772604,7.41 MiB,2026-06-14T02:40:29.514Z,2026-06-16T19:33:27.551Z,,,,,,,
windows-backup,D:\tempVidStorage\Savaschultz savaschulz savashultz Exclusive Leaked Nude OnlyFans(22).mp4,Savaschultz savaschulz savashultz Exclusive Leaked Nude OnlyFans(22).mp4,.mp4,1091491,1.04 MiB,2026-06-14T02:44:10.443Z,2026-06-16T19:33:27.333Z,,,,,,,
windows-backup,D:\tempVidStorage\Savaschultz savaschulz savashultz Exclusive Leaked Nude OnlyFans(23).mp4,Savaschultz savaschulz savashultz Exclusive Leaked Nude OnlyFans(23).mp4,.mp4,1358047,1.30 MiB,2026-06-14T02:44:41.850Z,2026-06-16T19:33:27.326Z,,,,,,,
windows-backup,D:\tempVidStorage\Savaschultz savaschulz savashultz Exclusive Leaked Nude OnlyFans(24).mp4,Savaschultz savaschulz savashultz Exclusive Leaked Nude OnlyFans(24).mp4,.mp4,4130405,3.94 MiB,2026-06-14T02:45:24.044Z,2026-06-16T19:33:26.989Z,,,,,,,
windows-backup,D:\tempVidStorage\Savaschultz savaschulz savashultz Exclusive Leaked Nude OnlyFans(25).mp4,Savaschultz savaschulz savashultz Exclusive Leaked Nude OnlyFans(25).mp4,.mp4,4331442,4.13 MiB,2026-06-14T16:21:46.505Z,2026-06-16T19:33:21.934Z,,,,,,,
windows-backup,D:\tempVidStorage\Savaschultz savaschulz savashultz Exclusive Leaked Nude OnlyFans(3).mp4,Savaschultz savaschulz savashultz Exclusive Leaked Nude OnlyFans(3).mp4,.mp4,2118162,2.02 MiB,2026-06-14T01:51:52.668Z,2026-06-16T19:33:31.609Z,,,,,,,
windows-backup,D:\tempVidStorage\Savaschultz savaschulz savashultz Exclusive Leaked Nude OnlyFans(4).mp4,Savaschultz savaschulz savashultz Exclusive Leaked Nude OnlyFans(4).mp4,.mp4,3363898,3.21 MiB,2026-06-14T01:53:15.253Z,2026-06-16T19:33:31.441Z,,,,,,,
windows-backup,D:\tempVidStorage\Savaschultz savaschulz savashultz Exclusive Leaked Nude OnlyFans(5).mp4,Savaschultz savaschulz savashultz Exclusive Leaked Nude OnlyFans(5).mp4,.mp4,5384110,5.13 MiB,2026-06-14T01:53:45.843Z,2026-06-16T19:33:31.408Z,,,,,,,
windows-backup,D:\tempVidStorage\Savaschultz savaschulz savashultz Exclusive Leaked Nude OnlyFans(6).mp4,Savaschultz savaschulz savashultz Exclusive Leaked Nude OnlyFans(6).mp4,.mp4,11905581,11.35 MiB,2026-06-14T02:03:27.172Z,2026-06-16T19:33:30.520Z,,,,,,,
windows-backup,D:\tempVidStorage\Savaschultz savaschulz savashultz Exclusive Leaked Nude OnlyFans(7).mp4,Savaschultz savaschulz savashultz Exclusive Leaked Nude OnlyFans(7).mp4,.mp4,1877523,1.79 MiB,2026-06-14T02:09:03.222Z,2026-06-16T19:33:30.498Z,,,,,,,
windows-backup,D:\tempVidStorage\Savaschultz savaschulz savashultz Exclusive Leaked Nude OnlyFans(8).mp4,Savaschultz savaschulz savashultz Exclusive Leaked Nude OnlyFans(8).mp4,.mp4,2384948,2.27 MiB,2026-06-14T02:10:24.753Z,2026-06-16T19:33:30.345Z,,,,,,,
windows-backup,D:\tempVidStorage\Savaschultz savaschulz savashultz Exclusive Leaked Nude OnlyFans(9).mp4,Savaschultz savaschulz savashultz Exclusive Leaked Nude OnlyFans(9).mp4,.mp4,19741765,18.83 MiB,2026-06-14T02:10:54.160Z,2026-06-16T19:33:30.332Z,,,,,,,
windows-backup,D:\tempVidStorage\Savaschultz savaschulz savashultz Exclusive Leaked Nude OnlyFans.mp4,Savaschultz savaschulz savashultz Exclusive Leaked Nude OnlyFans.mp4,.mp4,5183220,4.94 MiB,2026-06-14T01:46:50.682Z,2026-06-16T19:33:31.831Z,,,,,,,
windows-backup,D:\tempVidStorage\Sexy Lily Phillips Picked Up And Creampie In Self Driving Tesla.mp4,Sexy Lily Phillips Picked Up And Creampie In Self Driving Tesla.mp4,.mp4,400100722,381.57 MiB,2026-06-16T02:52:09.087Z,2026-06-16T19:23:23.190Z,,,,,,,
windows-backup,D:\tempVidStorage\Sweet Herry Big Ass Brunette POV Cumshot Compilation Beeg.mp4,Sweet Herry Big Ass Brunette POV Cumshot Compilation Beeg.mp4,.mp4,559193193,533.29 MiB,2026-06-17T02:14:24.162Z,2026-06-17T02:23:16.982Z,,,,,,,
windows-backup,D:\tempVidStorage\TheStartOfUs 3 Juicyyy Cumshots for 18 Yo Uwu Teeny Beeg.mp4,TheStartOfUs 3 Juicyyy Cumshots for 18 Yo Uwu Teeny Beeg.mp4,.mp4,465511033,443.95 MiB,2026-06-16T23:59:39.775Z,2026-06-17T02:33:40.445Z,,,,,,,
windows-backup,D:\tempVidStorage\TheStartOfUs Asm-r You Cumming ️ 3 Huge Cumshots Beeg.mp4,TheStartOfUs Asm-r You Cumming ️ 3 Huge Cumshots Beeg.mp4,.mp4,95112839,90.71 MiB,2026-06-16T23:54:32.902Z,2026-06-17T02:35:45.553Z,,,,,,,
windows-backup,D:\tempVidStorage\TheStartOfUs gamer Girl Fucks around Finds Out he Cums how many.mp4,TheStartOfUs gamer Girl Fucks around Finds Out he Cums how many.mp4,.mp4,441718760,421.26 MiB,2026-06-16T23:59:19.512Z,2026-06-17T02:35:45.460Z,,,,,,,
windows-backup,D:\tempVidStorage\Tommy Wood Nurse Role-Play with POV Doggy and Cumshot Beeg.mp4,Tommy Wood Nurse Role-Play with POV Doggy and Cumshot Beeg.mp4,.mp4,395952633,377.61 MiB,2026-06-16T01:17:06.250Z,2026-06-16T19:26:57.125Z,,,,,,,
windows-backup,D:\tempVidStorage\Urfavbellabby Fucked On The Golf Course Video Leaked.mp4,Urfavbellabby Fucked On The Golf Course Video Leaked.mp4,.mp4,22609952,21.56 MiB,2026-06-17T00:23:07.355Z,2026-06-17T02:25:04.017Z,,,,,,,
windows-backup,D:\tempVidStorage\Urfavbellabby Sex in Car Video Leaked.mp4,Urfavbellabby Sex in Car Video Leaked.mp4,.mp4,26840942,25.60 MiB,2026-06-17T00:27:29.030Z,2026-06-17T02:25:03.134Z,,,,,,,
windows-backup,D:\tempVidStorage\video-2026-06-19T09-46-04.726Z.ts,video-2026-06-19T09-46-04.726Z.ts,.ts,50882576,48.53 MiB,2026-06-19T09:46:05.162Z,2026-06-20T08:11:29.428Z,,,,,,,
windows-backup,D:\tempVidStorage\video-2026-06-19T09-52-32.645Z.ts,video-2026-06-19T09-52-32.645Z.ts,.ts,515088604,491.23 MiB,2026-06-19T09:52:34.052Z,2026-06-20T08:11:23.294Z,,,,,,,
windows-backup,D:\tempVidStorage\video-2026-06-19T10-12-48.740Z.ts,video-2026-06-19T10-12-48.740Z.ts,.ts,463102656,441.65 MiB,2026-06-19T10:12:50.588Z,2026-06-20T08:11:23.114Z,,,,,,,
windows-backup,D:\tempVidStorage\video-2026-06-19T10-42-52.202Z.ts,video-2026-06-19T10-42-52.202Z.ts,.ts,298833144,284.99 MiB,2026-06-19T10:42:53.257Z,2026-06-20T08:11:29.687Z,,,,,,,
windows-backup,D:\tempVidStorage\missing\(28).mp4,(28).mp4,.mp4,3748688,3.58 MiB,2026-06-20T22:34:13.569Z,2026-06-20T22:35:24.024Z,,,,,,,
windows-backup,D:\tempVidStorage\missing\14318872.mp4,14318872.mp4,.mp4,564221211,538.08 MiB,2026-06-20T22:23:51.589Z,2026-06-20T22:35:24.374Z,,,,,,,
windows-backup,D:\tempVidStorage\missing\32038_720p.mp4,32038_720p.mp4,.mp4,191049459,182.20 MiB,2026-06-20T22:07:23.434Z,2026-06-20T22:35:50.568Z,,,,,,,
windows-backup,D:\tempVidStorage\missing\484374_720p.mp4,484374_720p.mp4,.mp4,58233262,55.54 MiB,2026-06-20T22:07:33.896Z,2026-06-20T22:35:50.524Z,,,,,,,
windows-backup,D:\tempVidStorage\missing\513329_720.mp4,513329_720.mp4,.mp4,72459810,69.10 MiB,2026-06-20T22:21:21.006Z,2026-06-20T22:35:31.541Z,,,,,,,
windows-backup,D:\tempVidStorage\missing\51591.mp4,51591.mp4,.mp4,272625353,260.00 MiB,2026-06-20T22:30:48.982Z,2026-06-20T22:35:24.136Z,,,,,,,
windows-backup,D:\tempVidStorage\missing\550807_720p.mp4,550807_720p.mp4,.mp4,213995637,204.08 MiB,2026-06-20T22:05:42.431Z,2026-06-20T22:35:50.628Z,,,,,,,
windows-backup,D:\tempVidStorage\missing\556530_720p.mp4,556530_720p.mp4,.mp4,550263227,524.77 MiB,2026-06-20T22:12:31.589Z,2026-06-20T22:35:21.579Z,,,,,,,
windows-backup,D:\tempVidStorage\missing\564677_720p.mp4,564677_720p.mp4,.mp4,70392847,67.13 MiB,2026-06-20T22:21:29.268Z,2026-06-20T22:35:31.500Z,,,,,,,
windows-backup,D:\tempVidStorage\missing\@MLHUBOF Telegram 🌌🔥 - 870 - cute geekie.mp4,@MLHUBOF Telegram 🌌🔥 - 870 - cute geekie.mp4,.mp4,10602953,10.11 MiB,2026-06-20T22:25:36.615Z,2026-06-20T22:35:24.334Z,,,,,,,
windows-backup,D:\tempVidStorage\missing\@MLHUBOF Telegram 🌌🔥 - 959.mp4,@MLHUBOF Telegram 🌌🔥 - 959.mp4,.mp4,25866922,24.67 MiB,2026-06-20T22:29:28.751Z,2026-06-20T22:35:24.236Z,,,,,,,
windows-backup,D:\tempVidStorage\missing\b072fcb9f821c935f46a4ed67477a041.mp4,b072fcb9f821c935f46a4ed67477a041.mp4,.mp4,414044946,394.86 MiB,2026-06-20T22:20:09.537Z,2026-06-20T22:35:31.676Z,,,,,,,
windows-backup,D:\tempVidStorage\anrdoidBackup\(116).MP4,(116).MP4,.mp4,18785382,17.92 MiB,2026-06-02T00:41:35.000Z,2026-06-20T20:55:30.340Z,,,,,,,
windows-backup,D:\tempVidStorage\anrdoidBackup\(19).MP4,(19).MP4,.mp4,39064427,37.25 MiB,2026-06-02T00:39:38.000Z,2026-06-20T20:55:25.437Z,,,,,,,
windows-backup,D:\tempVidStorage\anrdoidBackup\(21).MP4,(21).MP4,.mp4,35337833,33.70 MiB,2026-06-02T00:39:28.000Z,2026-06-20T20:55:27.292Z,,,,,,,
windows-backup,D:\tempVidStorage\anrdoidBackup\(31).MP4,(31).MP4,.mp4,24613509,23.47 MiB,2026-06-02T00:40:43.000Z,2026-06-20T20:55:28.854Z,,,,,,,
windows-backup,D:\tempVidStorage\anrdoidBackup\0c194b909a8200e58550eaff39154d1faaa821f417d6a10ca949c247c50fed94.mp4,0c194b909a8200e58550eaff39154d1faaa821f417d6a10ca949c247c50fed94.mp4,.mp4,26345752,25.13 MiB,2026-06-02T00:46:28.000Z,2026-06-20T20:45:59.826Z,,,,,,,
windows-backup,D:\tempVidStorage\anrdoidBackup\0nLf0hfdEcUrDyYt.mov,0nLf0hfdEcUrDyYt.mov,.mov,5067916,4.83 MiB,2026-06-02T00:46:30.000Z,2026-06-20T20:46:00.910Z,,,,,,,
windows-backup,D:\tempVidStorage\anrdoidBackup\107016.mp4,107016.mp4,.mp4,6160688,5.88 MiB,2026-06-02T00:58:59.000Z,2026-06-20T20:46:44.958Z,,,,,,,
windows-backup,D:\tempVidStorage\anrdoidBackup\107774.mp4,107774.mp4,.mp4,65243975,62.22 MiB,2026-06-02T01:00:11.000Z,2026-06-20T20:46:45.386Z,,,,,,,
windows-backup,D:\tempVidStorage\anrdoidBackup\141711.mp4,141711.mp4,.mp4,8806111,8.40 MiB,2026-06-02T01:04:20.000Z,2026-06-20T20:46:48.372Z,,,,,,,
windows-backup,D:\tempVidStorage\anrdoidBackup\148460_1080p.mp4,148460_1080p.mp4,.mp4,326147372,311.04 MiB,2026-06-02T01:06:12.000Z,2026-06-20T20:46:48.910Z,,,,,,,
windows-backup,D:\tempVidStorage\anrdoidBackup\151344.mp4,151344.mp4,.mp4,10229287,9.76 MiB,2026-06-02T01:04:11.000Z,2026-06-20T20:46:59.281Z,,,,,,,
windows-backup,D:\tempVidStorage\anrdoidBackup\15517_720p.mp4,15517_720p.mp4,.mp4,44634144,42.57 MiB,2026-06-02T00:48:04.000Z,2026-06-20T20:46:30.061Z,,,,,,,
windows-backup,D:\tempVidStorage\anrdoidBackup\169870_1080p.mp4,169870_1080p.mp4,.mp4,191052542,182.20 MiB,2026-06-02T01:07:15.000Z,2026-06-20T20:46:59.961Z,,,,,,,
windows-backup,D:\tempVidStorage\anrdoidBackup\169901_1080p.mp4,169901_1080p.mp4,.mp4,17627866,16.81 MiB,2026-06-02T01:04:07.000Z,2026-06-20T20:47:06.537Z,,,,,,,
windows-backup,D:\tempVidStorage\anrdoidBackup\169902_1080p.mp4,169902_1080p.mp4,.mp4,9512879,9.07 MiB,2026-06-02T01:06:17.000Z,2026-06-20T20:47:07.475Z,,,,,,,
windows-backup,D:\tempVidStorage\anrdoidBackup\176349.mp4,176349.mp4,.mp4,5871579,5.60 MiB,2026-06-02T01:04:14.000Z,2026-06-20T20:47:08.132Z,,,,,,,
windows-backup,D:\tempVidStorage\anrdoidBackup\183438_720p.mp4,183438_720p.mp4,.mp4,8653920,8.25 MiB,2026-06-02T01:04:00.000Z,2026-06-20T20:47:08.516Z,,,,,,,
windows-backup,D:\tempVidStorage\anrdoidBackup\197670.mp4,197670.mp4,.mp4,5522458,5.27 MiB,2026-06-02T01:07:17.000Z,2026-06-20T20:47:09.095Z,,,,,,,
windows-backup,D:\tempVidStorage\anrdoidBackup\199989.mp4,199989.mp4,.mp4,28709314,27.38 MiB,2026-06-02T01:10:55.000Z,2026-06-20T20:47:09.467Z,,,,,,,
windows-backup,D:\tempVidStorage\anrdoidBackup\207601_720p.mp4,207601_720p.mp4,.mp4,393069701,374.86 MiB,2026-06-02T01:10:46.000Z,2026-06-20T20:47:10.695Z,,,,,,,
windows-backup,D:\tempVidStorage\anrdoidBackup\214616.mp4,214616.mp4,.mp4,46387767,44.24 MiB,2026-06-02T01:10:53.000Z,2026-06-20T20:47:23.721Z,,,,,,,
windows-backup,D:\tempVidStorage\anrdoidBackup\217809.mp4,217809.mp4,.mp4,43059784,41.07 MiB,2026-06-02T01:10:59.000Z,2026-06-20T20:47:25.804Z,,,,,,,
windows-backup,D:\tempVidStorage\anrdoidBackup\2209.mp4,2209.mp4,.mp4,291954475,278.43 MiB,2026-06-02T00:49:29.000Z,2026-06-20T20:46:11.019Z,,,,,,,
windows-backup,D:\tempVidStorage\anrdoidBackup\223120.mp4,223120.mp4,.mp4,31776353,30.30 MiB,2026-06-02T01:10:49.000Z,2026-06-20T20:47:27.528Z,,,,,,,
windows-backup,D:\tempVidStorage\anrdoidBackup\256433_720p.mp4,256433_720p.mp4,.mp4,177296903,169.08 MiB,2026-06-02T01:10:07.000Z,2026-06-20T20:47:28.885Z,,,,,,,
windows-backup,D:\tempVidStorage\anrdoidBackup\2783 cutelittlepearl leather sextape.mp4,2783 cutelittlepearl leather sextape.mp4,.mp4,204751564,195.27 MiB,2026-06-02T00:48:38.000Z,2026-06-20T20:46:21.129Z,,,,,,,
windows-backup,D:\tempVidStorage\anrdoidBackup\278848_720p.mp4,278848_720p.mp4,.mp4,57541657,54.88 MiB,2026-06-02T01:08:31.000Z,2026-06-20T20:47:35.243Z,,,,,,,
windows-backup,D:\tempVidStorage\anrdoidBackup\360 1.mp4,360 1.mp4,.mp4,42082287,40.13 MiB,2026-06-02T00:46:39.000Z,2026-06-20T20:46:01.447Z,,,,,,,
windows-backup,D:\tempVidStorage\anrdoidBackup\360 3.mp4,360 3.mp4,.mp4,42904316,40.92 MiB,2026-06-02T00:46:47.000Z,2026-06-20T20:46:03.060Z,,,,,,,
windows-backup,D:\tempVidStorage\anrdoidBackup\360 4.mp4,360 4.mp4,.mp4,35128292,33.50 MiB,2026-06-02T00:48:56.000Z,2026-06-20T20:46:06.161Z,,,,,,,
windows-backup,D:\tempVidStorage\anrdoidBackup\360 5.mp4,360 5.mp4,.mp4,25504571,24.32 MiB,2026-06-02T00:48:07.000Z,2026-06-20T20:46:07.816Z,,,,,,,
windows-backup,D:\tempVidStorage\anrdoidBackup\360.mp4,360.mp4,.mp4,49354479,47.07 MiB,2026-06-02T00:48:50.000Z,2026-06-20T20:46:09.216Z,,,,,,,
windows-backup,D:\tempVidStorage\anrdoidBackup\362027_720p.mp4,362027_720p.mp4,.mp4,191957338,183.06 MiB,2026-06-02T01:09:28.000Z,2026-06-20T20:47:37.402Z,,,,,,,
windows-backup,D:\tempVidStorage\anrdoidBackup\3869.mp4,3869.mp4,.mp4,42913012,40.93 MiB,2026-06-02T00:48:43.000Z,2026-06-20T20:46:28.415Z,,,,,,,
windows-backup,D:\tempVidStorage\anrdoidBackup\3888823_hq.mp4,3888823_hq.mp4,.mp4,95930069,91.49 MiB,2026-06-02T01:17:00.000Z,2026-06-20T20:48:36.840Z,,,,,,,
windows-backup,D:\tempVidStorage\anrdoidBackup\398761_720p.mp4,398761_720p.mp4,.mp4,31661017,30.19 MiB,2026-06-02T01:11:01.000Z,2026-06-20T20:47:44.261Z,,,,,,,
windows-backup,D:\tempVidStorage\anrdoidBackup\400317_720p.mp4,400317_720p.mp4,.mp4,47826742,45.61 MiB,2026-06-02T01:12:06.000Z,2026-06-20T20:47:45.870Z,,,,,,,
windows-backup,D:\tempVidStorage\anrdoidBackup\407017_720p.mp4,407017_720p.mp4,.mp4,35608489,33.96 MiB,2026-06-02T01:11:44.000Z,2026-06-20T20:47:47.835Z,,,,,,,
windows-backup,D:\tempVidStorage\anrdoidBackup\41251.mp4,41251.mp4,.mp4,10778064,10.28 MiB,2026-06-02T00:48:56.000Z,2026-06-20T20:46:31.890Z,,,,,,,
windows-backup,D:\tempVidStorage\anrdoidBackup\43619.mp4,43619.mp4,.mp4,34969369,33.35 MiB,2026-06-02T00:59:47.000Z,2026-06-20T20:46:32.611Z,,,,,,,
windows-backup,D:\tempVidStorage\anrdoidBackup\438588_720p.mp4,438588_720p.mp4,.mp4,64060147,61.09 MiB,2026-06-02T01:12:00.000Z,2026-06-20T20:47:49.316Z,,,,,,,
windows-backup,D:\tempVidStorage\anrdoidBackup\442610_720p.mp4,442610_720p.mp4,.mp4,37230842,35.51 MiB,2026-06-02T01:12:25.000Z,2026-06-20T20:47:51.875Z,,,,,,,
windows-backup,D:\tempVidStorage\anrdoidBackup\442642_720p.mp4,442642_720p.mp4,.mp4,70762008,67.48 MiB,2026-06-02T01:12:11.000Z,2026-06-20T20:47:53.416Z,,,,,,,
windows-backup,D:\tempVidStorage\anrdoidBackup\444464.mp4,444464.mp4,.mp4,6896728,6.58 MiB,2026-06-02T01:12:26.000Z,2026-06-20T20:47:56.243Z,,,,,,,
windows-backup,D:\tempVidStorage\anrdoidBackup\444474.mp4,444474.mp4,.mp4,12433684,11.86 MiB,2026-06-02T01:11:48.000Z,2026-06-20T20:47:56.754Z,,,,,,,
windows-backup,D:\tempVidStorage\anrdoidBackup\449071_720p.mp4,449071_720p.mp4,.mp4,55502532,52.93 MiB,2026-06-02T01:12:17.000Z,2026-06-20T20:47:57.459Z,,,,,,,
windows-backup,D:\tempVidStorage\anrdoidBackup\455505_720p.mp4,455505_720p.mp4,.mp4,18644349,17.78 MiB,2026-06-02T01:12:20.000Z,2026-06-20T20:47:59.573Z,,,,,,,
windows-backup,D:\tempVidStorage\anrdoidBackup\467345_720p.mp4,467345_720p.mp4,.mp4,46669863,44.51 MiB,2026-06-02T01:17:04.000Z,2026-06-20T20:48:00.622Z,,,,,,,
windows-backup,D:\tempVidStorage\anrdoidBackup\46783.mp4,46783.mp4,.mp4,12142634,11.58 MiB,2026-06-02T00:59:00.000Z,2026-06-20T20:46:34.107Z,,,,,,,
windows-backup,D:\tempVidStorage\anrdoidBackup\484359_720p.mp4,484359_720p.mp4,.mp4,182301289,173.86 MiB,2026-06-02T01:15:18.000Z,2026-06-20T20:48:02.601Z,,,,,,,
windows-backup,D:\tempVidStorage\anrdoidBackup\487723_720p.mp4,487723_720p.mp4,.mp4,203563976,194.13 MiB,2026-06-02T01:16:51.000Z,2026-06-20T20:48:08.727Z,,,,,,,
windows-backup,D:\tempVidStorage\anrdoidBackup\540598_720p.mp4,540598_720p.mp4,.mp4,387879135,369.91 MiB,2026-06-02T01:17:42.000Z,2026-06-20T20:48:16.369Z,,,,,,,
windows-backup,D:\tempVidStorage\anrdoidBackup\548555_720p.mp4,548555_720p.mp4,.mp4,240869964,229.71 MiB,2026-06-02T01:16:31.000Z,2026-06-20T20:48:28.387Z,,,,,,,
windows-backup,D:\tempVidStorage\anrdoidBackup\6513.mp4,6513.mp4,.mp4,1251429,1.19 MiB,2026-06-02T00:47:58.000Z,2026-06-20T20:46:29.920Z,,,,,,,
windows-backup,D:\tempVidStorage\anrdoidBackup\71357paid.mp4,71357paid.mp4,.mp4,104663074,99.81 MiB,2026-06-02T01:00:00.000Z,2026-06-20T20:46:34.658Z,,,,,,,
windows-backup,D:\tempVidStorage\anrdoidBackup\79568.mp4,79568.mp4,.mp4,35530236,33.88 MiB,2026-06-02T00:58:58.000Z,2026-06-20T20:46:38.681Z,,,,,,,
windows-backup,D:\tempVidStorage\anrdoidBackup\83397.mp4,83397.mp4,.mp4,56948030,54.31 MiB,2026-06-02T00:58:54.000Z,2026-06-20T20:46:40.188Z,,,,,,,
windows-backup,D:\tempVidStorage\anrdoidBackup\97970164000c08f0fef549c141e1af0d5c2b4510c51.mp4,97970164000c08f0fef549c141e1af0d5c2b4510c51.mp4,.mp4,131927171,125.82 MiB,2026-06-02T01:14:57.000Z,2026-06-20T20:48:40.580Z,,,,,,,
windows-backup,D:\tempVidStorage\anrdoidBackup\99022_720p.mp4,99022_720p.mp4,.mp4,64218137,61.24 MiB,2026-06-02T00:58:50.000Z,2026-06-20T20:46:42.399Z,,,,,,,
windows-backup,D:\tempVidStorage\anrdoidBackup\@boomboomhub TG (39).MP4,@boomboomhub TG (39).MP4,.mp4,271498774,258.92 MiB,2026-06-02T00:42:53.000Z,2026-06-20T20:55:31.462Z,,,,,,,
windows-backup,D:\tempVidStorage\anrdoidBackup\@boomboomhub TG (43).MP4,@boomboomhub TG (43).MP4,.mp4,71112035,67.82 MiB,2026-06-02T00:41:13.000Z,2026-06-20T20:55:41.882Z,,,,,,,
windows-backup,D:\tempVidStorage\anrdoidBackup\@boomboomhub TG (50).MP4,@boomboomhub TG (50).MP4,.mp4,106462298,101.53 MiB,2026-06-02T00:40:34.000Z,2026-06-20T20:45:32.907Z,,,,,,,
windows-backup,D:\tempVidStorage\anrdoidBackup\@DailyLeaksMain_5a6152622c58eb1a882b28ad94a5b92dbafc2eaa155bb35c1ce00b835156eba3.MP4,@DailyLeaksMain_5a6152622c58eb1a882b28ad94a5b92dbafc2eaa155bb35c1ce00b835156eba3.MP4,.mp4,72994419,69.61 MiB,2026-06-02T00:41:29.000Z,2026-06-20T20:45:37.106Z,,,,,,,
windows-backup,D:\tempVidStorage\anrdoidBackup\@MLHUBOF Telegram 🌌🔥 - 537.M4V,@MLHUBOF Telegram 🌌🔥 - 537.M4V,.m4v,76651228,73.10 MiB,2026-06-02T00:45:22.000Z,2026-06-20T20:45:40.029Z,,,,,,,
windows-backup,D:\tempVidStorage\anrdoidBackup\@MLHUBOF Telegram 🌌🔥 - 558.MP4,@MLHUBOF Telegram 🌌🔥 - 558.MP4,.mp4,58011353,55.32 MiB,2026-06-02T00:44:32.000Z,2026-06-20T20:45:43.065Z,,,,,,,
windows-backup,D:\tempVidStorage\anrdoidBackup\@MLHUBOF Telegram 🌌🔥 - 793.M4V,@MLHUBOF Telegram 🌌🔥 - 793.M4V,.m4v,189460157,180.68 MiB,2026-06-02T00:45:43.000Z,2026-06-20T20:45:45.551Z,,,,,,,
windows-backup,D:\tempVidStorage\anrdoidBackup\Ayucpl.MP4,Ayucpl.MP4,.mp4,500537437,477.35 MiB,2026-06-02T01:16:07.000Z,2026-06-20T20:48:45.540Z,,,,,,,
windows-backup,D:\tempVidStorage\anrdoidBackup\b4b6c2d0fc023a2f9bff6ffb4865c66444afe6ffb05a331d1fa29a3f50d181b4.mp4,b4b6c2d0fc023a2f9bff6ffb4865c66444afe6ffb05a331d1fa29a3f50d181b4.mp4,.mp4,14761627,14.08 MiB,2026-06-02T01:17:06.000Z,2026-06-20T20:49:01.509Z,,,,,,,
windows-backup,D:\tempVidStorage\anrdoidBackup\c60133f91ac7a5f18769c96232cd4d9b03e85cc5ce8e0be365d73cf81d675d6e.mp4,c60133f91ac7a5f18769c96232cd4d9b03e85cc5ce8e0be365d73cf81d675d6e.mp4,.mp4,15958995,15.22 MiB,2026-06-02T02:29:09.000Z,2026-06-20T20:49:02.387Z,,,,,,,
windows-backup,D:\tempVidStorage\anrdoidBackup\Fap__01cfdec15d25f9cd19397c0709e49162.mp4,Fap__01cfdec15d25f9cd19397c0709e49162.mp4,.mp4,220218023,210.02 MiB,2026-06-02T02:28:22.000Z,2026-06-20T20:49:03.203Z,,,,,,,
windows-backup,D:\tempVidStorage\anrdoidBackup\Fap__1c31400144c5b4a8cb977202cfb8121c.m4v,Fap__1c31400144c5b4a8cb977202cfb8121c.m4v,.m4v,46641046,44.48 MiB,2026-06-02T02:27:47.000Z,2026-06-20T20:49:10.653Z,,,,,,,
windows-backup,D:\tempVidStorage\anrdoidBackup\Fap__5e5eb028f60361971febc5850e5c000c.mp4,Fap__5e5eb028f60361971febc5850e5c000c.mp4,.mp4,243297199,232.03 MiB,2026-06-02T02:31:38.000Z,2026-06-20T20:49:12.408Z,,,,,,,
windows-backup,D:\tempVidStorage\anrdoidBackup\HkkzMtwQexuQzwkQMekM.mp4,HkkzMtwQexuQzwkQMekM.mp4,.mp4,666688410,635.80 MiB,2026-06-02T02:30:57.000Z,2026-06-20T20:49:21.196Z,,,,,,,
windows-backup,D:\tempVidStorage\anrdoidBackup\HkxQxzewMkuQzwkQneee.mp4,HkxQxzewMkuQzwkQneee.mp4,.mp4,38854095,37.05 MiB,2026-06-02T02:31:00.000Z,2026-06-20T20:49:41.232Z,,,,,,,
windows-backup,D:\tempVidStorage\anrdoidBackup\HxtQnxktezuQzwketwMx.mp4,HxtQnxktezuQzwketwMx.mp4,.mp4,303208133,289.16 MiB,2026-06-02T02:28:53.000Z,2026-06-20T20:49:43.062Z,,,,,,,
windows-backup,D:\tempVidStorage\anrdoidBackup\Jakara Mitchell Glasses Sex Tape Video Leaked - Fapptime.mp4,Jakara Mitchell Glasses Sex Tape Video Leaked - Fapptime.mp4,.mp4,128927376,122.95 MiB,2026-06-02T02:29:07.000Z,2026-06-20T20:49:53.157Z,,,,,,,
windows-backup,D:\tempVidStorage\anrdoidBackup\jazmen-jafar-hard-fuck-and-facial.mp4,jazmen-jafar-hard-fuck-and-facial.mp4,.mp4,48789720,46.53 MiB,2026-06-02T02:31:07.000Z,2026-06-20T20:49:58.109Z,,,,,,,
windows-backup,D:\tempVidStorage\anrdoidBackup\Join ✨@ofxmega on [TELEGRAM] (218).MP4,Join ✨@ofxmega on [TELEGRAM] (218).MP4,.mp4,54937699,52.39 MiB,2026-06-02T02:34:21.000Z,2026-06-20T20:50:00.211Z,,,,,,,
windows-backup,D:\tempVidStorage\anrdoidBackup\Join ✨@ofxmega on [TELEGRAM] (283).MP4,Join ✨@ofxmega on [TELEGRAM] (283).MP4,.mp4,40967718,39.07 MiB,2026-06-02T02:33:36.000Z,2026-06-20T20:50:02.317Z,,,,,,,
windows-backup,D:\tempVidStorage\anrdoidBackup\JoinUs @RisqueMega 184.M4V,JoinUs @RisqueMega 184.M4V,.m4v,433398339,413.32 MiB,2026-06-02T02:37:03.000Z,2026-06-20T20:51:05.104Z,,,,,,,
windows-backup,D:\tempVidStorage\anrdoidBackup\JoinUs @RisqueMega 233.MP4,JoinUs @RisqueMega 233.MP4,.mp4,318497028,303.74 MiB,2026-06-02T02:34:15.000Z,2026-06-20T20:51:17.908Z,,,,,,,
windows-backup,D:\tempVidStorage\anrdoidBackup\JoinUs @RisqueMega 25.MP4,JoinUs @RisqueMega 25.MP4,.mp4,790227436,753.62 MiB,2026-06-02T02:36:27.000Z,2026-06-20T20:50:03.667Z,,,,,,,
windows-backup,D:\tempVidStorage\anrdoidBackup\JoinUs @RisqueMega 61.M4V,JoinUs @RisqueMega 61.M4V,.m4v,566805180,540.55 MiB,2026-06-02T02:38:05.000Z,2026-06-20T20:50:26.608Z,,,,,,,
windows-backup,D:\tempVidStorage\anrdoidBackup\JoinUs @RisqueMega 64.MP4,JoinUs @RisqueMega 64.MP4,.mp4,629115851,599.97 MiB,2026-06-02T02:35:22.000Z,2026-06-20T20:50:45.041Z,,,,,,,
windows-backup,D:\tempVidStorage\anrdoidBackup\jvlrc49ddg~7KxkgZMm9j.mp4,jvlrc49ddg~7KxkgZMm9j.mp4,.mp4,67344852,64.23 MiB,2026-06-02T02:33:49.000Z,2026-06-20T20:51:29.141Z,,,,,,,
windows-backup,D:\tempVidStorage\anrdoidBackup\n6utt4v0th~oBjJ4OdyPb.mp4,n6utt4v0th~oBjJ4OdyPb.mp4,.mp4,105325223,100.45 MiB,2026-06-02T02:37:14.000Z,2026-06-20T20:51:31.886Z,,,,,,,
windows-backup,D:\tempVidStorage\anrdoidBackup\OF4LM.COM is our home__282.MP4,OF4LM.COM is our home__282.MP4,.mp4,98930019,94.35 MiB,2026-06-02T02:40:13.000Z,2026-06-20T20:51:36.027Z,,,,,,,
windows-backup,D:\tempVidStorage\anrdoidBackup\OF4LM.COM is our home__297.MP4,OF4LM.COM is our home__297.MP4,.mp4,30120770,28.73 MiB,2026-06-02T02:39:05.000Z,2026-06-20T20:51:40.340Z,,,,,,,
windows-backup,D:\tempVidStorage\anrdoidBackup\OF4LM.COM is our home__315.MP4,OF4LM.COM is our home__315.MP4,.mp4,11518816,10.99 MiB,2026-06-02T02:39:02.000Z,2026-06-20T20:51:41.757Z,,,,,,,
windows-backup,D:\tempVidStorage\anrdoidBackup\OF4LM.COM is our home__360.MP4,OF4LM.COM is our home__360.MP4,.mp4,26694757,25.46 MiB,2026-06-02T02:40:18.000Z,2026-06-20T20:51:42.517Z,,,,,,,
windows-backup,D:\tempVidStorage\anrdoidBackup\OF4LM.COM is our home__377.MP4,OF4LM.COM is our home__377.MP4,.mp4,76815709,73.26 MiB,2026-06-02T02:39:56.000Z,2026-06-20T20:51:43.991Z,,,,,,,
windows-backup,D:\tempVidStorage\anrdoidBackup\OF4LM.COM is our home__400.MP4,OF4LM.COM is our home__400.MP4,.mp4,39434671,37.61 MiB,2026-06-02T02:39:17.000Z,2026-06-20T20:51:47.465Z,,,,,,,
windows-backup,D:\tempVidStorage\anrdoidBackup\OF4LM.COM is our home__406.MP4,OF4LM.COM is our home__406.MP4,.mp4,77456929,73.87 MiB,2026-06-02T02:38:59.000Z,2026-06-20T20:51:49.306Z,,,,,,,
windows-backup,D:\tempVidStorage\anrdoidBackup\PlugLeakz.net - Join Telegram @PlugLeaksHub (198).MP4,PlugLeakz.net - Join Telegram @PlugLeaksHub (198).MP4,.mp4,185587314,176.99 MiB,2026-06-02T02:39:45.000Z,2026-06-20T20:51:52.866Z,,,,,,,
windows-backup,D:\tempVidStorage\anrdoidBackup\PlugLeakz.net - Join Telegram @PlugLeaksHub (224).MP4,PlugLeakz.net - Join Telegram @PlugLeaksHub (224).MP4,.mp4,528198691,503.73 MiB,2026-06-02T02:41:43.000Z,2026-06-20T20:51:59.786Z,,,,,,,
windows-backup,D:\tempVidStorage\anrdoidBackup\ruth-lee-after-gym-blowjob-titty-fuck-cumshot-video-leaked-480p.mp4,ruth-lee-after-gym-blowjob-titty-fuck-cumshot-video-leaked-480p.mp4,.mp4,45149379,43.06 MiB,2026-06-02T02:46:17.000Z,2026-06-20T20:52:18.117Z,,,,,,,
windows-backup,D:\tempVidStorage\anrdoidBackup\Sava-Schultz-2.mp4,Sava-Schultz-2.mp4,.mp4,34431330,32.84 MiB,2026-06-02T02:44:53.000Z,2026-06-20T20:52:20.144Z,,,,,,,
windows-backup,D:\tempVidStorage\anrdoidBackup\ScreenRecording_05-20-2026 23-16-39_1.MP4,ScreenRecording_05-20-2026 23-16-39_1.MP4,.mp4,55524763,52.95 MiB,2026-06-02T02:45:21.000Z,2026-06-20T20:52:21.493Z,,,,,,,
windows-backup,D:\tempVidStorage\anrdoidBackup\ScreenRecording_05-20-2026 23-18-19_1.MP4,ScreenRecording_05-20-2026 23-18-19_1.MP4,.mp4,114911439,109.59 MiB,2026-06-02T02:49:37.000Z,2026-06-20T20:52:23.547Z,,,,,,,
windows-backup,D:\tempVidStorage\anrdoidBackup\v 1.mp4,v 1.mp4,.mp4,59520865,56.76 MiB,2026-06-02T02:48:09.000Z,2026-06-20T20:52:28.123Z,,,,,,,
windows-backup,D:\tempVidStorage\anrdoidBackup\v 2.mp4,v 2.mp4,.mp4,396968314,378.58 MiB,2026-06-02T02:47:50.000Z,2026-06-20T20:52:30.705Z,,,,,,,
windows-backup,D:\tempVidStorage\anrdoidBackup\v 3.mp4,v 3.mp4,.mp4,53625092,51.14 MiB,2026-06-02T02:45:08.000Z,2026-06-20T20:52:44.386Z,,,,,,,
windows-backup,D:\tempVidStorage\anrdoidBackup\v 4.mp4,v 4.mp4,.mp4,226085563,215.61 MiB,2026-06-02T02:46:06.000Z,2026-06-20T20:52:46.823Z,,,,,,,
windows-backup,D:\tempVidStorage\anrdoidBackup\v 5.mp4,v 5.mp4,.mp4,229963559,219.31 MiB,2026-06-02T02:49:13.000Z,2026-06-20T20:52:55.044Z,,,,,,,
windows-backup,D:\tempVidStorage\anrdoidBackup\v.mp4,v.mp4,.mp4,94145805,89.78 MiB,2026-06-02T02:58:32.000Z,2026-06-20T20:53:03.796Z,,,,,,,
windows-backup,D:\tempVidStorage\anrdoidBackup\vid_480p.mp4,vid_480p.mp4,.mp4,72734697,69.37 MiB,2026-06-02T03:01:07.000Z,2026-06-20T20:53:07.322Z,,,,,,,
windows-backup,D:\tempVidStorage\anrdoidBackup\Visit onlyshare.io for MORE (1).MP4,Visit onlyshare.io for MORE (1).MP4,.mp4,53797624,51.31 MiB,2026-06-02T02:58:17.000Z,2026-06-20T20:53:10.283Z,,,,,,,
windows-backup,D:\tempVidStorage\anrdoidBackup\Visit onlyshare.io for MORE (28).MP4,Visit onlyshare.io for MORE (28).MP4,.mp4,19218050,18.33 MiB,2026-06-02T02:55:22.000Z,2026-06-20T20:53:18.960Z,,,,,,,
windows-backup,D:\tempVidStorage\anrdoidBackup\Visit onlyshare.io for MORE (5).MP4,Visit onlyshare.io for MORE (5).MP4,.mp4,66625614,63.54 MiB,2026-06-02T03:01:33.000Z,2026-06-20T20:53:12.842Z,,,,,,,
windows-backup,D:\tempVidStorage\anrdoidBackup\Visit onlyshare.io for MORE (7).MP4,Visit onlyshare.io for MORE (7).MP4,.mp4,13371987,12.75 MiB,2026-06-02T02:58:34.000Z,2026-06-20T20:53:15.775Z,,,,,,,
windows-backup,D:\tempVidStorage\anrdoidBackup\Visit onlyshare.io FOR MORE (8).MP4,Visit onlyshare.io FOR MORE (8).MP4,.mp4,55332943,52.77 MiB,2026-06-02T03:01:22.000Z,2026-06-20T20:53:16.486Z,,,,,,,
windows-backup,D:\tempVidStorage\anrdoidBackup\Visit onlyshare.io for MORE 04419.MP4,Visit onlyshare.io for MORE 04419.MP4,.mp4,118784713,113.28 MiB,2026-06-02T03:09:08.000Z,2026-06-20T20:55:09.795Z,,,,,,,
windows-backup,D:\tempVidStorage\anrdoidBackup\Visit onlyshare.io for MORE 05135.MP4,Visit onlyshare.io for MORE 05135.MP4,.mp4,135836622,129.54 MiB,2026-06-02T03:11:38.000Z,2026-06-20T20:55:14.302Z,,,,,,,
windows-backup,D:\tempVidStorage\anrdoidBackup\Visit onlyshare.io for MORE 130.MP4,Visit onlyshare.io for MORE 130.MP4,.mp4,91021001,86.80 MiB,2026-06-02T03:14:32.000Z,2026-06-20T20:55:06.161Z,,,,,,,
windows-backup,D:\tempVidStorage\anrdoidBackup\Visit onlyshare.io for MORE 40.MP4,Visit onlyshare.io for MORE 40.MP4,.mp4,801621371,764.49 MiB,2026-06-02T02:58:04.000Z,2026-06-20T20:53:19.848Z,,,,,,,
windows-backup,D:\tempVidStorage\anrdoidBackup\Visit onlyshare.io for MORE 50.MP4,Visit onlyshare.io for MORE 50.MP4,.mp4,746019623,711.46 MiB,2026-06-02T03:00:53.000Z,2026-06-20T20:53:45.229Z,,,,,,,
windows-backup,D:\tempVidStorage\anrdoidBackup\Visit onlyshare.io for MORE 62.MP4,Visit onlyshare.io for MORE 62.MP4,.mp4,666748232,635.86 MiB,2026-06-02T03:14:13.000Z,2026-06-20T20:54:08.395Z,,,,,,,
windows-backup,D:\tempVidStorage\anrdoidBackup\Visit onlyshare.io for MORE 79.MP4,Visit onlyshare.io for MORE 79.MP4,.mp4,558447664,532.58 MiB,2026-06-02T03:11:12.000Z,2026-06-20T20:54:29.153Z,,,,,,,
windows-backup,D:\tempVidStorage\anrdoidBackup\Visit onlyshare.io for MORE 86.MP4,Visit onlyshare.io for MORE 86.MP4,.mp4,541491435,516.41 MiB,2026-06-02T03:18:30.000Z,2026-06-20T20:54:48.253Z,,,,,,,
windows-backup,D:\tempVidStorage\anrdoidBackup\watermark_9744_savaschultz_81845478182.mp4,watermark_9744_savaschultz_81845478182.mp4,.mp4,2011005,1.92 MiB,2026-06-02T03:11:12.000Z,2026-06-20T20:55:19.583Z,,,,,,,
windows-backup,D:\tempVidStorage\anrdoidBackup\Строгая учительница… но после уроков разрешено всё 💦 - EmiliaBunny - Pornhub.com.mp4,Строгая учительница… но после уроков разрешено всё 💦 - EmiliaBunny - Pornhub.com.mp4,.mp4,134819155,128.57 MiB,2026-06-02T03:19:44.000Z,2026-06-20T20:55:19.787Z,,,,,,,
windows-backup,D:\tempVidStorage\anrdoidBackup\✨@ofxmega on [TELEGRAM] (274).MP4,✨@ofxmega on [TELEGRAM] (274).MP4,.mp4,19386091,18.49 MiB,2026-06-02T00:44:16.000Z,2026-06-20T20:45:52.951Z,,,,,,,
windows-backup,D:\tempVidStorage\anrdoidBackup\✨@ofxmega on [TELEGRAM] (276).MP4,✨@ofxmega on [TELEGRAM] (276).MP4,.mp4,19142368,18.26 MiB,2026-06-02T00:45:45.000Z,2026-06-20T20:45:53.833Z,,,,,,,
windows-backup,D:\tempVidStorage\anrdoidBackup\✨@ofxmega on [TELEGRAM] (278).MP4,✨@ofxmega on [TELEGRAM] (278).MP4,.mp4,17991480,17.16 MiB,2026-06-02T00:45:55.000Z,2026-06-20T20:45:54.829Z,,,,,,,
windows-backup,D:\tempVidStorage\anrdoidBackup\✨@ofxmega on [TELEGRAM] (279).MP4,✨@ofxmega on [TELEGRAM] (279).MP4,.mp4,17527128,16.72 MiB,2026-06-02T00:46:30.000Z,2026-06-20T20:45:55.791Z,,,,,,,
windows-backup,D:\tempVidStorage\anrdoidBackup\✨@ofxmega on [TELEGRAM] (286).MP4,✨@ofxmega on [TELEGRAM] (286).MP4,.mp4,14668587,13.99 MiB,2026-06-02T00:46:25.000Z,2026-06-20T20:45:56.556Z,,,,,,,
windows-backup,D:\tempVidStorage\anrdoidBackup\✨@ofxmega on [TELEGRAM] (288).M4V,✨@ofxmega on [TELEGRAM] (288).M4V,.m4v,14458726,13.79 MiB,2026-06-02T00:46:41.000Z,2026-06-20T20:45:57.470Z,,,,,,,
windows-backup,D:\tempVidStorage\anrdoidBackup\✨@ofxmega on [TELEGRAM] (295).MP4,✨@ofxmega on [TELEGRAM] (295).MP4,.mp4,12910306,12.31 MiB,2026-06-02T00:46:49.000Z,2026-06-20T20:45:58.358Z,,,,,,,
windows-backup,D:\tempVidStorage\anrdoidBackup\✨@ofxmega on [TELEGRAM] (299).MP4,✨@ofxmega on [TELEGRAM] (299).MP4,.mp4,12394400,11.82 MiB,2026-06-02T00:46:26.000Z,2026-06-20T20:45:59.111Z,,,,,,,
android-backup,D:\tempVidStorage\anrdoidBackup\(116).MP4,(116).MP4,.mp4,18785382,17.92 MiB,2026-06-02T00:41:35.000Z,2026-06-20T20:55:30.340Z,,,,,,,
android-backup,D:\tempVidStorage\anrdoidBackup\(19).MP4,(19).MP4,.mp4,39064427,37.25 MiB,2026-06-02T00:39:38.000Z,2026-06-20T20:55:25.437Z,,,,,,,
android-backup,D:\tempVidStorage\anrdoidBackup\(21).MP4,(21).MP4,.mp4,35337833,33.70 MiB,2026-06-02T00:39:28.000Z,2026-06-20T20:55:27.292Z,,,,,,,
android-backup,D:\tempVidStorage\anrdoidBackup\(31).MP4,(31).MP4,.mp4,24613509,23.47 MiB,2026-06-02T00:40:43.000Z,2026-06-20T20:55:28.854Z,,,,,,,
android-backup,D:\tempVidStorage\anrdoidBackup\0c194b909a8200e58550eaff39154d1faaa821f417d6a10ca949c247c50fed94.mp4,0c194b909a8200e58550eaff39154d1faaa821f417d6a10ca949c247c50fed94.mp4,.mp4,26345752,25.13 MiB,2026-06-02T00:46:28.000Z,2026-06-20T20:45:59.826Z,,,,,,,
android-backup,D:\tempVidStorage\anrdoidBackup\0nLf0hfdEcUrDyYt.mov,0nLf0hfdEcUrDyYt.mov,.mov,5067916,4.83 MiB,2026-06-02T00:46:30.000Z,2026-06-20T20:46:00.910Z,,,,,,,
android-backup,D:\tempVidStorage\anrdoidBackup\107016.mp4,107016.mp4,.mp4,6160688,5.88 MiB,2026-06-02T00:58:59.000Z,2026-06-20T20:46:44.958Z,,,,,,,
android-backup,D:\tempVidStorage\anrdoidBackup\107774.mp4,107774.mp4,.mp4,65243975,62.22 MiB,2026-06-02T01:00:11.000Z,2026-06-20T20:46:45.386Z,,,,,,,
android-backup,D:\tempVidStorage\anrdoidBackup\141711.mp4,141711.mp4,.mp4,8806111,8.40 MiB,2026-06-02T01:04:20.000Z,2026-06-20T20:46:48.372Z,,,,,,,
android-backup,D:\tempVidStorage\anrdoidBackup\148460_1080p.mp4,148460_1080p.mp4,.mp4,326147372,311.04 MiB,2026-06-02T01:06:12.000Z,2026-06-20T20:46:48.910Z,,,,,,,
android-backup,D:\tempVidStorage\anrdoidBackup\151344.mp4,151344.mp4,.mp4,10229287,9.76 MiB,2026-06-02T01:04:11.000Z,2026-06-20T20:46:59.281Z,,,,,,,
android-backup,D:\tempVidStorage\anrdoidBackup\15517_720p.mp4,15517_720p.mp4,.mp4,44634144,42.57 MiB,2026-06-02T00:48:04.000Z,2026-06-20T20:46:30.061Z,,,,,,,
android-backup,D:\tempVidStorage\anrdoidBackup\169870_1080p.mp4,169870_1080p.mp4,.mp4,191052542,182.20 MiB,2026-06-02T01:07:15.000Z,2026-06-20T20:46:59.961Z,,,,,,,
android-backup,D:\tempVidStorage\anrdoidBackup\169901_1080p.mp4,169901_1080p.mp4,.mp4,17627866,16.81 MiB,2026-06-02T01:04:07.000Z,2026-06-20T20:47:06.537Z,,,,,,,
android-backup,D:\tempVidStorage\anrdoidBackup\169902_1080p.mp4,169902_1080p.mp4,.mp4,9512879,9.07 MiB,2026-06-02T01:06:17.000Z,2026-06-20T20:47:07.475Z,,,,,,,
android-backup,D:\tempVidStorage\anrdoidBackup\176349.mp4,176349.mp4,.mp4,5871579,5.60 MiB,2026-06-02T01:04:14.000Z,2026-06-20T20:47:08.132Z,,,,,,,
android-backup,D:\tempVidStorage\anrdoidBackup\183438_720p.mp4,183438_720p.mp4,.mp4,8653920,8.25 MiB,2026-06-02T01:04:00.000Z,2026-06-20T20:47:08.516Z,,,,,,,
android-backup,D:\tempVidStorage\anrdoidBackup\197670.mp4,197670.mp4,.mp4,5522458,5.27 MiB,2026-06-02T01:07:17.000Z,2026-06-20T20:47:09.095Z,,,,,,,
android-backup,D:\tempVidStorage\anrdoidBackup\199989.mp4,199989.mp4,.mp4,28709314,27.38 MiB,2026-06-02T01:10:55.000Z,2026-06-20T20:47:09.467Z,,,,,,,
android-backup,D:\tempVidStorage\anrdoidBackup\207601_720p.mp4,207601_720p.mp4,.mp4,393069701,374.86 MiB,2026-06-02T01:10:46.000Z,2026-06-20T20:47:10.695Z,,,,,,,
android-backup,D:\tempVidStorage\anrdoidBackup\214616.mp4,214616.mp4,.mp4,46387767,44.24 MiB,2026-06-02T01:10:53.000Z,2026-06-20T20:47:23.721Z,,,,,,,
android-backup,D:\tempVidStorage\anrdoidBackup\217809.mp4,217809.mp4,.mp4,43059784,41.07 MiB,2026-06-02T01:10:59.000Z,2026-06-20T20:47:25.804Z,,,,,,,
android-backup,D:\tempVidStorage\anrdoidBackup\2209.mp4,2209.mp4,.mp4,291954475,278.43 MiB,2026-06-02T00:49:29.000Z,2026-06-20T20:46:11.019Z,,,,,,,
android-backup,D:\tempVidStorage\anrdoidBackup\223120.mp4,223120.mp4,.mp4,31776353,30.30 MiB,2026-06-02T01:10:49.000Z,2026-06-20T20:47:27.528Z,,,,,,,
android-backup,D:\tempVidStorage\anrdoidBackup\256433_720p.mp4,256433_720p.mp4,.mp4,177296903,169.08 MiB,2026-06-02T01:10:07.000Z,2026-06-20T20:47:28.885Z,,,,,,,
android-backup,D:\tempVidStorage\anrdoidBackup\2783 cutelittlepearl leather sextape.mp4,2783 cutelittlepearl leather sextape.mp4,.mp4,204751564,195.27 MiB,2026-06-02T00:48:38.000Z,2026-06-20T20:46:21.129Z,,,,,,,
android-backup,D:\tempVidStorage\anrdoidBackup\278848_720p.mp4,278848_720p.mp4,.mp4,57541657,54.88 MiB,2026-06-02T01:08:31.000Z,2026-06-20T20:47:35.243Z,,,,,,,
android-backup,D:\tempVidStorage\anrdoidBackup\360 1.mp4,360 1.mp4,.mp4,42082287,40.13 MiB,2026-06-02T00:46:39.000Z,2026-06-20T20:46:01.447Z,,,,,,,
android-backup,D:\tempVidStorage\anrdoidBackup\360 3.mp4,360 3.mp4,.mp4,42904316,40.92 MiB,2026-06-02T00:46:47.000Z,2026-06-20T20:46:03.060Z,,,,,,,
android-backup,D:\tempVidStorage\anrdoidBackup\360 4.mp4,360 4.mp4,.mp4,35128292,33.50 MiB,2026-06-02T00:48:56.000Z,2026-06-20T20:46:06.161Z,,,,,,,
android-backup,D:\tempVidStorage\anrdoidBackup\360 5.mp4,360 5.mp4,.mp4,25504571,24.32 MiB,2026-06-02T00:48:07.000Z,2026-06-20T20:46:07.816Z,,,,,,,
android-backup,D:\tempVidStorage\anrdoidBackup\360.mp4,360.mp4,.mp4,49354479,47.07 MiB,2026-06-02T00:48:50.000Z,2026-06-20T20:46:09.216Z,,,,,,,
android-backup,D:\tempVidStorage\anrdoidBackup\362027_720p.mp4,362027_720p.mp4,.mp4,191957338,183.06 MiB,2026-06-02T01:09:28.000Z,2026-06-20T20:47:37.402Z,,,,,,,
android-backup,D:\tempVidStorage\anrdoidBackup\3869.mp4,3869.mp4,.mp4,42913012,40.93 MiB,2026-06-02T00:48:43.000Z,2026-06-20T20:46:28.415Z,,,,,,,
android-backup,D:\tempVidStorage\anrdoidBackup\3888823_hq.mp4,3888823_hq.mp4,.mp4,95930069,91.49 MiB,2026-06-02T01:17:00.000Z,2026-06-20T20:48:36.840Z,,,,,,,
android-backup,D:\tempVidStorage\anrdoidBackup\398761_720p.mp4,398761_720p.mp4,.mp4,31661017,30.19 MiB,2026-06-02T01:11:01.000Z,2026-06-20T20:47:44.261Z,,,,,,,
android-backup,D:\tempVidStorage\anrdoidBackup\400317_720p.mp4,400317_720p.mp4,.mp4,47826742,45.61 MiB,2026-06-02T01:12:06.000Z,2026-06-20T20:47:45.870Z,,,,,,,
android-backup,D:\tempVidStorage\anrdoidBackup\407017_720p.mp4,407017_720p.mp4,.mp4,35608489,33.96 MiB,2026-06-02T01:11:44.000Z,2026-06-20T20:47:47.835Z,,,,,,,
android-backup,D:\tempVidStorage\anrdoidBackup\41251.mp4,41251.mp4,.mp4,10778064,10.28 MiB,2026-06-02T00:48:56.000Z,2026-06-20T20:46:31.890Z,,,,,,,
android-backup,D:\tempVidStorage\anrdoidBackup\43619.mp4,43619.mp4,.mp4,34969369,33.35 MiB,2026-06-02T00:59:47.000Z,2026-06-20T20:46:32.611Z,,,,,,,
android-backup,D:\tempVidStorage\anrdoidBackup\438588_720p.mp4,438588_720p.mp4,.mp4,64060147,61.09 MiB,2026-06-02T01:12:00.000Z,2026-06-20T20:47:49.316Z,,,,,,,
android-backup,D:\tempVidStorage\anrdoidBackup\442610_720p.mp4,442610_720p.mp4,.mp4,37230842,35.51 MiB,2026-06-02T01:12:25.000Z,2026-06-20T20:47:51.875Z,,,,,,,
android-backup,D:\tempVidStorage\anrdoidBackup\442642_720p.mp4,442642_720p.mp4,.mp4,70762008,67.48 MiB,2026-06-02T01:12:11.000Z,2026-06-20T20:47:53.416Z,,,,,,,
android-backup,D:\tempVidStorage\anrdoidBackup\444464.mp4,444464.mp4,.mp4,6896728,6.58 MiB,2026-06-02T01:12:26.000Z,2026-06-20T20:47:56.243Z,,,,,,,
android-backup,D:\tempVidStorage\anrdoidBackup\444474.mp4,444474.mp4,.mp4,12433684,11.86 MiB,2026-06-02T01:11:48.000Z,2026-06-20T20:47:56.754Z,,,,,,,
android-backup,D:\tempVidStorage\anrdoidBackup\449071_720p.mp4,449071_720p.mp4,.mp4,55502532,52.93 MiB,2026-06-02T01:12:17.000Z,2026-06-20T20:47:57.459Z,,,,,,,
android-backup,D:\tempVidStorage\anrdoidBackup\455505_720p.mp4,455505_720p.mp4,.mp4,18644349,17.78 MiB,2026-06-02T01:12:20.000Z,2026-06-20T20:47:59.573Z,,,,,,,
android-backup,D:\tempVidStorage\anrdoidBackup\467345_720p.mp4,467345_720p.mp4,.mp4,46669863,44.51 MiB,2026-06-02T01:17:04.000Z,2026-06-20T20:48:00.622Z,,,,,,,
android-backup,D:\tempVidStorage\anrdoidBackup\46783.mp4,46783.mp4,.mp4,12142634,11.58 MiB,2026-06-02T00:59:00.000Z,2026-06-20T20:46:34.107Z,,,,,,,
android-backup,D:\tempVidStorage\anrdoidBackup\484359_720p.mp4,484359_720p.mp4,.mp4,182301289,173.86 MiB,2026-06-02T01:15:18.000Z,2026-06-20T20:48:02.601Z,,,,,,,
android-backup,D:\tempVidStorage\anrdoidBackup\487723_720p.mp4,487723_720p.mp4,.mp4,203563976,194.13 MiB,2026-06-02T01:16:51.000Z,2026-06-20T20:48:08.727Z,,,,,,,
android-backup,D:\tempVidStorage\anrdoidBackup\540598_720p.mp4,540598_720p.mp4,.mp4,387879135,369.91 MiB,2026-06-02T01:17:42.000Z,2026-06-20T20:48:16.369Z,,,,,,,
android-backup,D:\tempVidStorage\anrdoidBackup\548555_720p.mp4,548555_720p.mp4,.mp4,240869964,229.71 MiB,2026-06-02T01:16:31.000Z,2026-06-20T20:48:28.387Z,,,,,,,
android-backup,D:\tempVidStorage\anrdoidBackup\6513.mp4,6513.mp4,.mp4,1251429,1.19 MiB,2026-06-02T00:47:58.000Z,2026-06-20T20:46:29.920Z,,,,,,,
android-backup,D:\tempVidStorage\anrdoidBackup\71357paid.mp4,71357paid.mp4,.mp4,104663074,99.81 MiB,2026-06-02T01:00:00.000Z,2026-06-20T20:46:34.658Z,,,,,,,
android-backup,D:\tempVidStorage\anrdoidBackup\79568.mp4,79568.mp4,.mp4,35530236,33.88 MiB,2026-06-02T00:58:58.000Z,2026-06-20T20:46:38.681Z,,,,,,,
android-backup,D:\tempVidStorage\anrdoidBackup\83397.mp4,83397.mp4,.mp4,56948030,54.31 MiB,2026-06-02T00:58:54.000Z,2026-06-20T20:46:40.188Z,,,,,,,
android-backup,D:\tempVidStorage\anrdoidBackup\97970164000c08f0fef549c141e1af0d5c2b4510c51.mp4,97970164000c08f0fef549c141e1af0d5c2b4510c51.mp4,.mp4,131927171,125.82 MiB,2026-06-02T01:14:57.000Z,2026-06-20T20:48:40.580Z,,,,,,,
android-backup,D:\tempVidStorage\anrdoidBackup\99022_720p.mp4,99022_720p.mp4,.mp4,64218137,61.24 MiB,2026-06-02T00:58:50.000Z,2026-06-20T20:46:42.399Z,,,,,,,
android-backup,D:\tempVidStorage\anrdoidBackup\@boomboomhub TG (39).MP4,@boomboomhub TG (39).MP4,.mp4,271498774,258.92 MiB,2026-06-02T00:42:53.000Z,2026-06-20T20:55:31.462Z,,,,,,,
android-backup,D:\tempVidStorage\anrdoidBackup\@boomboomhub TG (43).MP4,@boomboomhub TG (43).MP4,.mp4,71112035,67.82 MiB,2026-06-02T00:41:13.000Z,2026-06-20T20:55:41.882Z,,,,,,,
android-backup,D:\tempVidStorage\anrdoidBackup\@boomboomhub TG (50).MP4,@boomboomhub TG (50).MP4,.mp4,106462298,101.53 MiB,2026-06-02T00:40:34.000Z,2026-06-20T20:45:32.907Z,,,,,,,
android-backup,D:\tempVidStorage\anrdoidBackup\@DailyLeaksMain_5a6152622c58eb1a882b28ad94a5b92dbafc2eaa155bb35c1ce00b835156eba3.MP4,@DailyLeaksMain_5a6152622c58eb1a882b28ad94a5b92dbafc2eaa155bb35c1ce00b835156eba3.MP4,.mp4,72994419,69.61 MiB,2026-06-02T00:41:29.000Z,2026-06-20T20:45:37.106Z,,,,,,,
android-backup,D:\tempVidStorage\anrdoidBackup\@MLHUBOF Telegram 🌌🔥 - 537.M4V,@MLHUBOF Telegram 🌌🔥 - 537.M4V,.m4v,76651228,73.10 MiB,2026-06-02T00:45:22.000Z,2026-06-20T20:45:40.029Z,,,,,,,
android-backup,D:\tempVidStorage\anrdoidBackup\@MLHUBOF Telegram 🌌🔥 - 558.MP4,@MLHUBOF Telegram 🌌🔥 - 558.MP4,.mp4,58011353,55.32 MiB,2026-06-02T00:44:32.000Z,2026-06-20T20:45:43.065Z,,,,,,,
android-backup,D:\tempVidStorage\anrdoidBackup\@MLHUBOF Telegram 🌌🔥 - 793.M4V,@MLHUBOF Telegram 🌌🔥 - 793.M4V,.m4v,189460157,180.68 MiB,2026-06-02T00:45:43.000Z,2026-06-20T20:45:45.551Z,,,,,,,
android-backup,D:\tempVidStorage\anrdoidBackup\Ayucpl.MP4,Ayucpl.MP4,.mp4,500537437,477.35 MiB,2026-06-02T01:16:07.000Z,2026-06-20T20:48:45.540Z,,,,,,,
android-backup,D:\tempVidStorage\anrdoidBackup\b4b6c2d0fc023a2f9bff6ffb4865c66444afe6ffb05a331d1fa29a3f50d181b4.mp4,b4b6c2d0fc023a2f9bff6ffb4865c66444afe6ffb05a331d1fa29a3f50d181b4.mp4,.mp4,14761627,14.08 MiB,2026-06-02T01:17:06.000Z,2026-06-20T20:49:01.509Z,,,,,,,
android-backup,D:\tempVidStorage\anrdoidBackup\c60133f91ac7a5f18769c96232cd4d9b03e85cc5ce8e0be365d73cf81d675d6e.mp4,c60133f91ac7a5f18769c96232cd4d9b03e85cc5ce8e0be365d73cf81d675d6e.mp4,.mp4,15958995,15.22 MiB,2026-06-02T02:29:09.000Z,2026-06-20T20:49:02.387Z,,,,,,,
android-backup,D:\tempVidStorage\anrdoidBackup\Fap__01cfdec15d25f9cd19397c0709e49162.mp4,Fap__01cfdec15d25f9cd19397c0709e49162.mp4,.mp4,220218023,210.02 MiB,2026-06-02T02:28:22.000Z,2026-06-20T20:49:03.203Z,,,,,,,
android-backup,D:\tempVidStorage\anrdoidBackup\Fap__1c31400144c5b4a8cb977202cfb8121c.m4v,Fap__1c31400144c5b4a8cb977202cfb8121c.m4v,.m4v,46641046,44.48 MiB,2026-06-02T02:27:47.000Z,2026-06-20T20:49:10.653Z,,,,,,,
android-backup,D:\tempVidStorage\anrdoidBackup\Fap__5e5eb028f60361971febc5850e5c000c.mp4,Fap__5e5eb028f60361971febc5850e5c000c.mp4,.mp4,243297199,232.03 MiB,2026-06-02T02:31:38.000Z,2026-06-20T20:49:12.408Z,,,,,,,
android-backup,D:\tempVidStorage\anrdoidBackup\HkkzMtwQexuQzwkQMekM.mp4,HkkzMtwQexuQzwkQMekM.mp4,.mp4,666688410,635.80 MiB,2026-06-02T02:30:57.000Z,2026-06-20T20:49:21.196Z,,,,,,,
android-backup,D:\tempVidStorage\anrdoidBackup\HkxQxzewMkuQzwkQneee.mp4,HkxQxzewMkuQzwkQneee.mp4,.mp4,38854095,37.05 MiB,2026-06-02T02:31:00.000Z,2026-06-20T20:49:41.232Z,,,,,,,
android-backup,D:\tempVidStorage\anrdoidBackup\HxtQnxktezuQzwketwMx.mp4,HxtQnxktezuQzwketwMx.mp4,.mp4,303208133,289.16 MiB,2026-06-02T02:28:53.000Z,2026-06-20T20:49:43.062Z,,,,,,,
android-backup,D:\tempVidStorage\anrdoidBackup\Jakara Mitchell Glasses Sex Tape Video Leaked - Fapptime.mp4,Jakara Mitchell Glasses Sex Tape Video Leaked - Fapptime.mp4,.mp4,128927376,122.95 MiB,2026-06-02T02:29:07.000Z,2026-06-20T20:49:53.157Z,,,,,,,
android-backup,D:\tempVidStorage\anrdoidBackup\jazmen-jafar-hard-fuck-and-facial.mp4,jazmen-jafar-hard-fuck-and-facial.mp4,.mp4,48789720,46.53 MiB,2026-06-02T02:31:07.000Z,2026-06-20T20:49:58.109Z,,,,,,,
android-backup,D:\tempVidStorage\anrdoidBackup\Join ✨@ofxmega on [TELEGRAM] (218).MP4,Join ✨@ofxmega on [TELEGRAM] (218).MP4,.mp4,54937699,52.39 MiB,2026-06-02T02:34:21.000Z,2026-06-20T20:50:00.211Z,,,,,,,
android-backup,D:\tempVidStorage\anrdoidBackup\Join ✨@ofxmega on [TELEGRAM] (283).MP4,Join ✨@ofxmega on [TELEGRAM] (283).MP4,.mp4,40967718,39.07 MiB,2026-06-02T02:33:36.000Z,2026-06-20T20:50:02.317Z,,,,,,,
android-backup,D:\tempVidStorage\anrdoidBackup\JoinUs @RisqueMega 184.M4V,JoinUs @RisqueMega 184.M4V,.m4v,433398339,413.32 MiB,2026-06-02T02:37:03.000Z,2026-06-20T20:51:05.104Z,,,,,,,
android-backup,D:\tempVidStorage\anrdoidBackup\JoinUs @RisqueMega 233.MP4,JoinUs @RisqueMega 233.MP4,.mp4,318497028,303.74 MiB,2026-06-02T02:34:15.000Z,2026-06-20T20:51:17.908Z,,,,,,,
android-backup,D:\tempVidStorage\anrdoidBackup\JoinUs @RisqueMega 25.MP4,JoinUs @RisqueMega 25.MP4,.mp4,790227436,753.62 MiB,2026-06-02T02:36:27.000Z,2026-06-20T20:50:03.667Z,,,,,,,
android-backup,D:\tempVidStorage\anrdoidBackup\JoinUs @RisqueMega 61.M4V,JoinUs @RisqueMega 61.M4V,.m4v,566805180,540.55 MiB,2026-06-02T02:38:05.000Z,2026-06-20T20:50:26.608Z,,,,,,,
android-backup,D:\tempVidStorage\anrdoidBackup\JoinUs @RisqueMega 64.MP4,JoinUs @RisqueMega 64.MP4,.mp4,629115851,599.97 MiB,2026-06-02T02:35:22.000Z,2026-06-20T20:50:45.041Z,,,,,,,
android-backup,D:\tempVidStorage\anrdoidBackup\jvlrc49ddg~7KxkgZMm9j.mp4,jvlrc49ddg~7KxkgZMm9j.mp4,.mp4,67344852,64.23 MiB,2026-06-02T02:33:49.000Z,2026-06-20T20:51:29.141Z,,,,,,,
android-backup,D:\tempVidStorage\anrdoidBackup\n6utt4v0th~oBjJ4OdyPb.mp4,n6utt4v0th~oBjJ4OdyPb.mp4,.mp4,105325223,100.45 MiB,2026-06-02T02:37:14.000Z,2026-06-20T20:51:31.886Z,,,,,,,
android-backup,D:\tempVidStorage\anrdoidBackup\OF4LM.COM is our home__282.MP4,OF4LM.COM is our home__282.MP4,.mp4,98930019,94.35 MiB,2026-06-02T02:40:13.000Z,2026-06-20T20:51:36.027Z,,,,,,,
android-backup,D:\tempVidStorage\anrdoidBackup\OF4LM.COM is our home__297.MP4,OF4LM.COM is our home__297.MP4,.mp4,30120770,28.73 MiB,2026-06-02T02:39:05.000Z,2026-06-20T20:51:40.340Z,,,,,,,
android-backup,D:\tempVidStorage\anrdoidBackup\OF4LM.COM is our home__315.MP4,OF4LM.COM is our home__315.MP4,.mp4,11518816,10.99 MiB,2026-06-02T02:39:02.000Z,2026-06-20T20:51:41.757Z,,,,,,,
android-backup,D:\tempVidStorage\anrdoidBackup\OF4LM.COM is our home__360.MP4,OF4LM.COM is our home__360.MP4,.mp4,26694757,25.46 MiB,2026-06-02T02:40:18.000Z,2026-06-20T20:51:42.517Z,,,,,,,
android-backup,D:\tempVidStorage\anrdoidBackup\OF4LM.COM is our home__377.MP4,OF4LM.COM is our home__377.MP4,.mp4,76815709,73.26 MiB,2026-06-02T02:39:56.000Z,2026-06-20T20:51:43.991Z,,,,,,,
android-backup,D:\tempVidStorage\anrdoidBackup\OF4LM.COM is our home__400.MP4,OF4LM.COM is our home__400.MP4,.mp4,39434671,37.61 MiB,2026-06-02T02:39:17.000Z,2026-06-20T20:51:47.465Z,,,,,,,
android-backup,D:\tempVidStorage\anrdoidBackup\OF4LM.COM is our home__406.MP4,OF4LM.COM is our home__406.MP4,.mp4,77456929,73.87 MiB,2026-06-02T02:38:59.000Z,2026-06-20T20:51:49.306Z,,,,,,,
android-backup,D:\tempVidStorage\anrdoidBackup\PlugLeakz.net - Join Telegram @PlugLeaksHub (198).MP4,PlugLeakz.net - Join Telegram @PlugLeaksHub (198).MP4,.mp4,185587314,176.99 MiB,2026-06-02T02:39:45.000Z,2026-06-20T20:51:52.866Z,,,,,,,
android-backup,D:\tempVidStorage\anrdoidBackup\PlugLeakz.net - Join Telegram @PlugLeaksHub (224).MP4,PlugLeakz.net - Join Telegram @PlugLeaksHub (224).MP4,.mp4,528198691,503.73 MiB,2026-06-02T02:41:43.000Z,2026-06-20T20:51:59.786Z,,,,,,,
android-backup,D:\tempVidStorage\anrdoidBackup\ruth-lee-after-gym-blowjob-titty-fuck-cumshot-video-leaked-480p.mp4,ruth-lee-after-gym-blowjob-titty-fuck-cumshot-video-leaked-480p.mp4,.mp4,45149379,43.06 MiB,2026-06-02T02:46:17.000Z,2026-06-20T20:52:18.117Z,,,,,,,
android-backup,D:\tempVidStorage\anrdoidBackup\Sava-Schultz-2.mp4,Sava-Schultz-2.mp4,.mp4,34431330,32.84 MiB,2026-06-02T02:44:53.000Z,2026-06-20T20:52:20.144Z,,,,,,,
android-backup,D:\tempVidStorage\anrdoidBackup\ScreenRecording_05-20-2026 23-16-39_1.MP4,ScreenRecording_05-20-2026 23-16-39_1.MP4,.mp4,55524763,52.95 MiB,2026-06-02T02:45:21.000Z,2026-06-20T20:52:21.493Z,,,,,,,
android-backup,D:\tempVidStorage\anrdoidBackup\ScreenRecording_05-20-2026 23-18-19_1.MP4,ScreenRecording_05-20-2026 23-18-19_1.MP4,.mp4,114911439,109.59 MiB,2026-06-02T02:49:37.000Z,2026-06-20T20:52:23.547Z,,,,,,,
android-backup,D:\tempVidStorage\anrdoidBackup\v 1.mp4,v 1.mp4,.mp4,59520865,56.76 MiB,2026-06-02T02:48:09.000Z,2026-06-20T20:52:28.123Z,,,,,,,
android-backup,D:\tempVidStorage\anrdoidBackup\v 2.mp4,v 2.mp4,.mp4,396968314,378.58 MiB,2026-06-02T02:47:50.000Z,2026-06-20T20:52:30.705Z,,,,,,,
android-backup,D:\tempVidStorage\anrdoidBackup\v 3.mp4,v 3.mp4,.mp4,53625092,51.14 MiB,2026-06-02T02:45:08.000Z,2026-06-20T20:52:44.386Z,,,,,,,
android-backup,D:\tempVidStorage\anrdoidBackup\v 4.mp4,v 4.mp4,.mp4,226085563,215.61 MiB,2026-06-02T02:46:06.000Z,2026-06-20T20:52:46.823Z,,,,,,,
android-backup,D:\tempVidStorage\anrdoidBackup\v 5.mp4,v 5.mp4,.mp4,229963559,219.31 MiB,2026-06-02T02:49:13.000Z,2026-06-20T20:52:55.044Z,,,,,,,
android-backup,D:\tempVidStorage\anrdoidBackup\v.mp4,v.mp4,.mp4,94145805,89.78 MiB,2026-06-02T02:58:32.000Z,2026-06-20T20:53:03.796Z,,,,,,,
android-backup,D:\tempVidStorage\anrdoidBackup\vid_480p.mp4,vid_480p.mp4,.mp4,72734697,69.37 MiB,2026-06-02T03:01:07.000Z,2026-06-20T20:53:07.322Z,,,,,,,
android-backup,D:\tempVidStorage\anrdoidBackup\Visit onlyshare.io for MORE (1).MP4,Visit onlyshare.io for MORE (1).MP4,.mp4,53797624,51.31 MiB,2026-06-02T02:58:17.000Z,2026-06-20T20:53:10.283Z,,,,,,,
android-backup,D:\tempVidStorage\anrdoidBackup\Visit onlyshare.io for MORE (28).MP4,Visit onlyshare.io for MORE (28).MP4,.mp4,19218050,18.33 MiB,2026-06-02T02:55:22.000Z,2026-06-20T20:53:18.960Z,,,,,,,
android-backup,D:\tempVidStorage\anrdoidBackup\Visit onlyshare.io for MORE (5).MP4,Visit onlyshare.io for MORE (5).MP4,.mp4,66625614,63.54 MiB,2026-06-02T03:01:33.000Z,2026-06-20T20:53:12.842Z,,,,,,,
android-backup,D:\tempVidStorage\anrdoidBackup\Visit onlyshare.io for MORE (7).MP4,Visit onlyshare.io for MORE (7).MP4,.mp4,13371987,12.75 MiB,2026-06-02T02:58:34.000Z,2026-06-20T20:53:15.775Z,,,,,,,
android-backup,D:\tempVidStorage\anrdoidBackup\Visit onlyshare.io FOR MORE (8).MP4,Visit onlyshare.io FOR MORE (8).MP4,.mp4,55332943,52.77 MiB,2026-06-02T03:01:22.000Z,2026-06-20T20:53:16.486Z,,,,,,,
android-backup,D:\tempVidStorage\anrdoidBackup\Visit onlyshare.io for MORE 04419.MP4,Visit onlyshare.io for MORE 04419.MP4,.mp4,118784713,113.28 MiB,2026-06-02T03:09:08.000Z,2026-06-20T20:55:09.795Z,,,,,,,
android-backup,D:\tempVidStorage\anrdoidBackup\Visit onlyshare.io for MORE 05135.MP4,Visit onlyshare.io for MORE 05135.MP4,.mp4,135836622,129.54 MiB,2026-06-02T03:11:38.000Z,2026-06-20T20:55:14.302Z,,,,,,,
android-backup,D:\tempVidStorage\anrdoidBackup\Visit onlyshare.io for MORE 130.MP4,Visit onlyshare.io for MORE 130.MP4,.mp4,91021001,86.80 MiB,2026-06-02T03:14:32.000Z,2026-06-20T20:55:06.161Z,,,,,,,
android-backup,D:\tempVidStorage\anrdoidBackup\Visit onlyshare.io for MORE 40.MP4,Visit onlyshare.io for MORE 40.MP4,.mp4,801621371,764.49 MiB,2026-06-02T02:58:04.000Z,2026-06-20T20:53:19.848Z,,,,,,,
android-backup,D:\tempVidStorage\anrdoidBackup\Visit onlyshare.io for MORE 50.MP4,Visit onlyshare.io for MORE 50.MP4,.mp4,746019623,711.46 MiB,2026-06-02T03:00:53.000Z,2026-06-20T20:53:45.229Z,,,,,,,
android-backup,D:\tempVidStorage\anrdoidBackup\Visit onlyshare.io for MORE 62.MP4,Visit onlyshare.io for MORE 62.MP4,.mp4,666748232,635.86 MiB,2026-06-02T03:14:13.000Z,2026-06-20T20:54:08.395Z,,,,,,,
android-backup,D:\tempVidStorage\anrdoidBackup\Visit onlyshare.io for MORE 79.MP4,Visit onlyshare.io for MORE 79.MP4,.mp4,558447664,532.58 MiB,2026-06-02T03:11:12.000Z,2026-06-20T20:54:29.153Z,,,,,,,
android-backup,D:\tempVidStorage\anrdoidBackup\Visit onlyshare.io for MORE 86.MP4,Visit onlyshare.io for MORE 86.MP4,.mp4,541491435,516.41 MiB,2026-06-02T03:18:30.000Z,2026-06-20T20:54:48.253Z,,,,,,,
android-backup,D:\tempVidStorage\anrdoidBackup\watermark_9744_savaschultz_81845478182.mp4,watermark_9744_savaschultz_81845478182.mp4,.mp4,2011005,1.92 MiB,2026-06-02T03:11:12.000Z,2026-06-20T20:55:19.583Z,,,,,,,
android-backup,D:\tempVidStorage\anrdoidBackup\Строгая учительница… но после уроков разрешено всё 💦 - EmiliaBunny - Pornhub.com.mp4,Строгая учительница… но после уроков разрешено всё 💦 - EmiliaBunny - Pornhub.com.mp4,.mp4,134819155,128.57 MiB,2026-06-02T03:19:44.000Z,2026-06-20T20:55:19.787Z,,,,,,,
android-backup,D:\tempVidStorage\anrdoidBackup\✨@ofxmega on [TELEGRAM] (274).MP4,✨@ofxmega on [TELEGRAM] (274).MP4,.mp4,19386091,18.49 MiB,2026-06-02T00:44:16.000Z,2026-06-20T20:45:52.951Z,,,,,,,
android-backup,D:\tempVidStorage\anrdoidBackup\✨@ofxmega on [TELEGRAM] (276).MP4,✨@ofxmega on [TELEGRAM] (276).MP4,.mp4,19142368,18.26 MiB,2026-06-02T00:45:45.000Z,2026-06-20T20:45:53.833Z,,,,,,,
android-backup,D:\tempVidStorage\anrdoidBackup\✨@ofxmega on [TELEGRAM] (278).MP4,✨@ofxmega on [TELEGRAM] (278).MP4,.mp4,17991480,17.16 MiB,2026-06-02T00:45:55.000Z,2026-06-20T20:45:54.829Z,,,,,,,
android-backup,D:\tempVidStorage\anrdoidBackup\✨@ofxmega on [TELEGRAM] (279).MP4,✨@ofxmega on [TELEGRAM] (279).MP4,.mp4,17527128,16.72 MiB,2026-06-02T00:46:30.000Z,2026-06-20T20:45:55.791Z,,,,,,,
android-backup,D:\tempVidStorage\anrdoidBackup\✨@ofxmega on [TELEGRAM] (286).MP4,✨@ofxmega on [TELEGRAM] (286).MP4,.mp4,14668587,13.99 MiB,2026-06-02T00:46:25.000Z,2026-06-20T20:45:56.556Z,,,,,,,
android-backup,D:\tempVidStorage\anrdoidBackup\✨@ofxmega on [TELEGRAM] (288).M4V,✨@ofxmega on [TELEGRAM] (288).M4V,.m4v,14458726,13.79 MiB,2026-06-02T00:46:41.000Z,2026-06-20T20:45:57.470Z,,,,,,,
android-backup,D:\tempVidStorage\anrdoidBackup\✨@ofxmega on [TELEGRAM] (295).MP4,✨@ofxmega on [TELEGRAM] (295).MP4,.mp4,12910306,12.31 MiB,2026-06-02T00:46:49.000Z,2026-06-20T20:45:58.358Z,,,,,,,
android-backup,D:\tempVidStorage\anrdoidBackup\✨@ofxmega on [TELEGRAM] (299).MP4,✨@ofxmega on [TELEGRAM] (299).MP4,.mp4,12394400,11.82 MiB,2026-06-02T00:46:26.000Z,2026-06-20T20:45:59.111Z,,,,,,,
windows-missing-downloads,D:\tempVidStorage\missing\(28).mp4,(28).mp4,.mp4,3748688,3.58 MiB,2026-06-20T22:34:13.569Z,2026-06-20T22:35:24.024Z,,,,,,,
windows-missing-downloads,D:\tempVidStorage\missing\14318872.mp4,14318872.mp4,.mp4,564221211,538.08 MiB,2026-06-20T22:23:51.589Z,2026-06-20T22:35:24.374Z,,,,,,,
windows-missing-downloads,D:\tempVidStorage\missing\32038_720p.mp4,32038_720p.mp4,.mp4,191049459,182.20 MiB,2026-06-20T22:07:23.434Z,2026-06-20T22:35:50.568Z,,,,,,,
windows-missing-downloads,D:\tempVidStorage\missing\484374_720p.mp4,484374_720p.mp4,.mp4,58233262,55.54 MiB,2026-06-20T22:07:33.896Z,2026-06-20T22:35:50.524Z,,,,,,,
windows-missing-downloads,D:\tempVidStorage\missing\513329_720.mp4,513329_720.mp4,.mp4,72459810,69.10 MiB,2026-06-20T22:21:21.006Z,2026-06-20T22:35:31.541Z,,,,,,,
windows-missing-downloads,D:\tempVidStorage\missing\51591.mp4,51591.mp4,.mp4,272625353,260.00 MiB,2026-06-20T22:30:48.982Z,2026-06-20T22:35:24.136Z,,,,,,,
windows-missing-downloads,D:\tempVidStorage\missing\550807_720p.mp4,550807_720p.mp4,.mp4,213995637,204.08 MiB,2026-06-20T22:05:42.431Z,2026-06-20T22:35:50.628Z,,,,,,,
windows-missing-downloads,D:\tempVidStorage\missing\556530_720p.mp4,556530_720p.mp4,.mp4,550263227,524.77 MiB,2026-06-20T22:12:31.589Z,2026-06-20T22:35:21.579Z,,,,,,,
windows-missing-downloads,D:\tempVidStorage\missing\564677_720p.mp4,564677_720p.mp4,.mp4,70392847,67.13 MiB,2026-06-20T22:21:29.268Z,2026-06-20T22:35:31.500Z,,,,,,,
windows-missing-downloads,D:\tempVidStorage\missing\@MLHUBOF Telegram 🌌🔥 - 870 - cute geekie.mp4,@MLHUBOF Telegram 🌌🔥 - 870 - cute geekie.mp4,.mp4,10602953,10.11 MiB,2026-06-20T22:25:36.615Z,2026-06-20T22:35:24.334Z,,,,,,,
windows-missing-downloads,D:\tempVidStorage\missing\@MLHUBOF Telegram 🌌🔥 - 959.mp4,@MLHUBOF Telegram 🌌🔥 - 959.mp4,.mp4,25866922,24.67 MiB,2026-06-20T22:29:28.751Z,2026-06-20T22:35:24.236Z,,,,,,,
windows-missing-downloads,D:\tempVidStorage\missing\b072fcb9f821c935f46a4ed67477a041.mp4,b072fcb9f821c935f46a4ed67477a041.mp4,.mp4,414044946,394.86 MiB,2026-06-20T22:20:09.537Z,2026-06-20T22:35:31.676Z,,,,,,,
