metadata_file,stale_reference,replacement_reference,expected_mp4_exists,ffprobe_passes,classification,blocked_reason
/mnt/spirit-8tb/media/yes/Ruth Lee Makes Her BF Cum Twice.mp4.media-ingest.json,Twice.mkv,,False,False,blocked because MP4 replacement missing,mp4 missing
/mnt/spirit-8tb/media/yes/b072fcb9f821c935f46a4ed67477a041.mp4.face-meta.json,/DATA/yes/b072fcb9f821c935f46a4ed67477a041.mkv.face-meta.json,/DATA/yes/b072fcb9f821c935f46a4ed67477a041.mp4.face-meta.json,True,True,safe exact path migration,
/mnt/spirit-8tb/media/yes/b072fcb9f821c935f46a4ed67477a041.mp4.face-meta.json,/DATA/yes/b072fcb9f821c935f46a4ed67477a041.mkv.face-meta.json,/DATA/yes/b072fcb9f821c935f46a4ed67477a041.mp4.face-meta.json,True,True,safe exact path migration,
/mnt/spirit-8tb/media/yes/b072fcb9f821c935f46a4ed67477a041.mp4.face-meta.json,/DATA/yes/b072fcb9f821c935f46a4ed67477a041.mkv,/DATA/yes/b072fcb9f821c935f46a4ed67477a041.mp4,True,True,safe exact path migration,
/mnt/spirit-8tb/media/yes/b072fcb9f821c935f46a4ed67477a041.mp4.face-meta.json,/DATA/yes/b072fcb9f821c935f46a4ed67477a041.mkv,/DATA/yes/b072fcb9f821c935f46a4ed67477a041.mp4,True,True,safe exact path migration,
/mnt/spirit-8tb/media/yes/b072fcb9f821c935f46a4ed67477a041.mp4.face-meta.json,/DATA/yes/b072fcb9f821c935f46a4ed67477a041.mkv,/DATA/yes/b072fcb9f821c935f46a4ed67477a041.mp4,True,True,safe exact path migration,
/mnt/spirit-8tb/media/yes/b072fcb9f821c935f46a4ed67477a041.mp4.face-meta.json,/DATA/yes/b072fcb9f821c935f46a4ed67477a041.mkv,/DATA/yes/b072fcb9f821c935f46a4ed67477a041.mp4,True,True,safe exact path migration,
/mnt/spirit-8tb/media/yes/b072fcb9f821c935f46a4ed67477a041.mp4.face-meta.json,/DATA/yes/b072fcb9f821c935f46a4ed67477a041.mkv,/DATA/yes/b072fcb9f821c935f46a4ed67477a041.mp4,True,True,safe exact path migration,
/mnt/spirit-8tb/media/yes/b072fcb9f821c935f46a4ed67477a041.mp4.face-meta.json,b072fcb9f821c935f46a4ed67477a041.mkv,b072fcb9f821c935f46a4ed67477a041.mp4,True,True,safe basename migration,
/mnt/spirit-8tb/media/yes/Natalie Roush Nut For Natalie November Ppv Dropping Tight Jeans.mp4.face-meta.json,Jeans.mkv.face-meta.json,,False,False,blocked because MP4 replacement missing,mp4 missing
/mnt/spirit-8tb/media/yes/Natalie Roush Nut For Natalie November Ppv Dropping Tight Jeans.mp4.face-meta.json,Jeans.mkv.face-meta.json,,False,False,blocked because MP4 replacement missing,mp4 missing
/mnt/spirit-8tb/media/yes/Natalie Roush Nut For Natalie November Ppv Dropping Tight Jeans.mp4.face-meta.json,Jeans.mkv,,False,False,blocked because MP4 replacement missing,mp4 missing
/mnt/spirit-8tb/media/yes/Natalie Roush Nut For Natalie November Ppv Dropping Tight Jeans.mp4.face-meta.json,Jeans.mkv,,False,False,blocked because MP4 replacement missing,mp4 missing
/mnt/spirit-8tb/media/yes/Natalie Roush Nut For Natalie November Ppv Dropping Tight Jeans.mp4.face-meta.json,Jeans.mkv,,False,False,blocked because MP4 replacement missing,mp4 missing
/mnt/spirit-8tb/media/yes/Natalie Roush Nut For Natalie November Ppv Dropping Tight Jeans.mp4.face-meta.json,Jeans.mkv,,False,False,blocked because MP4 replacement missing,mp4 missing
/mnt/spirit-8tb/media/yes/Natalie Roush Nut For Natalie November Ppv Dropping Tight Jeans.mp4.face-meta.json,Jeans.mkv,,False,False,blocked because MP4 replacement missing,mp4 missing
/mnt/spirit-8tb/media/yes/Natalie Roush Nut For Natalie November Ppv Dropping Tight Jeans.mp4.face-meta.json,Jeans.mkv,,False,False,blocked because MP4 replacement missing,mp4 missing
/mnt/spirit-8tb/media/yes/Candy Love Begs for Mercy - Intense 2 Squirts - Multiple Orgasms.mp4.media-ingest.json,Orgasms.mkv,,False,False,blocked because MP4 replacement missing,mp4 missing
/mnt/spirit-8tb/media/yes/Bonnie Blue Sucks And Fucks Her Driver.mp4.media-ingest.json,Driver.mkv,,False,False,blocked because MP4 replacement missing,mp4 missing
/mnt/spirit-8tb/media/yes/Allinika Girl in Leggings Selects Her Ideal Match Beeg.mp4.media-ingest.json,Beeg.mkv,,False,False,blocked because MP4 replacement missing,mp4 missing
/mnt/spirit-8tb/media/yes/v 1.mkv.media-ingest.json,1.mkv,,False,False,blocked because MP4 replacement missing,mp4 missing
/mnt/spirit-8tb/media/yes/Lexi Marvel Grinds That Juicy Ass In Tight Yoga Pants For This S.mp4.media-ingest.json,S.mkv,,False,False,blocked because MP4 replacement missing,mp4 missing
/mnt/spirit-8tb/media/yes/Devorah Roloff Video 48 Hd Leaked Content May-2025 - OnlyFans Le.mp4.media-ingest.json,Le.mkv,,False,False,blocked because MP4 replacement missing,mp4 missing
/mnt/spirit-8tb/media/yes/Bonnie Blue Sucks And Fucks Her Driver.mp4.face-meta.json,Driver.mkv,,False,False,blocked because MP4 replacement missing,mp4 missing
/mnt/spirit-8tb/media/yes/Visit onlyshare.io for MORE 62.mkv.media-ingest.json,62.mkv,,False,False,blocked because MP4 replacement missing,mp4 missing
/mnt/spirit-8tb/media/yes/v 2.mp4.media-ingest.json,2.mkv,,False,False,blocked because MP4 replacement missing,mp4 missing
/mnt/spirit-8tb/media/yes/Devorah Roloff OnlyFans For Free May-2024 7.mp4.media-ingest.json,7.mkv,,False,False,blocked because MP4 replacement missing,mp4 missing
/mnt/spirit-8tb/media/yes/Cecilia Rose 89 Fuck Me Hard Please PPV Video Leaked.mp4.media-ingest.json,Leaked.mkv,,False,False,blocked because MP4 replacement missing,mp4 missing
/mnt/spirit-8tb/media/yes/Candy Love Nut on Me and then Lets Fuck Beeg.mp4.media-ingest.json,Beeg.mkv,,False,False,blocked because MP4 replacement missing,mp4 missing
/mnt/spirit-8tb/media/yes/Devorah rollof dildo 1.mp4.media-ingest.json,1.mkv,,False,False,blocked because MP4 replacement missing,mp4 missing
/mnt/spirit-8tb/media/yes/Candy Love Good Boy Gets Good Head then Good Sex Beeg.mp4.face-meta.json,Beeg.mkv,,False,False,blocked because MP4 replacement missing,mp4 missing
/mnt/spirit-8tb/media/yes/✨@ofxmega on [TELEGRAM] (276).mkv.media-ingest.json,(276).mkv,,False,False,blocked because MP4 replacement missing,mp4 missing
/mnt/spirit-8tb/media/yes/✨@ofxmega on [TELEGRAM] (279).mkv.media-ingest.json,(279).mkv,,False,False,blocked because MP4 replacement missing,mp4 missing
/mnt/spirit-8tb/media/yes/Comatozze new sex on the first date.mp4.face-meta.json,date.mkv.face-meta.json,,False,False,blocked because MP4 replacement missing,mp4 missing
/mnt/spirit-8tb/media/yes/Comatozze new sex on the first date.mp4.face-meta.json,date.mkv.face-meta.json,,False,False,blocked because MP4 replacement missing,mp4 missing
/mnt/spirit-8tb/media/yes/Comatozze new sex on the first date.mp4.face-meta.json,date.mkv,,False,False,blocked because MP4 replacement missing,mp4 missing
/mnt/spirit-8tb/media/yes/Comatozze new sex on the first date.mp4.face-meta.json,date.mkv,,False,False,blocked because MP4 replacement missing,mp4 missing
/mnt/spirit-8tb/media/yes/Comatozze new sex on the first date.mp4.face-meta.json,date.mkv,,False,False,blocked because MP4 replacement missing,mp4 missing
/mnt/spirit-8tb/media/yes/Comatozze new sex on the first date.mp4.face-meta.json,date.mkv,,False,False,blocked because MP4 replacement missing,mp4 missing
/mnt/spirit-8tb/media/yes/Comatozze new sex on the first date.mp4.face-meta.json,date.mkv,,False,False,blocked because MP4 replacement missing,mp4 missing
/mnt/spirit-8tb/media/yes/Comatozze new sex on the first date.mp4.face-meta.json,date.mkv,,False,False,blocked because MP4 replacement missing,mp4 missing
/mnt/spirit-8tb/media/yes/14318872.mp4.face-meta.json,/DATA/yes/14318872.mkv,/DATA/yes/14318872.mp4,True,True,safe exact path migration,
/mnt/spirit-8tb/media/yes/Candy Love Nut on Me and then Lets Fuck Beeg(1).mp4.face-meta.json,Beeg(1).mkv,,False,False,blocked because MP4 replacement missing,mp4 missing
/mnt/spirit-8tb/media/yes/jvlrc49ddg~7KxkgZMm9j.mp4.media-ingest.json,/mnt/spirit-8tb/media/yes/jvlrc49ddg~7KxkgZMm9j.mkv,/mnt/spirit-8tb/media/yes/jvlrc49ddg~7KxkgZMm9j.mp4,True,True,safe exact path migration,
/mnt/spirit-8tb/media/yes/484374_720p.mp4.face-meta.json,/DATA/yes/484374_720p.mkv.face-meta.json,/DATA/yes/484374_720p.mp4.face-meta.json,True,True,safe exact path migration,
/mnt/spirit-8tb/media/yes/484374_720p.mp4.face-meta.json,/DATA/yes/484374_720p.mkv.face-meta.json,/DATA/yes/484374_720p.mp4.face-meta.json,True,True,safe exact path migration,
/mnt/spirit-8tb/media/yes/484374_720p.mp4.face-meta.json,/DATA/yes/484374_720p.mkv.face-meta.json,/DATA/yes/484374_720p.mp4.face-meta.json,True,True,safe exact path migration,
/mnt/spirit-8tb/media/yes/484374_720p.mp4.face-meta.json,/DATA/yes/484374_720p.mkv.face-meta.json,/DATA/yes/484374_720p.mp4.face-meta.json,True,True,safe exact path migration,
/mnt/spirit-8tb/media/yes/484374_720p.mp4.face-meta.json,/DATA/yes/484374_720p.mkv.face-meta.json,/DATA/yes/484374_720p.mp4.face-meta.json,True,True,safe exact path migration,
/mnt/spirit-8tb/media/yes/484374_720p.mp4.face-meta.json,/DATA/yes/484374_720p.mkv.face-meta.json,/DATA/yes/484374_720p.mp4.face-meta.json,True,True,safe exact path migration,
/mnt/spirit-8tb/media/yes/484374_720p.mp4.face-meta.json,/DATA/yes/484374_720p.mkv.face-meta.json,/DATA/yes/484374_720p.mp4.face-meta.json,True,True,safe exact path migration,
/mnt/spirit-8tb/media/yes/484374_720p.mp4.face-meta.json,/DATA/yes/484374_720p.mkv.face-meta.json,/DATA/yes/484374_720p.mp4.face-meta.json,True,True,safe exact path migration,
/mnt/spirit-8tb/media/yes/484374_720p.mp4.face-meta.json,/DATA/yes/484374_720p.mkv,/DATA/yes/484374_720p.mp4,True,True,safe exact path migration,
/mnt/spirit-8tb/media/yes/484374_720p.mp4.face-meta.json,/DATA/yes/484374_720p.mkv,/DATA/yes/484374_720p.mp4,True,True,safe exact path migration,
/mnt/spirit-8tb/media/yes/484374_720p.mp4.face-meta.json,/DATA/yes/484374_720p.mkv,/DATA/yes/484374_720p.mp4,True,True,safe exact path migration,
/mnt/spirit-8tb/media/yes/484374_720p.mp4.face-meta.json,/DATA/yes/484374_720p.mkv,/DATA/yes/484374_720p.mp4,True,True,safe exact path migration,
/mnt/spirit-8tb/media/yes/484374_720p.mp4.face-meta.json,/DATA/yes/484374_720p.mkv,/DATA/yes/484374_720p.mp4,True,True,safe exact path migration,
/mnt/spirit-8tb/media/yes/484374_720p.mp4.face-meta.json,/DATA/yes/484374_720p.mkv,/DATA/yes/484374_720p.mp4,True,True,safe exact path migration,
/mnt/spirit-8tb/media/yes/484374_720p.mp4.face-meta.json,/DATA/yes/484374_720p.mkv,/DATA/yes/484374_720p.mp4,True,True,safe exact path migration,
/mnt/spirit-8tb/media/yes/484374_720p.mp4.face-meta.json,/DATA/yes/484374_720p.mkv,/DATA/yes/484374_720p.mp4,True,True,safe exact path migration,
/mnt/spirit-8tb/media/yes/484374_720p.mp4.face-meta.json,/DATA/yes/484374_720p.mkv,/DATA/yes/484374_720p.mp4,True,True,safe exact path migration,
/mnt/spirit-8tb/media/yes/484374_720p.mp4.face-meta.json,/DATA/yes/484374_720p.mkv,/DATA/yes/484374_720p.mp4,True,True,safe exact path migration,
/mnt/spirit-8tb/media/yes/484374_720p.mp4.face-meta.json,/DATA/yes/484374_720p.mkv,/DATA/yes/484374_720p.mp4,True,True,safe exact path migration,
/mnt/spirit-8tb/media/yes/484374_720p.mp4.face-meta.json,/DATA/yes/484374_720p.mkv,/DATA/yes/484374_720p.mp4,True,True,safe exact path migration,
/mnt/spirit-8tb/media/yes/484374_720p.mp4.face-meta.json,/DATA/yes/484374_720p.mkv,/DATA/yes/484374_720p.mp4,True,True,safe exact path migration,
/mnt/spirit-8tb/media/yes/484374_720p.mp4.face-meta.json,/DATA/yes/484374_720p.mkv,/DATA/yes/484374_720p.mp4,True,True,safe exact path migration,
/mnt/spirit-8tb/media/yes/484374_720p.mp4.face-meta.json,484374_720p.mkv,484374_720p.mp4,True,True,safe basename migration,
/mnt/spirit-8tb/media/yes/Katiana Kay Needs To Suck A Cock.mp4.face-meta.json,Cock.mkv.face-meta.json,,False,False,blocked because MP4 replacement missing,mp4 missing
/mnt/spirit-8tb/media/yes/Katiana Kay Needs To Suck A Cock.mp4.face-meta.json,Cock.mkv.face-meta.json,,False,False,blocked because MP4 replacement missing,mp4 missing
/mnt/spirit-8tb/media/yes/Katiana Kay Needs To Suck A Cock.mp4.face-meta.json,Cock.mkv,,False,False,blocked because MP4 replacement missing,mp4 missing
/mnt/spirit-8tb/media/yes/Katiana Kay Needs To Suck A Cock.mp4.face-meta.json,Cock.mkv,,False,False,blocked because MP4 replacement missing,mp4 missing
/mnt/spirit-8tb/media/yes/Katiana Kay Needs To Suck A Cock.mp4.face-meta.json,Cock.mkv,,False,False,blocked because MP4 replacement missing,mp4 missing
/mnt/spirit-8tb/media/yes/Katiana Kay Needs To Suck A Cock.mp4.face-meta.json,Cock.mkv,,False,False,blocked because MP4 replacement missing,mp4 missing
/mnt/spirit-8tb/media/yes/Katiana Kay Needs To Suck A Cock.mp4.face-meta.json,Cock.mkv,,False,False,blocked because MP4 replacement missing,mp4 missing
/mnt/spirit-8tb/media/yes/Katiana Kay Needs To Suck A Cock.mp4.face-meta.json,Cock.mkv,,False,False,blocked because MP4 replacement missing,mp4 missing
/mnt/spirit-8tb/media/yes/Amburnee ambernyy Exclusive Leaked Nude OnlyFans 10859483.mp4.media-ingest.json,10859483.mkv,,False,False,blocked because MP4 replacement missing,mp4 missing
/mnt/spirit-8tb/media/yes/TheStartOfUs gamer Girl Fucks around Finds Out he Cums how many.mp4.media-ingest.json,many.mkv,,False,False,blocked because MP4 replacement missing,mp4 missing
/mnt/spirit-8tb/media/yes/Heyimbee Tease - EroThots.mp4.media-ingest.json,EroThots.mkv,,False,False,blocked because MP4 replacement missing,mp4 missing
/mnt/spirit-8tb/media/yes/✨@ofxmega on [TELEGRAM] (286).mkv.media-ingest.json,(286).mkv,,False,False,blocked because MP4 replacement missing,mp4 missing
/mnt/spirit-8tb/media/yes/Izzy Green Suck Till Mouth Got Filled With Cum Then Bounce On Th.mkv.media-ingest.json,Th.mkv,,False,False,blocked because MP4 replacement missing,mp4 missing
/mnt/spirit-8tb/media/yes/Natalie Roush New Squat Ppv In Tight Thong Onlyfans Leak.mp4.face-meta.json,Leak.mkv.face-meta.json,,False,False,blocked because MP4 replacement missing,mp4 missing
/mnt/spirit-8tb/media/yes/Natalie Roush New Squat Ppv In Tight Thong Onlyfans Leak.mp4.face-meta.json,Leak.mkv.face-meta.json,,False,False,blocked because MP4 replacement missing,mp4 missing
/mnt/spirit-8tb/media/yes/Natalie Roush New Squat Ppv In Tight Thong Onlyfans Leak.mp4.face-meta.json,Leak.mkv,,False,False,blocked because MP4 replacement missing,mp4 missing
/mnt/spirit-8tb/media/yes/Natalie Roush New Squat Ppv In Tight Thong Onlyfans Leak.mp4.face-meta.json,Leak.mkv,,False,False,blocked because MP4 replacement missing,mp4 missing
/mnt/spirit-8tb/media/yes/Natalie Roush New Squat Ppv In Tight Thong Onlyfans Leak.mp4.face-meta.json,Leak.mkv,,False,False,blocked because MP4 replacement missing,mp4 missing
/mnt/spirit-8tb/media/yes/Natalie Roush New Squat Ppv In Tight Thong Onlyfans Leak.mp4.face-meta.json,Leak.mkv,,False,False,blocked because MP4 replacement missing,mp4 missing
/mnt/spirit-8tb/media/yes/Natalie Roush New Squat Ppv In Tight Thong Onlyfans Leak.mp4.face-meta.json,Leak.mkv,,False,False,blocked because MP4 replacement missing,mp4 missing
/mnt/spirit-8tb/media/yes/Natalie Roush New Squat Ppv In Tight Thong Onlyfans Leak.mp4.face-meta.json,Leak.mkv,,False,False,blocked because MP4 replacement missing,mp4 missing
/mnt/spirit-8tb/media/yes/Emilla Official Takes Boyfriend Hug dick.mp4.media-ingest.json,dick.mkv,,False,False,blocked because MP4 replacement missing,mp4 missing
/mnt/spirit-8tb/media/yes/Candy Love Nut on Me and then Lets Fuck Beeg.mp4.face-meta.json,Beeg.mkv,,False,False,blocked because MP4 replacement missing,mp4 missing
/mnt/spirit-8tb/media/yes/Karamitch- gym bg.mkv.media-ingest.json,bg.mkv,,False,False,blocked because MP4 replacement missing,mp4 missing
/mnt/spirit-8tb/media/yes/Comatozze new sex on the first date.mp4.media-ingest.json,date.mkv,,False,False,blocked because MP4 replacement missing,mp4 missing
/mnt/spirit-8tb/media/yes/v.mkv.media-ingest.json,/mnt/spirit-8tb/media/yes/v.mkv,,False,False,blocked because MP4 replacement missing,mp4 missing
/mnt/spirit-8tb/media/yes/Lexi Marvel Grinds That Juicy Ass In Tight Yoga Pants For This S.mp4.face-meta.json,S.mkv.face-meta.json,,False,False,blocked because MP4 replacement missing,mp4 missing
/mnt/spirit-8tb/media/yes/Lexi Marvel Grinds That Juicy Ass In Tight Yoga Pants For This S.mp4.face-meta.json,S.mkv.face-meta.json,,False,False,blocked because MP4 replacement missing,mp4 missing
/mnt/spirit-8tb/media/yes/Lexi Marvel Grinds That Juicy Ass In Tight Yoga Pants For This S.mp4.face-meta.json,S.mkv,,False,False,blocked because MP4 replacement missing,mp4 missing
/mnt/spirit-8tb/media/yes/Lexi Marvel Grinds That Juicy Ass In Tight Yoga Pants For This S.mp4.face-meta.json,S.mkv,,False,False,blocked because MP4 replacement missing,mp4 missing
/mnt/spirit-8tb/media/yes/Lexi Marvel Grinds That Juicy Ass In Tight Yoga Pants For This S.mp4.face-meta.json,S.mkv,,False,False,blocked because MP4 replacement missing,mp4 missing
/mnt/spirit-8tb/media/yes/Lexi Marvel Grinds That Juicy Ass In Tight Yoga Pants For This S.mp4.face-meta.json,S.mkv,,False,False,blocked because MP4 replacement missing,mp4 missing
/mnt/spirit-8tb/media/yes/Lexi Marvel Grinds That Juicy Ass In Tight Yoga Pants For This S.mp4.face-meta.json,S.mkv,,False,False,blocked because MP4 replacement missing,mp4 missing
/mnt/spirit-8tb/media/yes/Lexi Marvel Grinds That Juicy Ass In Tight Yoga Pants For This S.mp4.face-meta.json,S.mkv,,False,False,blocked because MP4 replacement missing,mp4 missing
/mnt/spirit-8tb/media/yes/Visit onlyshare.io for MORE 50.mkv.media-ingest.json,50.mkv,,False,False,blocked because MP4 replacement missing,mp4 missing
/mnt/spirit-8tb/media/yes/b072fcb9f821c935f46a4ed67477a041.mp4.media-ingest.json,/mnt/spirit-8tb/media/yes/b072fcb9f821c935f46a4ed67477a041.mkv,/mnt/spirit-8tb/media/yes/b072fcb9f821c935f46a4ed67477a041.mp4,True,True,safe exact path migration,
/mnt/spirit-8tb/media/yes/Ruth Lee Public Adventure Blowjob.mp4.media-ingest.json,Blowjob.mkv,,False,False,blocked because MP4 replacement missing,mp4 missing
/mnt/spirit-8tb/media/yes/Candy Love Youve Made Me Mad Fuck Me to Apologize Beeg.mp4.media-ingest.json,Beeg.mkv,,False,False,blocked because MP4 replacement missing,mp4 missing
/mnt/spirit-8tb/media/yes/Sava Schultz Squeezy Nude Big Nature Boobs POV Onlyfans Video.mp4.media-ingest.json,Video.mkv,,False,False,blocked because MP4 replacement missing,mp4 missing
/mnt/spirit-8tb/media/yes/Ruth Lee Squirts While Getting Pounded.mp4.media-ingest.json,Pounded.mkv,,False,False,blocked because MP4 replacement missing,mp4 missing
/mnt/spirit-8tb/media/yes/Heyimbee Exclusive Leaked Nude OnlyFans 1101500.mp4.face-meta.json,1101500.mkv.face-meta.json,,False,False,blocked because MP4 replacement missing,mp4 missing
/mnt/spirit-8tb/media/yes/Heyimbee Exclusive Leaked Nude OnlyFans 1101500.mp4.face-meta.json,1101500.mkv.face-meta.json,,False,False,blocked because MP4 replacement missing,mp4 missing
/mnt/spirit-8tb/media/yes/Heyimbee Exclusive Leaked Nude OnlyFans 1101500.mp4.face-meta.json,1101500.mkv.face-meta.json,,False,False,blocked because MP4 replacement missing,mp4 missing
/mnt/spirit-8tb/media/yes/Heyimbee Exclusive Leaked Nude OnlyFans 1101500.mp4.face-meta.json,1101500.mkv.face-meta.json,,False,False,blocked because MP4 replacement missing,mp4 missing
/mnt/spirit-8tb/media/yes/Heyimbee Exclusive Leaked Nude OnlyFans 1101500.mp4.face-meta.json,1101500.mkv,,False,False,blocked because MP4 replacement missing,mp4 missing
/mnt/spirit-8tb/media/yes/Heyimbee Exclusive Leaked Nude OnlyFans 1101500.mp4.face-meta.json,1101500.mkv,,False,False,blocked because MP4 replacement missing,mp4 missing
/mnt/spirit-8tb/media/yes/Heyimbee Exclusive Leaked Nude OnlyFans 1101500.mp4.face-meta.json,1101500.mkv,,False,False,blocked because MP4 replacement missing,mp4 missing
/mnt/spirit-8tb/media/yes/Heyimbee Exclusive Leaked Nude OnlyFans 1101500.mp4.face-meta.json,1101500.mkv,,False,False,blocked because MP4 replacement missing,mp4 missing
/mnt/spirit-8tb/media/yes/Heyimbee Exclusive Leaked Nude OnlyFans 1101500.mp4.face-meta.json,1101500.mkv,,False,False,blocked because MP4 replacement missing,mp4 missing
/mnt/spirit-8tb/media/yes/Heyimbee Exclusive Leaked Nude OnlyFans 1101500.mp4.face-meta.json,1101500.mkv,,False,False,blocked because MP4 replacement missing,mp4 missing
/mnt/spirit-8tb/media/yes/Heyimbee Exclusive Leaked Nude OnlyFans 1101500.mp4.face-meta.json,1101500.mkv,,False,False,blocked because MP4 replacement missing,mp4 missing
/mnt/spirit-8tb/media/yes/Heyimbee Exclusive Leaked Nude OnlyFans 1101500.mp4.face-meta.json,1101500.mkv,,False,False,blocked because MP4 replacement missing,mp4 missing
/mnt/spirit-8tb/media/yes/Heyimbee Exclusive Leaked Nude OnlyFans 1101500.mp4.face-meta.json,1101500.mkv,,False,False,blocked because MP4 replacement missing,mp4 missing
/mnt/spirit-8tb/media/yes/heyimbee bee Nude Leaked Onlyfans Video 12 - Picazor EN.mp4.media-ingest.json,EN.mkv,,False,False,blocked because MP4 replacement missing,mp4 missing
/mnt/spirit-8tb/media/yes/✨@ofxmega on [TELEGRAM] (274).mkv.media-ingest.json,(274).mkv,,False,False,blocked because MP4 replacement missing,mp4 missing
/mnt/spirit-8tb/media/yes/Savaschultz savaschulz savashultz Exclusive Leaked Nude OnlyFans(2).mp4.media-ingest.json,OnlyFans(2).mkv,,False,False,blocked because MP4 replacement missing,mp4 missing
/mnt/spirit-8tb/media/yes/Devorah Roloff Flaunts And Massages Her Tits Devorah Roloff Only.mp4.media-ingest.json,Only.mkv,,False,False,blocked because MP4 replacement missing,mp4 missing
/mnt/spirit-8tb/media/yes/Latina Allison Parker Deepthroats.mp4.media-ingest.json,Deepthroats.mkv,,False,False,blocked because MP4 replacement missing,mp4 missing
/mnt/spirit-8tb/media/yes/Heyimbee Leaked Video III.mp4.media-ingest.json,III.mkv,,False,False,blocked because MP4 replacement missing,mp4 missing
/mnt/spirit-8tb/media/yes/Devorah - boobs.mp4.mp4.media-ingest.json,boobs.mp4.mkv,,False,False,blocked because MP4 replacement missing,mp4 missing
/mnt/spirit-8tb/media/yes/Hey I M Bee AKA Heyimbee Playing With Herself Soft Mouth Sounds.mp4.face-meta.json,Sounds.mkv.face-meta.json,,False,False,blocked because MP4 replacement missing,mp4 missing
/mnt/spirit-8tb/media/yes/Hey I M Bee AKA Heyimbee Playing With Herself Soft Mouth Sounds.mp4.face-meta.json,Sounds.mkv.face-meta.json,,False,False,blocked because MP4 replacement missing,mp4 missing
/mnt/spirit-8tb/media/yes/Hey I M Bee AKA Heyimbee Playing With Herself Soft Mouth Sounds.mp4.face-meta.json,Sounds.mkv,,False,False,blocked because MP4 replacement missing,mp4 missing
/mnt/spirit-8tb/media/yes/Hey I M Bee AKA Heyimbee Playing With Herself Soft Mouth Sounds.mp4.face-meta.json,Sounds.mkv,,False,False,blocked because MP4 replacement missing,mp4 missing
/mnt/spirit-8tb/media/yes/Hey I M Bee AKA Heyimbee Playing With Herself Soft Mouth Sounds.mp4.face-meta.json,Sounds.mkv,,False,False,blocked because MP4 replacement missing,mp4 missing
/mnt/spirit-8tb/media/yes/Hey I M Bee AKA Heyimbee Playing With Herself Soft Mouth Sounds.mp4.face-meta.json,Sounds.mkv,,False,False,blocked because MP4 replacement missing,mp4 missing
/mnt/spirit-8tb/media/yes/Hey I M Bee AKA Heyimbee Playing With Herself Soft Mouth Sounds.mp4.face-meta.json,Sounds.mkv,,False,False,blocked because MP4 replacement missing,mp4 missing
/mnt/spirit-8tb/media/yes/Hey I M Bee AKA Heyimbee Playing With Herself Soft Mouth Sounds.mp4.face-meta.json,Sounds.mkv,,False,False,blocked because MP4 replacement missing,mp4 missing
/mnt/spirit-8tb/media/yes/Katiana Kay Needs To Suck A Cock.mp4.media-ingest.json,Cock.mkv,,False,False,blocked because MP4 replacement missing,mp4 missing
/mnt/spirit-8tb/media/yes/New Lily Phillips Verbal Spat Erupts Into Hardcore Fucking Video.mp4.media-ingest.json,Video.mkv,,False,False,blocked because MP4 replacement missing,mp4 missing
/mnt/spirit-8tb/media/yes/Alexa Pearl Jerks Off A Guys Cock With Her Juicy Tits.mp4.media-ingest.json,Tits.mkv,,False,False,blocked because MP4 replacement missing,mp4 missing
/mnt/spirit-8tb/media/yes/Sweet Herry Big Ass Brunette POV Cumshot Compilation Beeg.mp4.media-ingest.json,Beeg.mkv,,False,False,blocked because MP4 replacement missing,mp4 missing
/mnt/spirit-8tb/media/yes/Natalie Roush Teases Her Thicc Booty Twerking in Leaked Onlyfans.mp4.media-ingest.json,Onlyfans.mkv,,False,False,blocked because MP4 replacement missing,mp4 missing
/mnt/spirit-8tb/media/yes/c60133f91ac7a5f18769c96232cd4d9b03e85cc5ce8e0be365d73cf81d675d6e.mp4.media-ingest.json,/mnt/spirit-8tb/media/yes/c60133f91ac7a5f18769c96232cd4d9b03e85cc5ce8e0be365d73cf81d675d6e.mkv,/mnt/spirit-8tb/media/yes/c60133f91ac7a5f18769c96232cd4d9b03e85cc5ce8e0be365d73cf81d675d6e.mp4,True,True,safe exact path migration,
/mnt/spirit-8tb/media/yes/Emilla Official Takes Boyfriend Hug dick.mp4.face-meta.json,dick.mkv,,False,False,blocked because MP4 replacement missing,mp4 missing
/mnt/spirit-8tb/media/yes/TheStartOfUs gamer Girl Fucks around Finds Out he Cums how many.mp4.face-meta.json,many.mkv,,False,False,blocked because MP4 replacement missing,mp4 missing
/mnt/spirit-8tb/media/yes/Lexi Marvel Shakes Her Lusty Cake.mp4.media-ingest.json,Cake.mkv.face-meta.json,,False,False,blocked because MP4 replacement missing,mp4 missing
/mnt/spirit-8tb/media/yes/Lexi Marvel Shakes Her Lusty Cake.mp4.media-ingest.json,Cake.mkv,,False,False,blocked because MP4 replacement missing,mp4 missing
/mnt/spirit-8tb/media/yes/Lexi Marvel Shakes Her Lusty Cake.mp4.media-ingest.json,Cake.mkv,,False,False,blocked because MP4 replacement missing,mp4 missing
/mnt/spirit-8tb/media/yes/Lexi Marvel Shakes Her Lusty Cake.mp4.media-ingest.json,Cake.mkv,,False,False,blocked because MP4 replacement missing,mp4 missing
/mnt/spirit-8tb/media/yes/NotYourHoneyBB Missionary Sex.mp4.media-ingest.json,Sex.mkv,,False,False,blocked because MP4 replacement missing,mp4 missing
/mnt/spirit-8tb/media/yes/OnlyFans_5 devorah2.mp4.mp4.media-ingest.json,devorah2.mp4.mkv,,False,False,blocked because MP4 replacement missing,mp4 missing
/mnt/spirit-8tb/media/yes/Cecilia Rose 89 Fuck Me Hard Please PPV Video Leaked.mp4.face-meta.json,Leaked.mkv.face-meta.json,,False,False,blocked because MP4 replacement missing,mp4 missing
/mnt/spirit-8tb/media/yes/Cecilia Rose 89 Fuck Me Hard Please PPV Video Leaked.mp4.face-meta.json,Leaked.mkv.face-meta.json,,False,False,blocked because MP4 replacement missing,mp4 missing
/mnt/spirit-8tb/media/yes/Cecilia Rose 89 Fuck Me Hard Please PPV Video Leaked.mp4.face-meta.json,Leaked.mkv,,False,False,blocked because MP4 replacement missing,mp4 missing
/mnt/spirit-8tb/media/yes/Cecilia Rose 89 Fuck Me Hard Please PPV Video Leaked.mp4.face-meta.json,Leaked.mkv,,False,False,blocked because MP4 replacement missing,mp4 missing
/mnt/spirit-8tb/media/yes/Cecilia Rose 89 Fuck Me Hard Please PPV Video Leaked.mp4.face-meta.json,Leaked.mkv,,False,False,blocked because MP4 replacement missing,mp4 missing
/mnt/spirit-8tb/media/yes/Cecilia Rose 89 Fuck Me Hard Please PPV Video Leaked.mp4.face-meta.json,Leaked.mkv,,False,False,blocked because MP4 replacement missing,mp4 missing
/mnt/spirit-8tb/media/yes/Cecilia Rose 89 Fuck Me Hard Please PPV Video Leaked.mp4.face-meta.json,Leaked.mkv,,False,False,blocked because MP4 replacement missing,mp4 missing
/mnt/spirit-8tb/media/yes/Cecilia Rose 89 Fuck Me Hard Please PPV Video Leaked.mp4.face-meta.json,Leaked.mkv,,False,False,blocked because MP4 replacement missing,mp4 missing
/mnt/spirit-8tb/media/yes/Ruth Lee Takes A Cumshot After Blowing A Dick.mp4.media-ingest.json,Dick.mkv,,False,False,blocked because MP4 replacement missing,mp4 missing
/mnt/spirit-8tb/media/yes/Devorah Roloff Nude Leaked OnlyFans Video 344 - Ibradome.mp4.media-ingest.json,Ibradome.mkv,,False,False,blocked because MP4 replacement missing,mp4 missing
/mnt/spirit-8tb/media/yes/onlyfans lily phillips jason luv 2024-02-13 interracial ir bbc b.mp4.media-ingest.json,b.mkv,,False,False,blocked because MP4 replacement missing,mp4 missing
/mnt/spirit-8tb/media/yes/v 2.mp4.face-meta.json,2.mkv.face-meta.json,,False,False,blocked because MP4 replacement missing,mp4 missing
/mnt/spirit-8tb/media/yes/v 2.mp4.face-meta.json,2.mkv.face-meta.json,,False,False,blocked because MP4 replacement missing,mp4 missing
/mnt/spirit-8tb/media/yes/v 2.mp4.face-meta.json,2.mkv,,False,False,blocked because MP4 replacement missing,mp4 missing
/mnt/spirit-8tb/media/yes/v 2.mp4.face-meta.json,2.mkv,,False,False,blocked because MP4 replacement missing,mp4 missing
/mnt/spirit-8tb/media/yes/v 2.mp4.face-meta.json,2.mkv,,False,False,blocked because MP4 replacement missing,mp4 missing
/mnt/spirit-8tb/media/yes/v 2.mp4.face-meta.json,2.mkv,,False,False,blocked because MP4 replacement missing,mp4 missing
/mnt/spirit-8tb/media/yes/v 2.mp4.face-meta.json,2.mkv,,False,False,blocked because MP4 replacement missing,mp4 missing
/mnt/spirit-8tb/media/yes/v 2.mp4.face-meta.json,2.mkv,,False,False,blocked because MP4 replacement missing,mp4 missing
/mnt/spirit-8tb/media/yes/Heyimbee Squeezing Juicy Melons Leaked Onlyfans Video.mp4.face-meta.json,Video.mkv.face-meta.json,,False,False,blocked because MP4 replacement missing,mp4 missing
/mnt/spirit-8tb/media/yes/Heyimbee Squeezing Juicy Melons Leaked Onlyfans Video.mp4.face-meta.json,Video.mkv.face-meta.json,,False,False,blocked because MP4 replacement missing,mp4 missing
/mnt/spirit-8tb/media/yes/Heyimbee Squeezing Juicy Melons Leaked Onlyfans Video.mp4.face-meta.json,Video.mkv,,False,False,blocked because MP4 replacement missing,mp4 missing
/mnt/spirit-8tb/media/yes/Heyimbee Squeezing Juicy Melons Leaked Onlyfans Video.mp4.face-meta.json,Video.mkv,,False,False,blocked because MP4 replacement missing,mp4 missing
/mnt/spirit-8tb/media/yes/Heyimbee Squeezing Juicy Melons Leaked Onlyfans Video.mp4.face-meta.json,Video.mkv,,False,False,blocked because MP4 replacement missing,mp4 missing
/mnt/spirit-8tb/media/yes/Heyimbee Squeezing Juicy Melons Leaked Onlyfans Video.mp4.face-meta.json,Video.mkv,,False,False,blocked because MP4 replacement missing,mp4 missing
/mnt/spirit-8tb/media/yes/Heyimbee Squeezing Juicy Melons Leaked Onlyfans Video.mp4.face-meta.json,Video.mkv,,False,False,blocked because MP4 replacement missing,mp4 missing
/mnt/spirit-8tb/media/yes/Heyimbee Squeezing Juicy Melons Leaked Onlyfans Video.mp4.face-meta.json,Video.mkv,,False,False,blocked because MP4 replacement missing,mp4 missing
/mnt/spirit-8tb/media/yes/Heyimbee 49.95 Ppv Floor Cam And Spreading Leak Video.mp4.face-meta.json,Video.mkv.face-meta.json,,False,False,blocked because MP4 replacement missing,mp4 missing
/mnt/spirit-8tb/media/yes/Heyimbee 49.95 Ppv Floor Cam And Spreading Leak Video.mp4.face-meta.json,Video.mkv.face-meta.json,,False,False,blocked because MP4 replacement missing,mp4 missing
/mnt/spirit-8tb/media/yes/Heyimbee 49.95 Ppv Floor Cam And Spreading Leak Video.mp4.face-meta.json,Video.mkv.face-meta.json,,False,False,blocked because MP4 replacement missing,mp4 missing
/mnt/spirit-8tb/media/yes/Heyimbee 49.95 Ppv Floor Cam And Spreading Leak Video.mp4.face-meta.json,Video.mkv.face-meta.json,,False,False,blocked because MP4 replacement missing,mp4 missing
/mnt/spirit-8tb/media/yes/Heyimbee 49.95 Ppv Floor Cam And Spreading Leak Video.mp4.face-meta.json,Video.mkv,,False,False,blocked because MP4 replacement missing,mp4 missing
/mnt/spirit-8tb/media/yes/Heyimbee 49.95 Ppv Floor Cam And Spreading Leak Video.mp4.face-meta.json,Video.mkv,,False,False,blocked because MP4 replacement missing,mp4 missing
/mnt/spirit-8tb/media/yes/Heyimbee 49.95 Ppv Floor Cam And Spreading Leak Video.mp4.face-meta.json,Video.mkv,,False,False,blocked because MP4 replacement missing,mp4 missing
/mnt/spirit-8tb/media/yes/Heyimbee 49.95 Ppv Floor Cam And Spreading Leak Video.mp4.face-meta.json,Video.mkv,,False,False,blocked because MP4 replacement missing,mp4 missing
/mnt/spirit-8tb/media/yes/Heyimbee 49.95 Ppv Floor Cam And Spreading Leak Video.mp4.face-meta.json,Video.mkv,,False,False,blocked because MP4 replacement missing,mp4 missing
/mnt/spirit-8tb/media/yes/Heyimbee 49.95 Ppv Floor Cam And Spreading Leak Video.mp4.face-meta.json,Video.mkv,,False,False,blocked because MP4 replacement missing,mp4 missing
/mnt/spirit-8tb/media/yes/Heyimbee 49.95 Ppv Floor Cam And Spreading Leak Video.mp4.face-meta.json,Video.mkv,,False,False,blocked because MP4 replacement missing,mp4 missing
/mnt/spirit-8tb/media/yes/Heyimbee 49.95 Ppv Floor Cam And Spreading Leak Video.mp4.face-meta.json,Video.mkv,,False,False,blocked because MP4 replacement missing,mp4 missing
/mnt/spirit-8tb/media/yes/Heyimbee 49.95 Ppv Floor Cam And Spreading Leak Video.mp4.face-meta.json,Video.mkv,,False,False,blocked because MP4 replacement missing,mp4 missing
/mnt/spirit-8tb/media/yes/Ruth Lee Glazes A Cock During A Sloppy BJ.mp4.media-ingest.json,BJ.mkv,,False,False,blocked because MP4 replacement missing,mp4 missing
/mnt/spirit-8tb/media/yes/Heyimbee 49.95 Ppv Floor Cam And Spreading Leak Video.mp4.media-ingest.json,Video.mkv,,False,False,blocked because MP4 replacement missing,mp4 missing
/mnt/spirit-8tb/media/yes/n6utt4v0th~oBjJ4OdyPb.mkv.media-ingest.json,/mnt/spirit-8tb/media/yes/n6utt4v0th~oBjJ4OdyPb.mkv,,False,False,blocked because MP4 replacement missing,mp4 missing
/mnt/spirit-8tb/media/yes/432038_720p.mp4.face-meta.json,/DATA/yes/432038_720p.mkv.face-meta.json,/DATA/yes/432038_720p.mp4.face-meta.json,True,True,safe exact path migration,
/mnt/spirit-8tb/media/yes/432038_720p.mp4.face-meta.json,/DATA/yes/432038_720p.mkv.face-meta.json,/DATA/yes/432038_720p.mp4.face-meta.json,True,True,safe exact path migration,
/mnt/spirit-8tb/media/yes/432038_720p.mp4.face-meta.json,/DATA/yes/432038_720p.mkv.face-meta.json,/DATA/yes/432038_720p.mp4.face-meta.json,True,True,safe exact path migration,
/mnt/spirit-8tb/media/yes/432038_720p.mp4.face-meta.json,/DATA/yes/432038_720p.mkv.face-meta.json,/DATA/yes/432038_720p.mp4.face-meta.json,True,True,safe exact path migration,
/mnt/spirit-8tb/media/yes/432038_720p.mp4.face-meta.json,/DATA/yes/432038_720p.mkv.face-meta.json,/DATA/yes/432038_720p.mp4.face-meta.json,True,True,safe exact path migration,
/mnt/spirit-8tb/media/yes/432038_720p.mp4.face-meta.json,/DATA/yes/432038_720p.mkv.face-meta.json,/DATA/yes/432038_720p.mp4.face-meta.json,True,True,safe exact path migration,
/mnt/spirit-8tb/media/yes/432038_720p.mp4.face-meta.json,/DATA/yes/432038_720p.mkv.face-meta.json,/DATA/yes/432038_720p.mp4.face-meta.json,True,True,safe exact path migration,
/mnt/spirit-8tb/media/yes/432038_720p.mp4.face-meta.json,/DATA/yes/432038_720p.mkv.face-meta.json,/DATA/yes/432038_720p.mp4.face-meta.json,True,True,safe exact path migration,
/mnt/spirit-8tb/media/yes/432038_720p.mp4.face-meta.json,/DATA/yes/432038_720p.mkv.face-meta.json,/DATA/yes/432038_720p.mp4.face-meta.json,True,True,safe exact path migration,
/mnt/spirit-8tb/media/yes/432038_720p.mp4.face-meta.json,/DATA/yes/432038_720p.mkv.face-meta.json,/DATA/yes/432038_720p.mp4.face-meta.json,True,True,safe exact path migration,
/mnt/spirit-8tb/media/yes/432038_720p.mp4.face-meta.json,/DATA/yes/432038_720p.mkv,/DATA/yes/432038_720p.mp4,True,True,safe exact path migration,
/mnt/spirit-8tb/media/yes/432038_720p.mp4.face-meta.json,/DATA/yes/432038_720p.mkv,/DATA/yes/432038_720p.mp4,True,True,safe exact path migration,
/mnt/spirit-8tb/media/yes/432038_720p.mp4.face-meta.json,/DATA/yes/432038_720p.mkv,/DATA/yes/432038_720p.mp4,True,True,safe exact path migration,
/mnt/spirit-8tb/media/yes/432038_720p.mp4.face-meta.json,/DATA/yes/432038_720p.mkv,/DATA/yes/432038_720p.mp4,True,True,safe exact path migration,
/mnt/spirit-8tb/media/yes/432038_720p.mp4.face-meta.json,/DATA/yes/432038_720p.mkv,/DATA/yes/432038_720p.mp4,True,True,safe exact path migration,
/mnt/spirit-8tb/media/yes/432038_720p.mp4.face-meta.json,/DATA/yes/432038_720p.mkv,/DATA/yes/432038_720p.mp4,True,True,safe exact path migration,
/mnt/spirit-8tb/media/yes/432038_720p.mp4.face-meta.json,/DATA/yes/432038_720p.mkv,/DATA/yes/432038_720p.mp4,True,True,safe exact path migration,
/mnt/spirit-8tb/media/yes/432038_720p.mp4.face-meta.json,/DATA/yes/432038_720p.mkv,/DATA/yes/432038_720p.mp4,True,True,safe exact path migration,
/mnt/spirit-8tb/media/yes/432038_720p.mp4.face-meta.json,/DATA/yes/432038_720p.mkv,/DATA/yes/432038_720p.mp4,True,True,safe exact path migration,
/mnt/spirit-8tb/media/yes/432038_720p.mp4.face-meta.json,/DATA/yes/432038_720p.mkv,/DATA/yes/432038_720p.mp4,True,True,safe exact path migration,
/mnt/spirit-8tb/media/yes/432038_720p.mp4.face-meta.json,/DATA/yes/432038_720p.mkv,/DATA/yes/432038_720p.mp4,True,True,safe exact path migration,
/mnt/spirit-8tb/media/yes/432038_720p.mp4.face-meta.json,/DATA/yes/432038_720p.mkv,/DATA/yes/432038_720p.mp4,True,True,safe exact path migration,
/mnt/spirit-8tb/media/yes/432038_720p.mp4.face-meta.json,/DATA/yes/432038_720p.mkv,/DATA/yes/432038_720p.mp4,True,True,safe exact path migration,
/mnt/spirit-8tb/media/yes/432038_720p.mp4.face-meta.json,/DATA/yes/432038_720p.mkv,/DATA/yes/432038_720p.mp4,True,True,safe exact path migration,
/mnt/spirit-8tb/media/yes/432038_720p.mp4.face-meta.json,/DATA/yes/432038_720p.mkv,/DATA/yes/432038_720p.mp4,True,True,safe exact path migration,
/mnt/spirit-8tb/media/yes/432038_720p.mp4.face-meta.json,/DATA/yes/432038_720p.mkv,/DATA/yes/432038_720p.mp4,True,True,safe exact path migration,
/mnt/spirit-8tb/media/yes/432038_720p.mp4.face-meta.json,/DATA/yes/432038_720p.mkv,/DATA/yes/432038_720p.mp4,True,True,safe exact path migration,
/mnt/spirit-8tb/media/yes/432038_720p.mp4.face-meta.json,432038_720p.mkv,432038_720p.mp4,True,True,safe basename migration,
/mnt/spirit-8tb/media/yes/Heyimbee Exclusive Leaked Nude OnlyFans 1099433.mp4.face-meta.json,1099433.mkv.face-meta.json,,False,False,blocked because MP4 replacement missing,mp4 missing
/mnt/spirit-8tb/media/yes/Heyimbee Exclusive Leaked Nude OnlyFans 1099433.mp4.face-meta.json,1099433.mkv.face-meta.json,,False,False,blocked because MP4 replacement missing,mp4 missing
/mnt/spirit-8tb/media/yes/Heyimbee Exclusive Leaked Nude OnlyFans 1099433.mp4.face-meta.json,1099433.mkv.face-meta.json,,False,False,blocked because MP4 replacement missing,mp4 missing
/mnt/spirit-8tb/media/yes/Heyimbee Exclusive Leaked Nude OnlyFans 1099433.mp4.face-meta.json,1099433.mkv.face-meta.json,,False,False,blocked because MP4 replacement missing,mp4 missing
/mnt/spirit-8tb/media/yes/Heyimbee Exclusive Leaked Nude OnlyFans 1099433.mp4.face-meta.json,1099433.mkv,,False,False,blocked because MP4 replacement missing,mp4 missing
/mnt/spirit-8tb/media/yes/Heyimbee Exclusive Leaked Nude OnlyFans 1099433.mp4.face-meta.json,1099433.mkv,,False,False,blocked because MP4 replacement missing,mp4 missing
/mnt/spirit-8tb/media/yes/Heyimbee Exclusive Leaked Nude OnlyFans 1099433.mp4.face-meta.json,1099433.mkv,,False,False,blocked because MP4 replacement missing,mp4 missing
/mnt/spirit-8tb/media/yes/Heyimbee Exclusive Leaked Nude OnlyFans 1099433.mp4.face-meta.json,1099433.mkv,,False,False,blocked because MP4 replacement missing,mp4 missing
/mnt/spirit-8tb/media/yes/Heyimbee Exclusive Leaked Nude OnlyFans 1099433.mp4.face-meta.json,1099433.mkv,,False,False,blocked because MP4 replacement missing,mp4 missing
/mnt/spirit-8tb/media/yes/Heyimbee Exclusive Leaked Nude OnlyFans 1099433.mp4.face-meta.json,1099433.mkv,,False,False,blocked because MP4 replacement missing,mp4 missing
/mnt/spirit-8tb/media/yes/Heyimbee Exclusive Leaked Nude OnlyFans 1099433.mp4.face-meta.json,1099433.mkv,,False,False,blocked because MP4 replacement missing,mp4 missing
/mnt/spirit-8tb/media/yes/Heyimbee Exclusive Leaked Nude OnlyFans 1099433.mp4.face-meta.json,1099433.mkv,,False,False,blocked because MP4 replacement missing,mp4 missing
/mnt/spirit-8tb/media/yes/Heyimbee Exclusive Leaked Nude OnlyFans 1099433.mp4.face-meta.json,1099433.mkv,,False,False,blocked because MP4 replacement missing,mp4 missing
/mnt/spirit-8tb/media/yes/Candy Love Nut on Me and then Lets Fuck Beeg(1).mp4.media-ingest.json,Beeg(1).mkv,,False,False,blocked because MP4 replacement missing,mp4 missing
/mnt/spirit-8tb/media/yes/Lika Busy Ways to Ensure Female Pleasure and Orgasm Beeg.mp4.media-ingest.json,Beeg.mkv,,False,False,blocked because MP4 replacement missing,mp4 missing
/mnt/spirit-8tb/media/yes/Devorah Roloff Nude Leaked OnlyFans Video 36 - Ibradome.mp4.media-ingest.json,Ibradome.mkv,,False,False,blocked because MP4 replacement missing,mp4 missing
/mnt/spirit-8tb/media/yes/Izzy Green Finger And Dildo Fuck Pussy Squirt Everywhere For Her.mkv.media-ingest.json,Her.mkv,,False,False,blocked because MP4 replacement missing,mp4 missing
/mnt/spirit-8tb/media/yes/Visit onlyshare.io for MORE 86.mkv.media-ingest.json,86.mkv,,False,False,blocked because MP4 replacement missing,mp4 missing
/mnt/spirit-8tb/media/yes/564677_720p.mkv.media-ingest.json,/mnt/spirit-8tb/media/yes/564677_720p.mkv,,False,False,blocked because MP4 replacement missing,mp4 missing
/mnt/spirit-8tb/media/yes/Heyimbee Exclusive Leaked Nude OnlyFans 1099433.mp4.media-ingest.json,1099433.mkv,,False,False,blocked because MP4 replacement missing,mp4 missing
/mnt/spirit-8tb/media/yes/Luke Cooper English Slut Bonnie Blue Loves Big Dick Inside Her B.mp4.media-ingest.json,B.mkv,,False,False,blocked because MP4 replacement missing,mp4 missing
/mnt/spirit-8tb/media/yes/b4b6c2d0fc023a2f9bff6ffb4865c66444afe6ffb05a331d1fa29a3f50d181b4.mp4.media-ingest.json,/mnt/spirit-8tb/media/yes/b4b6c2d0fc023a2f9bff6ffb4865c66444afe6ffb05a331d1fa29a3f50d181b4.mkv,/mnt/spirit-8tb/media/yes/b4b6c2d0fc023a2f9bff6ffb4865c66444afe6ffb05a331d1fa29a3f50d181b4.mp4,True,True,safe exact path migration,
/mnt/spirit-8tb/media/yes/Heyimbee Squeezing Big Boobs With Oil Leaked Onlyfans Video.mp4.face-meta.json,Video.mkv.face-meta.json,,False,False,blocked because MP4 replacement missing,mp4 missing
/mnt/spirit-8tb/media/yes/Heyimbee Squeezing Big Boobs With Oil Leaked Onlyfans Video.mp4.face-meta.json,Video.mkv.face-meta.json,,False,False,blocked because MP4 replacement missing,mp4 missing
/mnt/spirit-8tb/media/yes/Heyimbee Squeezing Big Boobs With Oil Leaked Onlyfans Video.mp4.face-meta.json,Video.mkv,,False,False,blocked because MP4 replacement missing,mp4 missing
/mnt/spirit-8tb/media/yes/Heyimbee Squeezing Big Boobs With Oil Leaked Onlyfans Video.mp4.face-meta.json,Video.mkv,,False,False,blocked because MP4 replacement missing,mp4 missing
/mnt/spirit-8tb/media/yes/Heyimbee Squeezing Big Boobs With Oil Leaked Onlyfans Video.mp4.face-meta.json,Video.mkv,,False,False,blocked because MP4 replacement missing,mp4 missing
/mnt/spirit-8tb/media/yes/Heyimbee Squeezing Big Boobs With Oil Leaked Onlyfans Video.mp4.face-meta.json,Video.mkv,,False,False,blocked because MP4 replacement missing,mp4 missing
/mnt/spirit-8tb/media/yes/Heyimbee Squeezing Big Boobs With Oil Leaked Onlyfans Video.mp4.face-meta.json,Video.mkv,,False,False,blocked because MP4 replacement missing,mp4 missing
/mnt/spirit-8tb/media/yes/Heyimbee Squeezing Big Boobs With Oil Leaked Onlyfans Video.mp4.face-meta.json,Video.mkv,,False,False,blocked because MP4 replacement missing,mp4 missing
/mnt/spirit-8tb/media/yes/Visit onlyshare.io for MORE 40.mkv.media-ingest.json,40.mkv,,False,False,blocked because MP4 replacement missing,mp4 missing
/mnt/spirit-8tb/media/yes/v 4.mkv.media-ingest.json,4.mkv,,False,False,blocked because MP4 replacement missing,mp4 missing
/mnt/spirit-8tb/media/yes/Natalie Roush Stripteasing With Her Booty Hole Dropping Tight Th.mp4.media-ingest.json,Th.mkv,,False,False,blocked because MP4 replacement missing,mp4 missing
/mnt/spirit-8tb/media/yes/c60133f91ac7a5f18769c96232cd4d9b03e85cc5ce8e0be365d73cf81d675d6e.mp4.face-meta.json,/DATA/yes/c60133f91ac7a5f18769c96232cd4d9b03e85cc5ce8e0be365d73cf81d675d6e.mkv.face-meta.json,/DATA/yes/c60133f91ac7a5f18769c96232cd4d9b03e85cc5ce8e0be365d73cf81d675d6e.mp4.face-meta.json,True,True,safe exact path migration,
/mnt/spirit-8tb/media/yes/c60133f91ac7a5f18769c96232cd4d9b03e85cc5ce8e0be365d73cf81d675d6e.mp4.face-meta.json,/DATA/yes/c60133f91ac7a5f18769c96232cd4d9b03e85cc5ce8e0be365d73cf81d675d6e.mkv.face-meta.json,/DATA/yes/c60133f91ac7a5f18769c96232cd4d9b03e85cc5ce8e0be365d73cf81d675d6e.mp4.face-meta.json,True,True,safe exact path migration,
/mnt/spirit-8tb/media/yes/c60133f91ac7a5f18769c96232cd4d9b03e85cc5ce8e0be365d73cf81d675d6e.mp4.face-meta.json,/DATA/yes/c60133f91ac7a5f18769c96232cd4d9b03e85cc5ce8e0be365d73cf81d675d6e.mkv,/DATA/yes/c60133f91ac7a5f18769c96232cd4d9b03e85cc5ce8e0be365d73cf81d675d6e.mp4,True,True,safe exact path migration,
/mnt/spirit-8tb/media/yes/c60133f91ac7a5f18769c96232cd4d9b03e85cc5ce8e0be365d73cf81d675d6e.mp4.face-meta.json,/DATA/yes/c60133f91ac7a5f18769c96232cd4d9b03e85cc5ce8e0be365d73cf81d675d6e.mkv,/DATA/yes/c60133f91ac7a5f18769c96232cd4d9b03e85cc5ce8e0be365d73cf81d675d6e.mp4,True,True,safe exact path migration,
/mnt/spirit-8tb/media/yes/c60133f91ac7a5f18769c96232cd4d9b03e85cc5ce8e0be365d73cf81d675d6e.mp4.face-meta.json,/DATA/yes/c60133f91ac7a5f18769c96232cd4d9b03e85cc5ce8e0be365d73cf81d675d6e.mkv,/DATA/yes/c60133f91ac7a5f18769c96232cd4d9b03e85cc5ce8e0be365d73cf81d675d6e.mp4,True,True,safe exact path migration,
/mnt/spirit-8tb/media/yes/c60133f91ac7a5f18769c96232cd4d9b03e85cc5ce8e0be365d73cf81d675d6e.mp4.face-meta.json,/DATA/yes/c60133f91ac7a5f18769c96232cd4d9b03e85cc5ce8e0be365d73cf81d675d6e.mkv,/DATA/yes/c60133f91ac7a5f18769c96232cd4d9b03e85cc5ce8e0be365d73cf81d675d6e.mp4,True,True,safe exact path migration,
/mnt/spirit-8tb/media/yes/c60133f91ac7a5f18769c96232cd4d9b03e85cc5ce8e0be365d73cf81d675d6e.mp4.face-meta.json,/DATA/yes/c60133f91ac7a5f18769c96232cd4d9b03e85cc5ce8e0be365d73cf81d675d6e.mkv,/DATA/yes/c60133f91ac7a5f18769c96232cd4d9b03e85cc5ce8e0be365d73cf81d675d6e.mp4,True,True,safe exact path migration,
/mnt/spirit-8tb/media/yes/c60133f91ac7a5f18769c96232cd4d9b03e85cc5ce8e0be365d73cf81d675d6e.mp4.face-meta.json,c60133f91ac7a5f18769c96232cd4d9b03e85cc5ce8e0be365d73cf81d675d6e.mkv,c60133f91ac7a5f18769c96232cd4d9b03e85cc5ce8e0be365d73cf81d675d6e.mp4,True,True,safe basename migration,
/mnt/spirit-8tb/media/yes/Lexi Marvel Teasing With Her Big Juicy Ass.mp4.media-ingest.json,Ass.mkv.face-meta.json,,False,False,blocked because MP4 replacement missing,mp4 missing
/mnt/spirit-8tb/media/yes/Lexi Marvel Teasing With Her Big Juicy Ass.mp4.media-ingest.json,Ass.mkv,,False,False,blocked because MP4 replacement missing,mp4 missing
/mnt/spirit-8tb/media/yes/Lexi Marvel Teasing With Her Big Juicy Ass.mp4.media-ingest.json,Ass.mkv,,False,False,blocked because MP4 replacement missing,mp4 missing
/mnt/spirit-8tb/media/yes/Lexi Marvel Teasing With Her Big Juicy Ass.mp4.media-ingest.json,Ass.mkv,,False,False,blocked because MP4 replacement missing,mp4 missing
/mnt/spirit-8tb/media/yes/Savaschultz savaschulz savashultz Exclusive Leaked Nude OnlyFans.mp4.media-ingest.json,OnlyFans.mkv,,False,False,blocked because MP4 replacement missing,mp4 missing
/mnt/spirit-8tb/media/yes/Sakurai Rena Strips Plays With Her Wet Asian Pussy Sakurai Rena.mp4.media-ingest.json,Rena.mkv,,False,False,blocked because MP4 replacement missing,mp4 missing
/mnt/spirit-8tb/media/yes/F1nn5ter Suck Big Black Dildo Onlyfans.mp4.media-ingest.json,Onlyfans.mkv,,False,False,blocked because MP4 replacement missing,mp4 missing
/mnt/spirit-8tb/media/yes/Izzy Green Squirt Compilation Leaked Sextape.mkv.media-ingest.json,Sextape.mkv,,False,False,blocked because MP4 replacement missing,mp4 missing
/mnt/spirit-8tb/media/yes/DR 023.mp4.mp4.media-ingest.json,023.mp4.mkv,,False,False,blocked because MP4 replacement missing,mp4 missing
/mnt/spirit-8tb/media/yes/Heyimbee ass from behind butt crack Leaked OF.mp4.face-meta.json,OF.mkv.face-meta.json,,False,False,blocked because MP4 replacement missing,mp4 missing
/mnt/spirit-8tb/media/yes/Heyimbee ass from behind butt crack Leaked OF.mp4.face-meta.json,OF.mkv.face-meta.json,,False,False,blocked because MP4 replacement missing,mp4 missing
/mnt/spirit-8tb/media/yes/Heyimbee ass from behind butt crack Leaked OF.mp4.face-meta.json,OF.mkv,,False,False,blocked because MP4 replacement missing,mp4 missing
/mnt/spirit-8tb/media/yes/Heyimbee ass from behind butt crack Leaked OF.mp4.face-meta.json,OF.mkv,,False,False,blocked because MP4 replacement missing,mp4 missing
/mnt/spirit-8tb/media/yes/Heyimbee ass from behind butt crack Leaked OF.mp4.face-meta.json,OF.mkv,,False,False,blocked because MP4 replacement missing,mp4 missing
/mnt/spirit-8tb/media/yes/Heyimbee ass from behind butt crack Leaked OF.mp4.face-meta.json,OF.mkv,,False,False,blocked because MP4 replacement missing,mp4 missing
/mnt/spirit-8tb/media/yes/Heyimbee ass from behind butt crack Leaked OF.mp4.face-meta.json,OF.mkv,,False,False,blocked because MP4 replacement missing,mp4 missing
/mnt/spirit-8tb/media/yes/Heyimbee ass from behind butt crack Leaked OF.mp4.face-meta.json,OF.mkv,,False,False,blocked because MP4 replacement missing,mp4 missing
/mnt/spirit-8tb/media/yes/Candy Love Her Doll-like Body Begs to Be Used Beeg.mp4.media-ingest.json,Beeg.mkv,,False,False,blocked because MP4 replacement missing,mp4 missing
/mnt/spirit-8tb/media/yes/Cece Rose Practices BJ Skills With A Dildo.mp4.media-ingest.json,Dildo.mkv,,False,False,blocked because MP4 replacement missing,mp4 missing
/mnt/spirit-8tb/media/yes/b4b6c2d0fc023a2f9bff6ffb4865c66444afe6ffb05a331d1fa29a3f50d181b4.mp4.face-meta.json,/DATA/yes/b4b6c2d0fc023a2f9bff6ffb4865c66444afe6ffb05a331d1fa29a3f50d181b4.mkv.face-meta.json,/DATA/yes/b4b6c2d0fc023a2f9bff6ffb4865c66444afe6ffb05a331d1fa29a3f50d181b4.mp4.face-meta.json,True,True,safe exact path migration,
/mnt/spirit-8tb/media/yes/b4b6c2d0fc023a2f9bff6ffb4865c66444afe6ffb05a331d1fa29a3f50d181b4.mp4.face-meta.json,/DATA/yes/b4b6c2d0fc023a2f9bff6ffb4865c66444afe6ffb05a331d1fa29a3f50d181b4.mkv.face-meta.json,/DATA/yes/b4b6c2d0fc023a2f9bff6ffb4865c66444afe6ffb05a331d1fa29a3f50d181b4.mp4.face-meta.json,True,True,safe exact path migration,
/mnt/spirit-8tb/media/yes/b4b6c2d0fc023a2f9bff6ffb4865c66444afe6ffb05a331d1fa29a3f50d181b4.mp4.face-meta.json,/DATA/yes/b4b6c2d0fc023a2f9bff6ffb4865c66444afe6ffb05a331d1fa29a3f50d181b4.mkv,/DATA/yes/b4b6c2d0fc023a2f9bff6ffb4865c66444afe6ffb05a331d1fa29a3f50d181b4.mp4,True,True,safe exact path migration,
/mnt/spirit-8tb/media/yes/b4b6c2d0fc023a2f9bff6ffb4865c66444afe6ffb05a331d1fa29a3f50d181b4.mp4.face-meta.json,/DATA/yes/b4b6c2d0fc023a2f9bff6ffb4865c66444afe6ffb05a331d1fa29a3f50d181b4.mkv,/DATA/yes/b4b6c2d0fc023a2f9bff6ffb4865c66444afe6ffb05a331d1fa29a3f50d181b4.mp4,True,True,safe exact path migration,
/mnt/spirit-8tb/media/yes/b4b6c2d0fc023a2f9bff6ffb4865c66444afe6ffb05a331d1fa29a3f50d181b4.mp4.face-meta.json,/DATA/yes/b4b6c2d0fc023a2f9bff6ffb4865c66444afe6ffb05a331d1fa29a3f50d181b4.mkv,/DATA/yes/b4b6c2d0fc023a2f9bff6ffb4865c66444afe6ffb05a331d1fa29a3f50d181b4.mp4,True,True,safe exact path migration,
/mnt/spirit-8tb/media/yes/b4b6c2d0fc023a2f9bff6ffb4865c66444afe6ffb05a331d1fa29a3f50d181b4.mp4.face-meta.json,/DATA/yes/b4b6c2d0fc023a2f9bff6ffb4865c66444afe6ffb05a331d1fa29a3f50d181b4.mkv,/DATA/yes/b4b6c2d0fc023a2f9bff6ffb4865c66444afe6ffb05a331d1fa29a3f50d181b4.mp4,True,True,safe exact path migration,
/mnt/spirit-8tb/media/yes/b4b6c2d0fc023a2f9bff6ffb4865c66444afe6ffb05a331d1fa29a3f50d181b4.mp4.face-meta.json,/DATA/yes/b4b6c2d0fc023a2f9bff6ffb4865c66444afe6ffb05a331d1fa29a3f50d181b4.mkv,/DATA/yes/b4b6c2d0fc023a2f9bff6ffb4865c66444afe6ffb05a331d1fa29a3f50d181b4.mp4,True,True,safe exact path migration,
/mnt/spirit-8tb/media/yes/b4b6c2d0fc023a2f9bff6ffb4865c66444afe6ffb05a331d1fa29a3f50d181b4.mp4.face-meta.json,b4b6c2d0fc023a2f9bff6ffb4865c66444afe6ffb05a331d1fa29a3f50d181b4.mkv,b4b6c2d0fc023a2f9bff6ffb4865c66444afe6ffb05a331d1fa29a3f50d181b4.mp4,True,True,safe basename migration,
/mnt/spirit-8tb/media/yes/Ruth Lee Bowjob In Her Friends Car.mp4.media-ingest.json,Car.mkv,,False,False,blocked because MP4 replacement missing,mp4 missing
/mnt/spirit-8tb/media/yes/Noturhoneybb Teases You with Her Messy Facial Money Shot Video.mp4.face-meta.json,Video.mkv,,False,False,blocked because MP4 replacement missing,mp4 missing
/mnt/spirit-8tb/media/yes/484374_720p.mp4.media-ingest.json,/mnt/spirit-8tb/media/yes/484374_720p.mkv,/mnt/spirit-8tb/media/yes/484374_720p.mp4,True,True,safe exact path migration,
/mnt/spirit-8tb/media/yes/RisqueCore Vid 123.mp4.media-ingest.json,123.mkv,,False,False,blocked because MP4 replacement missing,mp4 missing
/mnt/spirit-8tb/media/yes/Savaschultz savaschulz savashultz Exclusive Leaked Nude OnlyFans(7).mp4.media-ingest.json,OnlyFans(7).mkv,,False,False,blocked because MP4 replacement missing,mp4 missing
/mnt/spirit-8tb/media/yes/432038_720p.mp4.media-ingest.json,/mnt/spirit-8tb/media/yes/432038_720p.mkv,/mnt/spirit-8tb/media/yes/432038_720p.mp4,True,True,safe exact path migration,
/mnt/spirit-8tb/media/yes/Devdildo01.mp4.mp4.media-ingest.json,/mnt/spirit-8tb/media/yes/Devdildo01.mp4.mkv,/mnt/spirit-8tb/media/yes/Devdildo01.mp4.mp4,True,True,safe exact path migration,
/mnt/spirit-8tb/media/yes/Cutie Alexa Pearl Takes Hot Facial Outside.mp4.media-ingest.json,Outside.mkv,,False,False,blocked because MP4 replacement missing,mp4 missing
/mnt/spirit-8tb/media/yes/Candy Love I Want My Pussy Full of Cum Remove Condom no Birth Co.mp4.media-ingest.json,Co.mkv,,False,False,blocked because MP4 replacement missing,mp4 missing
/mnt/spirit-8tb/media/yes/Amburnee.mp4.media-ingest.json,/mnt/spirit-8tb/media/yes/Amburnee.mkv,/mnt/spirit-8tb/media/yes/Amburnee.mp4,True,True,safe exact path migration,
/mnt/spirit-8tb/media/yes/v 3.mkv.media-ingest.json,3.mkv,,False,False,blocked because MP4 replacement missing,mp4 missing
/mnt/spirit-8tb/media/yes/RisqueCore Vid 53.mp4.media-ingest.json,53.mkv,,False,False,blocked because MP4 replacement missing,mp4 missing
/mnt/spirit-8tb/media/yes/Heyimbee New Videos 3.mp4.media-ingest.json,3.mkv,,False,False,blocked because MP4 replacement missing,mp4 missing
/mnt/spirit-8tb/media/yes/Heyimbee Leaked Video III.mp4.face-meta.json,III.mkv.face-meta.json,,False,False,blocked because MP4 replacement missing,mp4 missing
/mnt/spirit-8tb/media/yes/Heyimbee Leaked Video III.mp4.face-meta.json,III.mkv.face-meta.json,,False,False,blocked because MP4 replacement missing,mp4 missing
/mnt/spirit-8tb/media/yes/Heyimbee Leaked Video III.mp4.face-meta.json,III.mkv,,False,False,blocked because MP4 replacement missing,mp4 missing
/mnt/spirit-8tb/media/yes/Heyimbee Leaked Video III.mp4.face-meta.json,III.mkv,,False,False,blocked because MP4 replacement missing,mp4 missing
/mnt/spirit-8tb/media/yes/Heyimbee Leaked Video III.mp4.face-meta.json,III.mkv,,False,False,blocked because MP4 replacement missing,mp4 missing
/mnt/spirit-8tb/media/yes/Heyimbee Leaked Video III.mp4.face-meta.json,III.mkv,,False,False,blocked because MP4 replacement missing,mp4 missing
/mnt/spirit-8tb/media/yes/Heyimbee Leaked Video III.mp4.face-meta.json,III.mkv,,False,False,blocked because MP4 replacement missing,mp4 missing
/mnt/spirit-8tb/media/yes/Heyimbee Leaked Video III.mp4.face-meta.json,III.mkv,,False,False,blocked because MP4 replacement missing,mp4 missing
/mnt/spirit-8tb/media/yes/✨@ofxmega on [TELEGRAM] (299).mkv.media-ingest.json,(299).mkv,,False,False,blocked because MP4 replacement missing,mp4 missing
/mnt/spirit-8tb/media/yes/Sava Schultz grinding BBC so lewd leak.mkv.media-ingest.json,leak.mkv,,False,False,blocked because MP4 replacement missing,mp4 missing
/mnt/spirit-8tb/media/yes/✨@ofxmega on [TELEGRAM] (288).mkv.media-ingest.json,(288).mkv,,False,False,blocked because MP4 replacement missing,mp4 missing
/mnt/spirit-8tb/media/yes/Hey I M Bee AKA Heyimbee Playing With Herself Soft Mouth Sounds.mp4.media-ingest.json,Sounds.mkv,,False,False,blocked because MP4 replacement missing,mp4 missing
/mnt/spirit-8tb/media/yes/Heyimbee Tease - EroThots.mp4.face-meta.json,EroThots.mkv.face-meta.json,,False,False,blocked because MP4 replacement missing,mp4 missing
/mnt/spirit-8tb/media/yes/Heyimbee Tease - EroThots.mp4.face-meta.json,EroThots.mkv.face-meta.json,,False,False,blocked because MP4 replacement missing,mp4 missing
/mnt/spirit-8tb/media/yes/Heyimbee Tease - EroThots.mp4.face-meta.json,EroThots.mkv,,False,False,blocked because MP4 replacement missing,mp4 missing
/mnt/spirit-8tb/media/yes/Heyimbee Tease - EroThots.mp4.face-meta.json,EroThots.mkv,,False,False,blocked because MP4 replacement missing,mp4 missing
/mnt/spirit-8tb/media/yes/Heyimbee Tease - EroThots.mp4.face-meta.json,EroThots.mkv,,False,False,blocked because MP4 replacement missing,mp4 missing
/mnt/spirit-8tb/media/yes/Heyimbee Tease - EroThots.mp4.face-meta.json,EroThots.mkv,,False,False,blocked because MP4 replacement missing,mp4 missing
/mnt/spirit-8tb/media/yes/Heyimbee Tease - EroThots.mp4.face-meta.json,EroThots.mkv,,False,False,blocked because MP4 replacement missing,mp4 missing
/mnt/spirit-8tb/media/yes/Heyimbee Tease - EroThots.mp4.face-meta.json,EroThots.mkv,,False,False,blocked because MP4 replacement missing,mp4 missing
/mnt/spirit-8tb/media/yes/Ruth Lee Teases Her Cunt In A Dress.mp4.media-ingest.json,Dress.mkv,,False,False,blocked because MP4 replacement missing,mp4 missing
/mnt/spirit-8tb/media/yes/Devorah rollof Onlyfans Video.mp4.media-ingest.json,Video.mkv,,False,False,blocked because MP4 replacement missing,mp4 missing
/mnt/spirit-8tb/media/yes/DR 025.mp4.mp4.media-ingest.json,025.mp4.mkv,,False,False,blocked because MP4 replacement missing,mp4 missing
/mnt/spirit-8tb/media/yes/Heyimbee Squeezing Big Boobs With Oil Leaked Onlyfans Video.mp4.media-ingest.json,Video.mkv,,False,False,blocked because MP4 replacement missing,mp4 missing
/mnt/spirit-8tb/media/yes/Ruth Lee Gives A Hot Jerk Off Instructions.mp4.media-ingest.json,Instructions.mkv,,False,False,blocked because MP4 replacement missing,mp4 missing
/mnt/spirit-8tb/media/yes/Devorah Roloff Pumps Massive Dildo in Leaked Suck and Fuck Fest.mkv.media-ingest.json,Fest.mkv,,False,False,blocked because MP4 replacement missing,mp4 missing
/mnt/spirit-8tb/media/yes/550807_720p.mp4.face-meta.json,/DATA/yes/550807_720p.mkv.face-meta.json,/DATA/yes/550807_720p.mp4.face-meta.json,True,True,safe exact path migration,
/mnt/spirit-8tb/media/yes/550807_720p.mp4.face-meta.json,/DATA/yes/550807_720p.mkv.face-meta.json,/DATA/yes/550807_720p.mp4.face-meta.json,True,True,safe exact path migration,
/mnt/spirit-8tb/media/yes/550807_720p.mp4.face-meta.json,/DATA/yes/550807_720p.mkv,/DATA/yes/550807_720p.mp4,True,True,safe exact path migration,
/mnt/spirit-8tb/media/yes/550807_720p.mp4.face-meta.json,/DATA/yes/550807_720p.mkv,/DATA/yes/550807_720p.mp4,True,True,safe exact path migration,
/mnt/spirit-8tb/media/yes/550807_720p.mp4.face-meta.json,/DATA/yes/550807_720p.mkv,/DATA/yes/550807_720p.mp4,True,True,safe exact path migration,
/mnt/spirit-8tb/media/yes/550807_720p.mp4.face-meta.json,/DATA/yes/550807_720p.mkv,/DATA/yes/550807_720p.mp4,True,True,safe exact path migration,
/mnt/spirit-8tb/media/yes/550807_720p.mp4.face-meta.json,/DATA/yes/550807_720p.mkv,/DATA/yes/550807_720p.mp4,True,True,safe exact path migration,
/mnt/spirit-8tb/media/yes/550807_720p.mp4.face-meta.json,550807_720p.mkv,550807_720p.mp4,True,True,safe basename migration,
/mnt/spirit-8tb/media/yes/Amburnee ambernyy Exclusive Leaked Nude OnlyFans 12558863.mp4.media-ingest.json,12558863.mkv,,False,False,blocked because MP4 replacement missing,mp4 missing
/mnt/spirit-8tb/media/yes/Ruth Lee Gets Fucked Wearing Ripped Pants.mp4.media-ingest.json,Pants.mkv.face-meta.json,,False,False,blocked because MP4 replacement missing,mp4 missing
/mnt/spirit-8tb/media/yes/Ruth Lee Gets Fucked Wearing Ripped Pants.mp4.media-ingest.json,Pants.mkv,,False,False,blocked because MP4 replacement missing,mp4 missing
/mnt/spirit-8tb/media/yes/Ruth Lee Gets Fucked Wearing Ripped Pants.mp4.media-ingest.json,Pants.mkv,,False,False,blocked because MP4 replacement missing,mp4 missing
/mnt/spirit-8tb/media/yes/Ruth Lee Gets Fucked Wearing Ripped Pants.mp4.media-ingest.json,Pants.mkv,,False,False,blocked because MP4 replacement missing,mp4 missing
/mnt/spirit-8tb/media/yes/Natalie Roush Nut For Natalie November Ppv Dropping Tight Jeans.mp4.media-ingest.json,Jeans.mkv,,False,False,blocked because MP4 replacement missing,mp4 missing
/mnt/spirit-8tb/media/yes/Candy Love ive Oiled Myself Up for Your Cock so now U Gonna Fill.mp4.media-ingest.json,Fill.mkv,,False,False,blocked because MP4 replacement missing,mp4 missing
/mnt/spirit-8tb/media/yes/ruth-lee-after-gym-blowjob-titty-fuck-cumshot-video-leaked-480p.mkv.media-ingest.json,/mnt/spirit-8tb/media/yes/ruth-lee-after-gym-blowjob-titty-fuck-cumshot-video-leaked-480p.mkv,,False,False,blocked because MP4 replacement missing,mp4 missing
/mnt/spirit-8tb/media/yes/Candy Love how to Make Your Bf Cum Twice He Cant Resist My Tits.mp4.media-ingest.json,Tits.mkv,,False,False,blocked because MP4 replacement missing,mp4 missing
/mnt/spirit-8tb/media/yes/Devorah Roloff Pussy.mp4.media-ingest.json,Pussy.mkv,,False,False,blocked because MP4 replacement missing,mp4 missing
/mnt/spirit-8tb/media/yes/Devorah Roloff Nude Leaked OnlyFans Video 348 - Ibradome.mp4.media-ingest.json,Ibradome.mkv,,False,False,blocked because MP4 replacement missing,mp4 missing
/mnt/spirit-8tb/media/yes/Natalie Roush New Squat Ppv In Tight Thong Onlyfans Leak.mp4.media-ingest.json,Leak.mkv,,False,False,blocked because MP4 replacement missing,mp4 missing
/mnt/spirit-8tb/media/yes/Savaschultz savaschulz savashultz Exclusive Leaked Nude OnlyFans(3).mp4.media-ingest.json,OnlyFans(3).mkv,,False,False,blocked because MP4 replacement missing,mp4 missing
/mnt/spirit-8tb/media/yes/OnlyFans_5 devorah.mp4.mp4.media-ingest.json,devorah.mp4.mkv,,False,False,blocked because MP4 replacement missing,mp4 missing
/mnt/spirit-8tb/media/yes/Onlyfans devorah roloff milk tits naked(1).mp4.media-ingest.json,naked(1).mkv,,False,False,blocked because MP4 replacement missing,mp4 missing
/mnt/spirit-8tb/media/yes/jvlrc49ddg~7KxkgZMm9j.mp4.face-meta.json,/DATA/yes/jvlrc49ddg~7KxkgZMm9j.mkv.face-meta.json,/DATA/yes/jvlrc49ddg~7KxkgZMm9j.mp4.face-meta.json,True,True,safe exact path migration,
/mnt/spirit-8tb/media/yes/jvlrc49ddg~7KxkgZMm9j.mp4.face-meta.json,/DATA/yes/jvlrc49ddg~7KxkgZMm9j.mkv.face-meta.json,/DATA/yes/jvlrc49ddg~7KxkgZMm9j.mp4.face-meta.json,True,True,safe exact path migration,
/mnt/spirit-8tb/media/yes/jvlrc49ddg~7KxkgZMm9j.mp4.face-meta.json,/DATA/yes/jvlrc49ddg~7KxkgZMm9j.mkv,/DATA/yes/jvlrc49ddg~7KxkgZMm9j.mp4,True,True,safe exact path migration,
/mnt/spirit-8tb/media/yes/jvlrc49ddg~7KxkgZMm9j.mp4.face-meta.json,/DATA/yes/jvlrc49ddg~7KxkgZMm9j.mkv,/DATA/yes/jvlrc49ddg~7KxkgZMm9j.mp4,True,True,safe exact path migration,
/mnt/spirit-8tb/media/yes/jvlrc49ddg~7KxkgZMm9j.mp4.face-meta.json,/DATA/yes/jvlrc49ddg~7KxkgZMm9j.mkv,/DATA/yes/jvlrc49ddg~7KxkgZMm9j.mp4,True,True,safe exact path migration,
/mnt/spirit-8tb/media/yes/jvlrc49ddg~7KxkgZMm9j.mp4.face-meta.json,/DATA/yes/jvlrc49ddg~7KxkgZMm9j.mkv,/DATA/yes/jvlrc49ddg~7KxkgZMm9j.mp4,True,True,safe exact path migration,
/mnt/spirit-8tb/media/yes/jvlrc49ddg~7KxkgZMm9j.mp4.face-meta.json,/DATA/yes/jvlrc49ddg~7KxkgZMm9j.mkv,/DATA/yes/jvlrc49ddg~7KxkgZMm9j.mp4,True,True,safe exact path migration,
/mnt/spirit-8tb/media/yes/jvlrc49ddg~7KxkgZMm9j.mp4.face-meta.json,jvlrc49ddg~7KxkgZMm9j.mkv,jvlrc49ddg~7KxkgZMm9j.mp4,True,True,safe basename migration,
/mnt/spirit-8tb/media/yes/Natalie Roush Sizzling Mesh Bodysuit Booty Tease in Leaked OnlyF.mp4.media-ingest.json,OnlyF.mkv,,False,False,blocked because MP4 replacement missing,mp4 missing
/mnt/spirit-8tb/media/yes/vid_480p.mkv.media-ingest.json,/mnt/spirit-8tb/media/yes/vid_480p.mkv,,False,False,blocked because MP4 replacement missing,mp4 missing
/mnt/spirit-8tb/media/yes/Tommy Wood Nurse Role-Play with POV Doggy and Cumshot Beeg.mp4.media-ingest.json,Beeg.mkv,,False,False,blocked because MP4 replacement missing,mp4 missing
/mnt/spirit-8tb/media/yes/TheStartOfUs Asm-r You Cumming ️ 3 Huge Cumshots Beeg.mp4.media-ingest.json,Beeg.mkv,,False,False,blocked because MP4 replacement missing,mp4 missing
/mnt/spirit-8tb/media/yes/Ruth Lees ASMR Sloppy Blowjob.mp4.media-ingest.json,Blowjob.mkv,,False,False,blocked because MP4 replacement missing,mp4 missing
/mnt/spirit-8tb/media/yes/Devorah Roloff Gives A Vibrator A Good Sucking Devorah Roloff On.mp4.media-ingest.json,On.mkv,,False,False,blocked because MP4 replacement missing,mp4 missing
/mnt/spirit-8tb/media/yes/RisqueCore Vid 73.mp4.media-ingest.json,73.mkv,,False,False,blocked because MP4 replacement missing,mp4 missing
/mnt/spirit-8tb/media/yes/Ruth Lee Makes Ahegao Faces During Sex.mp4.media-ingest.json,Sex.mkv,,False,False,blocked because MP4 replacement missing,mp4 missing
/mnt/spirit-8tb/media/yes/✨@ofxmega on [TELEGRAM] (295).mkv.media-ingest.json,(295).mkv,,False,False,blocked because MP4 replacement missing,mp4 missing
/mnt/spirit-8tb/media/yes/Devorah Roloff Nude Leaked OnlyFans Video 25 - Ibradome.mp4.media-ingest.json,Ibradome.mkv,,False,False,blocked because MP4 replacement missing,mp4 missing
/mnt/spirit-8tb/media/yes/Aaliyah Yasin Has Unprotected Sex With A Stranger.mkv.media-ingest.json,Stranger.mkv,,False,False,blocked because MP4 replacement missing,mp4 missing
/mnt/spirit-8tb/media/yes/Candy Love Good Boy Gets Good Head then Good Sex Beeg.mp4.media-ingest.json,Beeg.mkv,,False,False,blocked because MP4 replacement missing,mp4 missing
/mnt/spirit-8tb/media/yes/Ruth Lee Takes A Facial On Her Glasses.mp4.media-ingest.json,Glasses.mkv,,False,False,blocked because MP4 replacement missing,mp4 missing
/mnt/spirit-8tb/media/yes/Devorah Roloff Nude Leaked OnlyFans Video 1 - Ibradome.mp4.media-ingest.json,Ibradome.mkv,,False,False,blocked because MP4 replacement missing,mp4 missing
/mnt/spirit-8tb/media/yes/Ruth Lee Savors Cock In POV.mp4.media-ingest.json,POV.mkv,,False,False,blocked because MP4 replacement missing,mp4 missing
/mnt/spirit-8tb/media/yes/513329_720p.mp4.media-ingest.json,/mnt/spirit-8tb/media/yes/513329_720p.mkv,/mnt/spirit-8tb/media/yes/513329_720p.mp4,True,True,safe exact path migration,
/mnt/spirit-8tb/media/yes/RisqueCore Vid 10.mp4.media-ingest.json,10.mkv,,False,False,blocked because MP4 replacement missing,mp4 missing
/mnt/spirit-8tb/media/yes/Savaschultz savaschulz savashultz Exclusive Leaked Nude OnlyFans(8).mp4.media-ingest.json,OnlyFans(8).mkv,,False,False,blocked because MP4 replacement missing,mp4 missing
/mnt/spirit-8tb/media/yes/F1nn5ter Suck Big Black Dildo Onlyfans.mp4.face-meta.json,Onlyfans.mkv.face-meta.json,,False,False,blocked because MP4 replacement missing,mp4 missing
/mnt/spirit-8tb/media/yes/F1nn5ter Suck Big Black Dildo Onlyfans.mp4.face-meta.json,Onlyfans.mkv.face-meta.json,,False,False,blocked because MP4 replacement missing,mp4 missing
/mnt/spirit-8tb/media/yes/F1nn5ter Suck Big Black Dildo Onlyfans.mp4.face-meta.json,Onlyfans.mkv,,False,False,blocked because MP4 replacement missing,mp4 missing
/mnt/spirit-8tb/media/yes/F1nn5ter Suck Big Black Dildo Onlyfans.mp4.face-meta.json,Onlyfans.mkv,,False,False,blocked because MP4 replacement missing,mp4 missing
/mnt/spirit-8tb/media/yes/F1nn5ter Suck Big Black Dildo Onlyfans.mp4.face-meta.json,Onlyfans.mkv,,False,False,blocked because MP4 replacement missing,mp4 missing
/mnt/spirit-8tb/media/yes/F1nn5ter Suck Big Black Dildo Onlyfans.mp4.face-meta.json,Onlyfans.mkv,,False,False,blocked because MP4 replacement missing,mp4 missing
/mnt/spirit-8tb/media/yes/F1nn5ter Suck Big Black Dildo Onlyfans.mp4.face-meta.json,Onlyfans.mkv,,False,False,blocked because MP4 replacement missing,mp4 missing
/mnt/spirit-8tb/media/yes/F1nn5ter Suck Big Black Dildo Onlyfans.mp4.face-meta.json,Onlyfans.mkv,,False,False,blocked because MP4 replacement missing,mp4 missing
/mnt/spirit-8tb/media/yes/550807_720p.mp4.media-ingest.json,/mnt/spirit-8tb/media/yes/550807_720p.mkv,/mnt/spirit-8tb/media/yes/550807_720p.mp4,True,True,safe exact path migration,
/mnt/spirit-8tb/media/yes/Heyimbee Exclusive Leaked Nude OnlyFans 1101500.mp4.media-ingest.json,1101500.mkv,,False,False,blocked because MP4 replacement missing,mp4 missing
/mnt/spirit-8tb/media/yes/DR 024.mp4.mp4.media-ingest.json,024.mp4.mkv,,False,False,blocked because MP4 replacement missing,mp4 missing
/mnt/spirit-8tb/media/yes/Devorah Roloff Car Flashing Full Nude PPV.mp4.media-ingest.json,PPV.mkv,,False,False,blocked because MP4 replacement missing,mp4 missing
/mnt/spirit-8tb/media/yes/RisqueCore Vid 96.mp4.media-ingest.json,96.mkv,,False,False,blocked because MP4 replacement missing,mp4 missing
/mnt/spirit-8tb/media/yes/Katiana Kay Fucks A Cop Video Leaked.mp4.face-meta.json,Leaked.mkv.face-meta.json,,False,False,blocked because MP4 replacement missing,mp4 missing
/mnt/spirit-8tb/media/yes/Katiana Kay Fucks A Cop Video Leaked.mp4.face-meta.json,Leaked.mkv.face-meta.json,,False,False,blocked because MP4 replacement missing,mp4 missing
/mnt/spirit-8tb/media/yes/Katiana Kay Fucks A Cop Video Leaked.mp4.face-meta.json,Leaked.mkv,,False,False,blocked because MP4 replacement missing,mp4 missing
/mnt/spirit-8tb/media/yes/Katiana Kay Fucks A Cop Video Leaked.mp4.face-meta.json,Leaked.mkv,,False,False,blocked because MP4 replacement missing,mp4 missing
/mnt/spirit-8tb/media/yes/Katiana Kay Fucks A Cop Video Leaked.mp4.face-meta.json,Leaked.mkv,,False,False,blocked because MP4 replacement missing,mp4 missing
/mnt/spirit-8tb/media/yes/Katiana Kay Fucks A Cop Video Leaked.mp4.face-meta.json,Leaked.mkv,,False,False,blocked because MP4 replacement missing,mp4 missing
/mnt/spirit-8tb/media/yes/Katiana Kay Fucks A Cop Video Leaked.mp4.face-meta.json,Leaked.mkv,,False,False,blocked because MP4 replacement missing,mp4 missing
/mnt/spirit-8tb/media/yes/Katiana Kay Fucks A Cop Video Leaked.mp4.face-meta.json,Leaked.mkv,,False,False,blocked because MP4 replacement missing,mp4 missing
/mnt/spirit-8tb/media/yes/My Porn Plugg Neighbor Craves Intense Facial Cumshot Beeg.mp4.face-meta.json,Beeg.mkv,,False,False,blocked because MP4 replacement missing,mp4 missing
/mnt/spirit-8tb/media/yes/Ruth Lees Seductive Jerk Off Instructions.mp4.media-ingest.json,Instructions.mkv,,False,False,blocked because MP4 replacement missing,mp4 missing
/mnt/spirit-8tb/media/yes/✨@ofxmega on [TELEGRAM] (86).mkv.media-ingest.json,(86).mkv,,False,False,blocked because MP4 replacement missing,mp4 missing
/mnt/spirit-8tb/media/yes/Eve Cums Twice in Her Tight Ass Ass to Pussy to Ass Beeg.mp4.media-ingest.json,Beeg.mkv,,False,False,blocked because MP4 replacement missing,mp4 missing
/mnt/spirit-8tb/media/yes/My Porn Plugg Neighbor Craves Intense Facial Cumshot Beeg.mp4.media-ingest.json,Beeg.mkv,,False,False,blocked because MP4 replacement missing,mp4 missing
/mnt/spirit-8tb/media/yes/Aaliyah Yasin Tits Cummed After BJ Onlyfans UsualFans.mp4.media-ingest.json,UsualFans.mkv.face-meta.json,,False,False,blocked because MP4 replacement missing,mp4 missing
/mnt/spirit-8tb/media/yes/Aaliyah Yasin Tits Cummed After BJ Onlyfans UsualFans.mp4.media-ingest.json,UsualFans.mkv,,False,False,blocked because MP4 replacement missing,mp4 missing
/mnt/spirit-8tb/media/yes/Aaliyah Yasin Tits Cummed After BJ Onlyfans UsualFans.mp4.media-ingest.json,UsualFans.mkv,,False,False,blocked because MP4 replacement missing,mp4 missing
/mnt/spirit-8tb/media/yes/Aaliyah Yasin Tits Cummed After BJ Onlyfans UsualFans.mp4.media-ingest.json,UsualFans.mkv,,False,False,blocked because MP4 replacement missing,mp4 missing
/mnt/spirit-8tb/media/yes/Devdildo02.mp4.mp4.media-ingest.json,/mnt/spirit-8tb/media/yes/Devdildo02.mp4.mkv,/mnt/spirit-8tb/media/yes/Devdildo02.mp4.mp4,True,True,safe exact path migration,
/mnt/spirit-8tb/media/yes/Candy Love Passionate Lovemaking before Work. Beeg.mp4.media-ingest.json,Beeg.mkv,,False,False,blocked because MP4 replacement missing,mp4 missing
/mnt/spirit-8tb/media/yes/Visit onlyshare.io for MORE 79.mkv.media-ingest.json,79.mkv,,False,False,blocked because MP4 replacement missing,mp4 missing
/mnt/spirit-8tb/media/yes/Sava Schultz grinding BBC so lewd leak.mkv.face-meta.json,leak.mkv,,False,False,blocked because MP4 replacement missing,mp4 missing
/mnt/spirit-8tb/media/yes/Candy Love Gooner Princess Edging until Cum Bomb Explodes Ahegao.mp4.media-ingest.json,Ahegao.mkv,,False,False,blocked because MP4 replacement missing,mp4 missing
/mnt/spirit-8tb/media/yes/Sexy Lily Phillips Picked Up And Creampie In Self Driving Tesla.mp4.media-ingest.json,Tesla.mkv,,False,False,blocked because MP4 replacement missing,mp4 missing
/mnt/spirit-8tb/media/yes/Heyimbee Squeezing Juicy Melons Leaked Onlyfans Video.mp4.media-ingest.json,Video.mkv,,False,False,blocked because MP4 replacement missing,mp4 missing
/mnt/spirit-8tb/media/yes/Aaliyah Yasin Has Unprotected Sex With A Stranger.optimized.mp4.media-ingest.json,Stranger.optimized.mkv,,False,False,blocked because MP4 replacement missing,mp4 missing
/mnt/spirit-8tb/media/yes/✨@ofxmega on [TELEGRAM] (278).mkv.media-ingest.json,(278).mkv,,False,False,blocked because MP4 replacement missing,mp4 missing
/mnt/spirit-8tb/media/yes/Lexi Marvel Teases Her Seductive Curves.mp4.media-ingest.json,Curves.mkv.face-meta.json,,False,False,blocked because MP4 replacement missing,mp4 missing
/mnt/spirit-8tb/media/yes/Lexi Marvel Teases Her Seductive Curves.mp4.media-ingest.json,Curves.mkv,,False,False,blocked because MP4 replacement missing,mp4 missing
/mnt/spirit-8tb/media/yes/Lexi Marvel Teases Her Seductive Curves.mp4.media-ingest.json,Curves.mkv,,False,False,blocked because MP4 replacement missing,mp4 missing
/mnt/spirit-8tb/media/yes/Lexi Marvel Teases Her Seductive Curves.mp4.media-ingest.json,Curves.mkv,,False,False,blocked because MP4 replacement missing,mp4 missing
/mnt/spirit-8tb/media/yes/14318872.mp4.media-ingest.json,/mnt/spirit-8tb/media/yes/14318872.mkv,/mnt/spirit-8tb/media/yes/14318872.mp4,True,True,safe exact path migration,
/mnt/spirit-8tb/media/yes/Layla - tiktok beauty teen vlog creampie Leaked onlyfans Sextape.mp4.face-meta.json,Sextape.mkv,,False,False,blocked because MP4 replacement missing,mp4 missing
/mnt/spirit-8tb/media/yes/Layla - tiktok beauty teen vlog creampie Leaked onlyfans Sextape.mp4.media-ingest.json,Sextape.mkv,,False,False,blocked because MP4 replacement missing,mp4 missing
/mnt/spirit-8tb/media/yes/Savaschultz savaschulz savashultz Exclusive Leaked Nude OnlyFans(4).mp4.media-ingest.json,OnlyFans(4).mkv,,False,False,blocked because MP4 replacement missing,mp4 missing
/mnt/spirit-8tb/media/yes/Amburnee ambernyy Exclusive Leaked Nude OnlyFans 12726049.mp4.media-ingest.json,12726049.mkv,,False,False,blocked because MP4 replacement missing,mp4 missing
/mnt/spirit-8tb/media/yes/Heyimbee ass from behind butt crack Leaked OF.mp4.media-ingest.json,OF.mkv,,False,False,blocked because MP4 replacement missing,mp4 missing
/mnt/spirit-8tb/media/yes/Comatozze Girl Seduces Serviceman in Hotel No Chance Big Ass Tit.mp4.media-ingest.json,Tit.mkv,,False,False,blocked because MP4 replacement missing,mp4 missing
/mnt/spirit-8tb/media/yes/556530_720p.mkv.media-ingest.json,/mnt/spirit-8tb/media/yes/556530_720p.mkv,,False,False,blocked because MP4 replacement missing,mp4 missing
/mnt/spirit-8tb/media/yes/Lexi Marvel Shakes And Teases Her Ass.mp4.media-ingest.json,Ass.mkv.face-meta.json,,False,False,blocked because MP4 replacement missing,mp4 missing
/mnt/spirit-8tb/media/yes/Lexi Marvel Shakes And Teases Her Ass.mp4.media-ingest.json,Ass.mkv,,False,False,blocked because MP4 replacement missing,mp4 missing
/mnt/spirit-8tb/media/yes/Lexi Marvel Shakes And Teases Her Ass.mp4.media-ingest.json,Ass.mkv,,False,False,blocked because MP4 replacement missing,mp4 missing
/mnt/spirit-8tb/media/yes/Lexi Marvel Shakes And Teases Her Ass.mp4.media-ingest.json,Ass.mkv,,False,False,blocked because MP4 replacement missing,mp4 missing
/mnt/spirit-8tb/media/yes/Sava Schultz Naked Big Ass POV Onlyfans Video.mp4.media-ingest.json,Video.mkv,,False,False,blocked because MP4 replacement missing,mp4 missing
/mnt/spirit-8tb/media/yes/Devorah Roloff Grabs Her Boobs In The Mirror Devorah Roloff Only.mp4.media-ingest.json,Only.mkv,,False,False,blocked because MP4 replacement missing,mp4 missing
/mnt/spirit-8tb/media/yes/video-2026-06-19T09-46-04.726Z.mkv.media-ingest.json,/mnt/spirit-8tb/media/yes/video-2026-06-19T09-46-04.726Z.mkv.face-meta.json,,False,False,blocked because MP4 replacement missing,mp4 missing
/mnt/spirit-8tb/media/yes/video-2026-06-19T09-46-04.726Z.mkv.media-ingest.json,/mnt/spirit-8tb/media/yes/video-2026-06-19T09-46-04.726Z.mkv,,False,False,blocked because MP4 replacement missing,mp4 missing
/mnt/spirit-8tb/media/yes/video-2026-06-19T09-46-04.726Z.mkv.media-ingest.json,/mnt/spirit-8tb/media/yes/video-2026-06-19T09-46-04.726Z.mkv,,False,False,blocked because MP4 replacement missing,mp4 missing
/mnt/spirit-8tb/media/yes/video-2026-06-19T09-46-04.726Z.mkv.media-ingest.json,/mnt/spirit-8tb/media/yes/video-2026-06-19T09-46-04.726Z.mkv,,False,False,blocked because MP4 replacement missing,mp4 missing
/mnt/spirit-8tb/media/yes/Isabelle Eleanores Pleasures A Dick Outdoors.mp4.media-ingest.json,Outdoors.mkv.face-meta.json,,False,False,blocked because MP4 replacement missing,mp4 missing
/mnt/spirit-8tb/media/yes/Isabelle Eleanores Pleasures A Dick Outdoors.mp4.media-ingest.json,Outdoors.mkv,,False,False,blocked because MP4 replacement missing,mp4 missing
/mnt/spirit-8tb/media/yes/Isabelle Eleanores Pleasures A Dick Outdoors.mp4.media-ingest.json,Outdoors.mkv,,False,False,blocked because MP4 replacement missing,mp4 missing
/mnt/spirit-8tb/media/yes/Isabelle Eleanores Pleasures A Dick Outdoors.mp4.media-ingest.json,Outdoors.mkv,,False,False,blocked because MP4 replacement missing,mp4 missing
/mnt/spirit-8tb/media/yes/Aaliyah Yasin Sucks Dick And Gets Creampied UsualFans.mp4.media-ingest.json,UsualFans.mkv.face-meta.json,,False,False,blocked because MP4 replacement missing,mp4 missing
/mnt/spirit-8tb/media/yes/Aaliyah Yasin Sucks Dick And Gets Creampied UsualFans.mp4.media-ingest.json,UsualFans.mkv,,False,False,blocked because MP4 replacement missing,mp4 missing
/mnt/spirit-8tb/media/yes/Aaliyah Yasin Sucks Dick And Gets Creampied UsualFans.mp4.media-ingest.json,UsualFans.mkv,,False,False,blocked because MP4 replacement missing,mp4 missing
/mnt/spirit-8tb/media/yes/Aaliyah Yasin Sucks Dick And Gets Creampied UsualFans.mp4.media-ingest.json,UsualFans.mkv,,False,False,blocked because MP4 replacement missing,mp4 missing
/mnt/spirit-8tb/media/yes/TheStartOfUs Asm-r You Cumming ️ 3 Huge Cumshots Beeg.mp4.face-meta.json,Beeg.mkv,,False,False,blocked because MP4 replacement missing,mp4 missing
/mnt/spirit-8tb/media/yes/My Porn Plugg Stepsister Couch Footjob After Work Beeg.mp4.media-ingest.json,Beeg.mkv,,False,False,blocked because MP4 replacement missing,mp4 missing
/mnt/spirit-8tb/media/yes/Allinika the Girl Knows how to Distract from the Game. Beeg.mp4.media-ingest.json,Beeg.mkv,,False,False,blocked because MP4 replacement missing,mp4 missing
/mnt/spirit-8tb/media/yes/Eve How Did He Last so Long in This Gorgeous Ass Beeg.mp4.media-ingest.json,Beeg.mkv,,False,False,blocked because MP4 replacement missing,mp4 missing
/mnt/spirit-8tb/media/yes/Devorah Roloff Video 49 Newest Porn Leaks - OnlyFans Leak Video.mp4.media-ingest.json,Video.mkv,,False,False,blocked because MP4 replacement missing,mp4 missing
/mnt/spirit-8tb/media/yes/Строгая учительница… но после уроков разрешено всё 💦 - EmiliaBunny - Pornhub.com.mkv.media-ingest.json,Pornhub.com.mkv,,False,False,blocked because MP4 replacement missing,mp4 missing
/mnt/spirit-8tb/media/yes/Noturhoneybb Teases You with Her Messy Facial Money Shot Video.mp4.media-ingest.json,Video.mkv,,False,False,blocked because MP4 replacement missing,mp4 missing
/mnt/spirit-8tb/media/yes/Devorah Roloff Hot Onlyfans Video.mp4.media-ingest.json,Video.mkv,,False,False,blocked because MP4 replacement missing,mp4 missing
/mnt/spirit-8tb/media/yes/Comatozze Sensual Encounter in Elegant Stockings Beeg.mp4.media-ingest.json,Beeg.mkv,,False,False,blocked because MP4 replacement missing,mp4 missing
/mnt/spirit-8tb/media/yes/Katiana Kay Fucks A Cop Video Leaked.mp4.media-ingest.json,Leaked.mkv,,False,False,blocked because MP4 replacement missing,mp4 missing
/mnt/spirit-8tb/media/yes/334120.mp4.media-ingest.json,/mnt/spirit-8tb/media/yes/334120.mkv,/mnt/spirit-8tb/media/yes/334120.mp4,True,True,safe exact path migration,
/mnt/spirit-8tb/media/yes/Devorah Roloff Nude Leaked OnlyFans Video 28 - Ibradome.mp4.media-ingest.json,Ibradome.mkv,,False,False,blocked because MP4 replacement missing,mp4 missing
/mnt/spirit-8tb/media/yes/RisqueCore Vid 177.mp4.media-ingest.json,177.mkv,,False,False,blocked because MP4 replacement missing,mp4 missing
/mnt/spirit-8tb/media/yes/Heyimbee New Videos 3.mp4.face-meta.json,3.mkv.face-meta.json,,False,False,blocked because MP4 replacement missing,mp4 missing
/mnt/spirit-8tb/media/yes/Heyimbee New Videos 3.mp4.face-meta.json,3.mkv.face-meta.json,,False,False,blocked because MP4 replacement missing,mp4 missing
/mnt/spirit-8tb/media/yes/Heyimbee New Videos 3.mp4.face-meta.json,3.mkv,,False,False,blocked because MP4 replacement missing,mp4 missing
/mnt/spirit-8tb/media/yes/Heyimbee New Videos 3.mp4.face-meta.json,3.mkv,,False,False,blocked because MP4 replacement missing,mp4 missing
/mnt/spirit-8tb/media/yes/Heyimbee New Videos 3.mp4.face-meta.json,3.mkv,,False,False,blocked because MP4 replacement missing,mp4 missing
/mnt/spirit-8tb/media/yes/Heyimbee New Videos 3.mp4.face-meta.json,3.mkv,,False,False,blocked because MP4 replacement missing,mp4 missing
/mnt/spirit-8tb/media/yes/Heyimbee New Videos 3.mp4.face-meta.json,3.mkv,,False,False,blocked because MP4 replacement missing,mp4 missing
/mnt/spirit-8tb/media/yes/Heyimbee New Videos 3.mp4.face-meta.json,3.mkv,,False,False,blocked because MP4 replacement missing,mp4 missing
/mnt/spirit-8tb/media/yes/v 5.mkv.media-ingest.json,5.mkv,,False,False,blocked because MP4 replacement missing,mp4 missing
/mnt/spirit-8tb/media/yes/Heyimbee Exclusive Leaked Nude OnlyFans 699500.mp4.media-ingest.json,699500.mkv,,False,False,blocked because MP4 replacement missing,mp4 missing
/mnt/spirit-8tb/media/yes/Allison Parker BBC NEW SEXTAPE ONLYFANS.mp4.media-ingest.json,ONLYFANS.mkv,,False,False,blocked because MP4 replacement missing,mp4 missing
/mnt/spirit-8tb/media/yes/Lexi Marvel Flaunts Her Ass In Her Panty.mp4.media-ingest.json,Panty.mkv.face-meta.json,,False,False,blocked because MP4 replacement missing,mp4 missing
/mnt/spirit-8tb/media/yes/Lexi Marvel Flaunts Her Ass In Her Panty.mp4.media-ingest.json,Panty.mkv,,False,False,blocked because MP4 replacement missing,mp4 missing
/mnt/spirit-8tb/media/yes/Lexi Marvel Flaunts Her Ass In Her Panty.mp4.media-ingest.json,Panty.mkv,,False,False,blocked because MP4 replacement missing,mp4 missing
/mnt/spirit-8tb/media/yes/Lexi Marvel Flaunts Her Ass In Her Panty.mp4.media-ingest.json,Panty.mkv,,False,False,blocked because MP4 replacement missing,mp4 missing
/mnt/spirit-8tb/media/yes/Candy Love how to Make Your Bf Cum Twice He Cant Resist My Tits.mp4.face-meta.json,Tits.mkv,,False,False,blocked because MP4 replacement missing,mp4 missing
/mnt/spirit-8tb/media/yes/513329_720p.mp4.face-meta.json,/DATA/yes/513329_720p.mkv.face-meta.json,/DATA/yes/513329_720p.mp4.face-meta.json,True,True,safe exact path migration,
/mnt/spirit-8tb/media/yes/513329_720p.mp4.face-meta.json,/DATA/yes/513329_720p.mkv.face-meta.json,/DATA/yes/513329_720p.mp4.face-meta.json,True,True,safe exact path migration,
/mnt/spirit-8tb/media/yes/513329_720p.mp4.face-meta.json,/DATA/yes/513329_720p.mkv.face-meta.json,/DATA/yes/513329_720p.mp4.face-meta.json,True,True,safe exact path migration,
/mnt/spirit-8tb/media/yes/513329_720p.mp4.face-meta.json,/DATA/yes/513329_720p.mkv.face-meta.json,/DATA/yes/513329_720p.mp4.face-meta.json,True,True,safe exact path migration,
/mnt/spirit-8tb/media/yes/513329_720p.mp4.face-meta.json,/DATA/yes/513329_720p.mkv.face-meta.json,/DATA/yes/513329_720p.mp4.face-meta.json,True,True,safe exact path migration,
/mnt/spirit-8tb/media/yes/513329_720p.mp4.face-meta.json,/DATA/yes/513329_720p.mkv.face-meta.json,/DATA/yes/513329_720p.mp4.face-meta.json,True,True,safe exact path migration,
/mnt/spirit-8tb/media/yes/513329_720p.mp4.face-meta.json,/DATA/yes/513329_720p.mkv,/DATA/yes/513329_720p.mp4,True,True,safe exact path migration,
/mnt/spirit-8tb/media/yes/513329_720p.mp4.face-meta.json,/DATA/yes/513329_720p.mkv,/DATA/yes/513329_720p.mp4,True,True,safe exact path migration,
/mnt/spirit-8tb/media/yes/513329_720p.mp4.face-meta.json,/DATA/yes/513329_720p.mkv,/DATA/yes/513329_720p.mp4,True,True,safe exact path migration,
/mnt/spirit-8tb/media/yes/513329_720p.mp4.face-meta.json,/DATA/yes/513329_720p.mkv,/DATA/yes/513329_720p.mp4,True,True,safe exact path migration,
/mnt/spirit-8tb/media/yes/513329_720p.mp4.face-meta.json,/DATA/yes/513329_720p.mkv,/DATA/yes/513329_720p.mp4,True,True,safe exact path migration,
/mnt/spirit-8tb/media/yes/513329_720p.mp4.face-meta.json,/DATA/yes/513329_720p.mkv,/DATA/yes/513329_720p.mp4,True,True,safe exact path migration,
/mnt/spirit-8tb/media/yes/513329_720p.mp4.face-meta.json,/DATA/yes/513329_720p.mkv,/DATA/yes/513329_720p.mp4,True,True,safe exact path migration,
/mnt/spirit-8tb/media/yes/513329_720p.mp4.face-meta.json,/DATA/yes/513329_720p.mkv,/DATA/yes/513329_720p.mp4,True,True,safe exact path migration,
/mnt/spirit-8tb/media/yes/513329_720p.mp4.face-meta.json,/DATA/yes/513329_720p.mkv,/DATA/yes/513329_720p.mp4,True,True,safe exact path migration,
/mnt/spirit-8tb/media/yes/513329_720p.mp4.face-meta.json,/DATA/yes/513329_720p.mkv,/DATA/yes/513329_720p.mp4,True,True,safe exact path migration,
/mnt/spirit-8tb/media/yes/513329_720p.mp4.face-meta.json,/DATA/yes/513329_720p.mkv,/DATA/yes/513329_720p.mp4,True,True,safe exact path migration,
/mnt/spirit-8tb/media/yes/513329_720p.mp4.face-meta.json,513329_720p.mkv,513329_720p.mp4,True,True,safe basename migration,
/mnt/spirit-8tb/media/yes/.face-review/enrollment/enrollment_candidates.json,/mnt/spirit-8tb/media/yes/models/sienna-ababi/@DailyLeaksMain_5a6152622c58eb1a882b28ad94a5b92dbafc2eaa155bb35c1ce00b835156eba3.mkv,/mnt/spirit-8tb/media/yes/models/sienna-ababi/@DailyLeaksMain_5a6152622c58eb1a882b28ad94a5b92dbafc2eaa155bb35c1ce00b835156eba3.mp4,True,True,safe exact path migration,
/mnt/spirit-8tb/media/yes/.face-review/enrollment/enrollment_candidates.json,/DATA/yes/models/sienna-ababi/@DailyLeaksMain_5a6152622c58eb1a882b28ad94a5b92dbafc2eaa155bb35c1ce00b835156eba3.mkv,/DATA/yes/models/sienna-ababi/@DailyLeaksMain_5a6152622c58eb1a882b28ad94a5b92dbafc2eaa155bb35c1ce00b835156eba3.mp4,True,True,safe exact path migration,
/mnt/spirit-8tb/media/yes/.face-review/enrollment/enrollment_candidates.json,/mnt/spirit-8tb/media/yes/models/katievaynes/0c194b909a8200e58550eaff39154d1faaa821f417d6a10ca949c247c50fed94.mkv,/mnt/spirit-8tb/media/yes/models/katievaynes/0c194b909a8200e58550eaff39154d1faaa821f417d6a10ca949c247c50fed94.mp4,True,True,safe exact path migration,
/mnt/spirit-8tb/media/yes/.face-review/enrollment/enrollment_candidates.json,/DATA/yes/models/ruth-lee/ruth-lee-after-gym-blowjob-titty-fuck-cumshot-video-leaked-480p.mkv.face-meta.json,/DATA/yes/models/ruth-lee/ruth-lee-after-gym-blowjob-titty-fuck-cumshot-video-leaked-480p.mp4.face-meta.json,True,True,safe exact path migration,
/mnt/spirit-8tb/media/yes/.face-review/enrollment/enrollment_candidates.json,/DATA/yes/models/ruth-lee/ruth-lee-after-gym-blowjob-titty-fuck-cumshot-video-leaked-480p.mkv.face-meta.json,/DATA/yes/models/ruth-lee/ruth-lee-after-gym-blowjob-titty-fuck-cumshot-video-leaked-480p.mp4.face-meta.json,True,True,safe exact path migration,
/mnt/spirit-8tb/media/yes/.face-review/enrollment/enrollment_candidates.json,/DATA/yes/models/katievaynes/0c194b909a8200e58550eaff39154d1faaa821f417d6a10ca949c247c50fed94.mkv,/DATA/yes/models/katievaynes/0c194b909a8200e58550eaff39154d1faaa821f417d6a10ca949c247c50fed94.mp4,True,True,safe exact path migration,
/mnt/spirit-8tb/media/yes/.face-review/enrollment/enrollment_candidates.json,/mnt/spirit-8tb/media/yes/b4b6c2d0fc023a2f9bff6ffb4865c66444afe6ffb05a331d1fa29a3f50d181b4.mkv,/mnt/spirit-8tb/media/yes/b4b6c2d0fc023a2f9bff6ffb4865c66444afe6ffb05a331d1fa29a3f50d181b4.mp4,True,True,safe exact path migration,
/mnt/spirit-8tb/media/yes/.face-review/enrollment/enrollment_candidates.json,/mnt/spirit-8tb/media/yes/c60133f91ac7a5f18769c96232cd4d9b03e85cc5ce8e0be365d73cf81d675d6e.mkv,/mnt/spirit-8tb/media/yes/c60133f91ac7a5f18769c96232cd4d9b03e85cc5ce8e0be365d73cf81d675d6e.mp4,True,True,safe exact path migration,
/mnt/spirit-8tb/media/yes/.face-review/enrollment/enrollment_candidates.json,/DATA/yes/models/ruth-lee/ruth-lee-after-gym-blowjob-titty-fuck-cumshot-video-leaked-480p.mkv,/DATA/yes/models/ruth-lee/ruth-lee-after-gym-blowjob-titty-fuck-cumshot-video-leaked-480p.mp4,True,True,safe exact path migration,
/mnt/spirit-8tb/media/yes/.face-review/enrollment/enrollment_candidates.json,/DATA/yes/models/ruth-lee/ruth-lee-after-gym-blowjob-titty-fuck-cumshot-video-leaked-480p.mkv,/DATA/yes/models/ruth-lee/ruth-lee-after-gym-blowjob-titty-fuck-cumshot-video-leaked-480p.mp4,True,True,safe exact path migration,
/mnt/spirit-8tb/media/yes/.face-review/enrollment/enrollment_candidates.json,/DATA/yes/models/ruth-lee/ruth-lee-after-gym-blowjob-titty-fuck-cumshot-video-leaked-480p.mkv,/DATA/yes/models/ruth-lee/ruth-lee-after-gym-blowjob-titty-fuck-cumshot-video-leaked-480p.mp4,True,True,safe exact path migration,
/mnt/spirit-8tb/media/yes/.face-review/enrollment/enrollment_candidates.json,/DATA/yes/models/ruth-lee/ruth-lee-after-gym-blowjob-titty-fuck-cumshot-video-leaked-480p.mkv,/DATA/yes/models/ruth-lee/ruth-lee-after-gym-blowjob-titty-fuck-cumshot-video-leaked-480p.mp4,True,True,safe exact path migration,
/mnt/spirit-8tb/media/yes/.face-review/enrollment/enrollment_candidates.json,/DATA/yes/models/ruth-lee/ruth-lee-after-gym-blowjob-titty-fuck-cumshot-video-leaked-480p.mkv,/DATA/yes/models/ruth-lee/ruth-lee-after-gym-blowjob-titty-fuck-cumshot-video-leaked-480p.mp4,True,True,safe exact path migration,
/mnt/spirit-8tb/media/yes/.face-review/enrollment/enrollment_candidates.json,/DATA/yes/models/ruth-lee/ruth-lee-after-gym-blowjob-titty-fuck-cumshot-video-leaked-480p.mkv,/DATA/yes/models/ruth-lee/ruth-lee-after-gym-blowjob-titty-fuck-cumshot-video-leaked-480p.mp4,True,True,safe exact path migration,
/mnt/spirit-8tb/media/yes/.face-review/enrollment/enrollment_candidates.json,/DATA/yes/models/ruth-lee/ruth-lee-after-gym-blowjob-titty-fuck-cumshot-video-leaked-480p.mkv,/DATA/yes/models/ruth-lee/ruth-lee-after-gym-blowjob-titty-fuck-cumshot-video-leaked-480p.mp4,True,True,safe exact path migration,
/mnt/spirit-8tb/media/yes/.face-review/enrollment/enrollment_candidates.json,/DATA/yes/models/ruth-lee/ruth-lee-after-gym-blowjob-titty-fuck-cumshot-video-leaked-480p.mkv,/DATA/yes/models/ruth-lee/ruth-lee-after-gym-blowjob-titty-fuck-cumshot-video-leaked-480p.mp4,True,True,safe exact path migration,
/mnt/spirit-8tb/media/yes/.face-review/enrollment/enrollment_candidates.json,/DATA/yes/models/ruth-lee/ruth-lee-after-gym-blowjob-titty-fuck-cumshot-video-leaked-480p.mkv,/DATA/yes/models/ruth-lee/ruth-lee-after-gym-blowjob-titty-fuck-cumshot-video-leaked-480p.mp4,True,True,safe exact path migration,
/mnt/spirit-8tb/media/yes/.face-review/enrollment/enrollment_candidates.json,/DATA/yes/models/ruth-lee/ruth-lee-after-gym-blowjob-titty-fuck-cumshot-video-leaked-480p.mkv,/DATA/yes/models/ruth-lee/ruth-lee-after-gym-blowjob-titty-fuck-cumshot-video-leaked-480p.mp4,True,True,safe exact path migration,
/mnt/spirit-8tb/media/yes/.face-review/enrollment/enrollment_candidates.json,/DATA/yes/models/ruth-lee/ruth-lee-after-gym-blowjob-titty-fuck-cumshot-video-leaked-480p.mkv,/DATA/yes/models/ruth-lee/ruth-lee-after-gym-blowjob-titty-fuck-cumshot-video-leaked-480p.mp4,True,True,safe exact path migration,
/mnt/spirit-8tb/media/yes/.face-review/enrollment/enrollment_candidates.json,/DATA/yes/models/ruth-lee/ruth-lee-after-gym-blowjob-titty-fuck-cumshot-video-leaked-480p.mkv,/DATA/yes/models/ruth-lee/ruth-lee-after-gym-blowjob-titty-fuck-cumshot-video-leaked-480p.mp4,True,True,safe exact path migration,
/mnt/spirit-8tb/media/yes/.face-review/enrollment/enrollment_candidates.json,/DATA/yes/models/ruth-lee/ruth-lee-after-gym-blowjob-titty-fuck-cumshot-video-leaked-480p.mkv,/DATA/yes/models/ruth-lee/ruth-lee-after-gym-blowjob-titty-fuck-cumshot-video-leaked-480p.mp4,True,True,safe exact path migration,
/mnt/spirit-8tb/media/yes/.face-review/enrollment/enrollment_candidates.json,/DATA/yes/models/ruth-lee/ruth-lee-after-gym-blowjob-titty-fuck-cumshot-video-leaked-480p.mkv,/DATA/yes/models/ruth-lee/ruth-lee-after-gym-blowjob-titty-fuck-cumshot-video-leaked-480p.mp4,True,True,safe exact path migration,
/mnt/spirit-8tb/media/yes/.face-review/enrollment/enrollment_candidates.json,/DATA/yes/models/jakara-mitchell/Fap__01cfdec15d25f9cd19397c0709e49162.mkv.face-meta.json,/DATA/yes/models/jakara-mitchell/Fap__01cfdec15d25f9cd19397c0709e49162.mp4.face-meta.json,True,True,safe exact path migration,
/mnt/spirit-8tb/media/yes/.face-review/enrollment/enrollment_candidates.json,/DATA/yes/models/jakara-mitchell/Fap__01cfdec15d25f9cd19397c0709e49162.mkv.face-meta.json,/DATA/yes/models/jakara-mitchell/Fap__01cfdec15d25f9cd19397c0709e49162.mp4.face-meta.json,True,True,safe exact path migration,
/mnt/spirit-8tb/media/yes/.face-review/enrollment/enrollment_candidates.json,/DATA/yes/models/jakara-mitchell/Fap__01cfdec15d25f9cd19397c0709e49162.mkv.face-meta.json,/DATA/yes/models/jakara-mitchell/Fap__01cfdec15d25f9cd19397c0709e49162.mp4.face-meta.json,True,True,safe exact path migration,
/mnt/spirit-8tb/media/yes/.face-review/enrollment/enrollment_candidates.json,/DATA/yes/models/jakara-mitchell/Fap__1c31400144c5b4a8cb977202cfb8121c.mkv.face-meta.json,/DATA/yes/models/jakara-mitchell/Fap__1c31400144c5b4a8cb977202cfb8121c.mp4.face-meta.json,True,True,safe exact path migration,
/mnt/spirit-8tb/media/yes/.face-review/enrollment/enrollment_candidates.json,/DATA/yes/models/jakara-mitchell/Fap__1c31400144c5b4a8cb977202cfb8121c.mkv.face-meta.json,/DATA/yes/models/jakara-mitchell/Fap__1c31400144c5b4a8cb977202cfb8121c.mp4.face-meta.json,True,True,safe exact path migration,
/mnt/spirit-8tb/media/yes/.face-review/enrollment/enrollment_candidates.json,/DATA/yes/models/jakara-mitchell/Fap__5e5eb028f60361971febc5850e5c000c.mkv.face-meta.json,/DATA/yes/models/jakara-mitchell/Fap__5e5eb028f60361971febc5850e5c000c.mp4.face-meta.json,True,True,safe exact path migration,
/mnt/spirit-8tb/media/yes/.face-review/enrollment/enrollment_candidates.json,/DATA/yes/models/jakara-mitchell/Fap__5e5eb028f60361971febc5850e5c000c.mkv.face-meta.json,/DATA/yes/models/jakara-mitchell/Fap__5e5eb028f60361971febc5850e5c000c.mp4.face-meta.json,True,True,safe exact path migration,
/mnt/spirit-8tb/media/yes/.face-review/enrollment/enrollment_candidates.json,/DATA/yes/unknown/97970164000c08f0fef549c141e1af0d5c2b4510c51.mkv.face-meta.json,/DATA/yes/unknown/97970164000c08f0fef549c141e1af0d5c2b4510c51.mp4.face-meta.json,True,True,safe exact path migration,
/mnt/spirit-8tb/media/yes/.face-review/enrollment/enrollment_candidates.json,/DATA/yes/b4b6c2d0fc023a2f9bff6ffb4865c66444afe6ffb05a331d1fa29a3f50d181b4.mkv,/DATA/yes/b4b6c2d0fc023a2f9bff6ffb4865c66444afe6ffb05a331d1fa29a3f50d181b4.mp4,True,True,safe exact path migration,
/mnt/spirit-8tb/media/yes/.face-review/enrollment/enrollment_candidates.json,/DATA/yes/c60133f91ac7a5f18769c96232cd4d9b03e85cc5ce8e0be365d73cf81d675d6e.mkv,/DATA/yes/c60133f91ac7a5f18769c96232cd4d9b03e85cc5ce8e0be365d73cf81d675d6e.mp4,True,True,safe exact path migration,
/mnt/spirit-8tb/media/yes/.face-review/enrollment/enrollment_candidates.json,/DATA/yes/models/jakara-mitchell/Fap__01cfdec15d25f9cd19397c0709e49162.mkv,/DATA/yes/models/jakara-mitchell/Fap__01cfdec15d25f9cd19397c0709e49162.mp4,True,True,safe exact path migration,
/mnt/spirit-8tb/media/yes/.face-review/enrollment/enrollment_candidates.json,/DATA/yes/models/jakara-mitchell/Fap__01cfdec15d25f9cd19397c0709e49162.mkv,/DATA/yes/models/jakara-mitchell/Fap__01cfdec15d25f9cd19397c0709e49162.mp4,True,True,safe exact path migration,
/mnt/spirit-8tb/media/yes/.face-review/enrollment/enrollment_candidates.json,/DATA/yes/models/jakara-mitchell/Fap__01cfdec15d25f9cd19397c0709e49162.mkv,/DATA/yes/models/jakara-mitchell/Fap__01cfdec15d25f9cd19397c0709e49162.mp4,True,True,safe exact path migration,
/mnt/spirit-8tb/media/yes/.face-review/enrollment/enrollment_candidates.json,/DATA/yes/models/jakara-mitchell/Fap__1c31400144c5b4a8cb977202cfb8121c.mkv,/DATA/yes/models/jakara-mitchell/Fap__1c31400144c5b4a8cb977202cfb8121c.mp4,True,True,safe exact path migration,
/mnt/spirit-8tb/media/yes/.face-review/enrollment/enrollment_candidates.json,/DATA/yes/models/jakara-mitchell/Fap__1c31400144c5b4a8cb977202cfb8121c.mkv,/DATA/yes/models/jakara-mitchell/Fap__1c31400144c5b4a8cb977202cfb8121c.mp4,True,True,safe exact path migration,
/mnt/spirit-8tb/media/yes/.face-review/enrollment/enrollment_candidates.json,/DATA/yes/models/jakara-mitchell/Fap__5e5eb028f60361971febc5850e5c000c.mkv,/DATA/yes/models/jakara-mitchell/Fap__5e5eb028f60361971febc5850e5c000c.mp4,True,True,safe exact path migration,
/mnt/spirit-8tb/media/yes/.face-review/enrollment/enrollment_candidates.json,/DATA/yes/models/jakara-mitchell/Fap__5e5eb028f60361971febc5850e5c000c.mkv,/DATA/yes/models/jakara-mitchell/Fap__5e5eb028f60361971febc5850e5c000c.mp4,True,True,safe exact path migration,
/mnt/spirit-8tb/media/yes/.face-review/enrollment/enrollment_candidates.json,/DATA/yes/models/jakara-mitchell/Fap__01cfdec15d25f9cd19397c0709e49162.mkv,/DATA/yes/models/jakara-mitchell/Fap__01cfdec15d25f9cd19397c0709e49162.mp4,True,True,safe exact path migration,
/mnt/spirit-8tb/media/yes/.face-review/enrollment/enrollment_candidates.json,/DATA/yes/models/jakara-mitchell/Fap__1c31400144c5b4a8cb977202cfb8121c.mkv,/DATA/yes/models/jakara-mitchell/Fap__1c31400144c5b4a8cb977202cfb8121c.mp4,True,True,safe exact path migration,
/mnt/spirit-8tb/media/yes/.face-review/enrollment/enrollment_candidates.json,/DATA/yes/models/jakara-mitchell/Fap__5e5eb028f60361971febc5850e5c000c.mkv,/DATA/yes/models/jakara-mitchell/Fap__5e5eb028f60361971febc5850e5c000c.mp4,True,True,safe exact path migration,
/mnt/spirit-8tb/media/yes/.face-review/enrollment/enrollment_candidates.json,/DATA/yes/models/jakara-mitchell/Fap__01cfdec15d25f9cd19397c0709e49162.mkv,/DATA/yes/models/jakara-mitchell/Fap__01cfdec15d25f9cd19397c0709e49162.mp4,True,True,safe exact path migration,
/mnt/spirit-8tb/media/yes/.face-review/enrollment/enrollment_candidates.json,/DATA/yes/models/jakara-mitchell/Fap__1c31400144c5b4a8cb977202cfb8121c.mkv,/DATA/yes/models/jakara-mitchell/Fap__1c31400144c5b4a8cb977202cfb8121c.mp4,True,True,safe exact path migration,
/mnt/spirit-8tb/media/yes/.face-review/enrollment/enrollment_candidates.json,/DATA/yes/models/jakara-mitchell/Fap__5e5eb028f60361971febc5850e5c000c.mkv,/DATA/yes/models/jakara-mitchell/Fap__5e5eb028f60361971febc5850e5c000c.mp4,True,True,safe exact path migration,
/mnt/spirit-8tb/media/yes/.face-review/enrollment/enrollment_candidates.json,/DATA/yes/models/jakara-mitchell/Fap__01cfdec15d25f9cd19397c0709e49162.mkv,/DATA/yes/models/jakara-mitchell/Fap__01cfdec15d25f9cd19397c0709e49162.mp4,True,True,safe exact path migration,
/mnt/spirit-8tb/media/yes/.face-review/enrollment/enrollment_candidates.json,/DATA/yes/models/jakara-mitchell/Fap__1c31400144c5b4a8cb977202cfb8121c.mkv,/DATA/yes/models/jakara-mitchell/Fap__1c31400144c5b4a8cb977202cfb8121c.mp4,True,True,safe exact path migration,
/mnt/spirit-8tb/media/yes/.face-review/enrollment/enrollment_candidates.json,/DATA/yes/models/jakara-mitchell/Fap__5e5eb028f60361971febc5850e5c000c.mkv,/DATA/yes/models/jakara-mitchell/Fap__5e5eb028f60361971febc5850e5c000c.mp4,True,True,safe exact path migration,
/mnt/spirit-8tb/media/yes/.face-review/enrollment/enrollment_candidates.json,/DATA/yes/models/jakara-mitchell/Fap__1c31400144c5b4a8cb977202cfb8121c.mkv,/DATA/yes/models/jakara-mitchell/Fap__1c31400144c5b4a8cb977202cfb8121c.mp4,True,True,safe exact path migration,
/mnt/spirit-8tb/media/yes/.face-review/enrollment/enrollment_candidates.json,/DATA/yes/models/jakara-mitchell/Fap__01cfdec15d25f9cd19397c0709e49162.mkv,/DATA/yes/models/jakara-mitchell/Fap__01cfdec15d25f9cd19397c0709e49162.mp4,True,True,safe exact path migration,
/mnt/spirit-8tb/media/yes/.face-review/enrollment/enrollment_candidates.json,/DATA/yes/models/jakara-mitchell/Fap__01cfdec15d25f9cd19397c0709e49162.mkv,/DATA/yes/models/jakara-mitchell/Fap__01cfdec15d25f9cd19397c0709e49162.mp4,True,True,safe exact path migration,
/mnt/spirit-8tb/media/yes/.face-review/enrollment/enrollment_candidates.json,/DATA/yes/models/jakara-mitchell/Fap__01cfdec15d25f9cd19397c0709e49162.mkv,/DATA/yes/models/jakara-mitchell/Fap__01cfdec15d25f9cd19397c0709e49162.mp4,True,True,safe exact path migration,
/mnt/spirit-8tb/media/yes/.face-review/enrollment/enrollment_candidates.json,/DATA/yes/models/jakara-mitchell/Fap__01cfdec15d25f9cd19397c0709e49162.mkv,/DATA/yes/models/jakara-mitchell/Fap__01cfdec15d25f9cd19397c0709e49162.mp4,True,True,safe exact path migration,
/mnt/spirit-8tb/media/yes/.face-review/enrollment/enrollment_candidates.json,/DATA/yes/models/jakara-mitchell/Fap__01cfdec15d25f9cd19397c0709e49162.mkv,/DATA/yes/models/jakara-mitchell/Fap__01cfdec15d25f9cd19397c0709e49162.mp4,True,True,safe exact path migration,
/mnt/spirit-8tb/media/yes/.face-review/enrollment/enrollment_candidates.json,/DATA/yes/models/jakara-mitchell/Fap__1c31400144c5b4a8cb977202cfb8121c.mkv,/DATA/yes/models/jakara-mitchell/Fap__1c31400144c5b4a8cb977202cfb8121c.mp4,True,True,safe exact path migration,
/mnt/spirit-8tb/media/yes/.face-review/enrollment/enrollment_candidates.json,/DATA/yes/models/jakara-mitchell/Fap__1c31400144c5b4a8cb977202cfb8121c.mkv,/DATA/yes/models/jakara-mitchell/Fap__1c31400144c5b4a8cb977202cfb8121c.mp4,True,True,safe exact path migration,
/mnt/spirit-8tb/media/yes/.face-review/enrollment/enrollment_candidates.json,/DATA/yes/models/jakara-mitchell/Fap__1c31400144c5b4a8cb977202cfb8121c.mkv,/DATA/yes/models/jakara-mitchell/Fap__1c31400144c5b4a8cb977202cfb8121c.mp4,True,True,safe exact path migration,
/mnt/spirit-8tb/media/yes/.face-review/enrollment/enrollment_candidates.json,/DATA/yes/models/jakara-mitchell/Fap__1c31400144c5b4a8cb977202cfb8121c.mkv,/DATA/yes/models/jakara-mitchell/Fap__1c31400144c5b4a8cb977202cfb8121c.mp4,True,True,safe exact path migration,
/mnt/spirit-8tb/media/yes/.face-review/enrollment/enrollment_candidates.json,/DATA/yes/models/jakara-mitchell/Fap__1c31400144c5b4a8cb977202cfb8121c.mkv,/DATA/yes/models/jakara-mitchell/Fap__1c31400144c5b4a8cb977202cfb8121c.mp4,True,True,safe exact path migration,
/mnt/spirit-8tb/media/yes/.face-review/enrollment/enrollment_candidates.json,/DATA/yes/models/jakara-mitchell/Fap__5e5eb028f60361971febc5850e5c000c.mkv,/DATA/yes/models/jakara-mitchell/Fap__5e5eb028f60361971febc5850e5c000c.mp4,True,True,safe exact path migration,
/mnt/spirit-8tb/media/yes/.face-review/enrollment/enrollment_candidates.json,/DATA/yes/models/jakara-mitchell/Fap__5e5eb028f60361971febc5850e5c000c.mkv,/DATA/yes/models/jakara-mitchell/Fap__5e5eb028f60361971febc5850e5c000c.mp4,True,True,safe exact path migration,
/mnt/spirit-8tb/media/yes/.face-review/enrollment/enrollment_candidates.json,/DATA/yes/models/jakara-mitchell/Fap__5e5eb028f60361971febc5850e5c000c.mkv,/DATA/yes/models/jakara-mitchell/Fap__5e5eb028f60361971febc5850e5c000c.mp4,True,True,safe exact path migration,
/mnt/spirit-8tb/media/yes/.face-review/enrollment/enrollment_candidates.json,/DATA/yes/models/jakara-mitchell/Fap__5e5eb028f60361971febc5850e5c000c.mkv,/DATA/yes/models/jakara-mitchell/Fap__5e5eb028f60361971febc5850e5c000c.mp4,True,True,safe exact path migration,
/mnt/spirit-8tb/media/yes/.face-review/enrollment/enrollment_candidates.json,/DATA/yes/models/jakara-mitchell/Fap__5e5eb028f60361971febc5850e5c000c.mkv,/DATA/yes/models/jakara-mitchell/Fap__5e5eb028f60361971febc5850e5c000c.mp4,True,True,safe exact path migration,
/mnt/spirit-8tb/media/yes/.face-review/enrollment/enrollment_candidates.json,/DATA/yes/models/jakara-mitchell/Fap__01cfdec15d25f9cd19397c0709e49162.mkv,/DATA/yes/models/jakara-mitchell/Fap__01cfdec15d25f9cd19397c0709e49162.mp4,True,True,safe exact path migration,
/mnt/spirit-8tb/media/yes/.face-review/enrollment/enrollment_candidates.json,/DATA/yes/models/jakara-mitchell/Fap__1c31400144c5b4a8cb977202cfb8121c.mkv,/DATA/yes/models/jakara-mitchell/Fap__1c31400144c5b4a8cb977202cfb8121c.mp4,True,True,safe exact path migration,
/mnt/spirit-8tb/media/yes/.face-review/enrollment/enrollment_candidates.json,/DATA/yes/models/jakara-mitchell/Fap__5e5eb028f60361971febc5850e5c000c.mkv,/DATA/yes/models/jakara-mitchell/Fap__5e5eb028f60361971febc5850e5c000c.mp4,True,True,safe exact path migration,
/mnt/spirit-8tb/media/yes/.face-review/enrollment/enrollment_candidates.json,/DATA/yes/models/jakara-mitchell/Fap__01cfdec15d25f9cd19397c0709e49162.mkv,/DATA/yes/models/jakara-mitchell/Fap__01cfdec15d25f9cd19397c0709e49162.mp4,True,True,safe exact path migration,
/mnt/spirit-8tb/media/yes/.face-review/enrollment/enrollment_candidates.json,/DATA/yes/models/jakara-mitchell/Fap__1c31400144c5b4a8cb977202cfb8121c.mkv,/DATA/yes/models/jakara-mitchell/Fap__1c31400144c5b4a8cb977202cfb8121c.mp4,True,True,safe exact path migration,
/mnt/spirit-8tb/media/yes/.face-review/enrollment/enrollment_candidates.json,/DATA/yes/models/jakara-mitchell/Fap__5e5eb028f60361971febc5850e5c000c.mkv,/DATA/yes/models/jakara-mitchell/Fap__5e5eb028f60361971febc5850e5c000c.mp4,True,True,safe exact path migration,
/mnt/spirit-8tb/media/yes/.face-review/enrollment/enrollment_candidates.json,/DATA/yes/models/aaliyah-yasan/HkkzMtwQexuQzwkQMekM.mkv.face-meta.json,/DATA/yes/models/aaliyah-yasan/HkkzMtwQexuQzwkQMekM.mp4.face-meta.json,True,True,safe exact path migration,
/mnt/spirit-8tb/media/yes/.face-review/enrollment/enrollment_candidates.json,/DATA/yes/models/aaliyah-yasan/HkkzMtwQexuQzwkQMekM.mkv.face-meta.json,/DATA/yes/models/aaliyah-yasan/HkkzMtwQexuQzwkQMekM.mp4.face-meta.json,True,True,safe exact path migration,
/mnt/spirit-8tb/media/yes/.face-review/enrollment/enrollment_candidates.json,/DATA/yes/models/whoahannahjo/n6utt4v0th~oBjJ4OdyPb.mkv.face-meta.json,/DATA/yes/models/whoahannahjo/n6utt4v0th~oBjJ4OdyPb.mp4.face-meta.json,True,True,safe exact path migration,
/mnt/spirit-8tb/media/yes/.face-review/enrollment/enrollment_candidates.json,/DATA/yes/models/whoahannahjo/n6utt4v0th~oBjJ4OdyPb.mkv.face-meta.json,/DATA/yes/models/whoahannahjo/n6utt4v0th~oBjJ4OdyPb.mp4.face-meta.json,True,True,safe exact path migration,
/mnt/spirit-8tb/media/yes/.face-review/enrollment/enrollment_candidates.json,ruth-lee-after-gym-blowjob-titty-fuck-cumshot-video-leaked-480p.mkv,,False,False,blocked because MP4 replacement missing,mp4 missing
/mnt/spirit-8tb/media/yes/.face-review/enrollment/enrollment_candidates.json,ruth-lee-after-gym-blowjob-titty-fuck-cumshot-video-leaked-480p.mkv,,False,False,blocked because MP4 replacement missing,mp4 missing
/mnt/spirit-8tb/media/yes/.face-review/enrollment/enrollment_candidates.json,ruth-lee-after-gym-blowjob-titty-fuck-cumshot-video-leaked-480p.mkv,,False,False,blocked because MP4 replacement missing,mp4 missing
/mnt/spirit-8tb/media/yes/.face-review/enrollment/enrollment_candidates.json,ruth-lee-after-gym-blowjob-titty-fuck-cumshot-video-leaked-480p.mkv,,False,False,blocked because MP4 replacement missing,mp4 missing
/mnt/spirit-8tb/media/yes/.face-review/enrollment/enrollment_candidates.json,ruth-lee-after-gym-blowjob-titty-fuck-cumshot-video-leaked-480p.mkv,,False,False,blocked because MP4 replacement missing,mp4 missing
/mnt/spirit-8tb/media/yes/.face-review/enrollment/enrollment_candidates.json,ruth-lee-after-gym-blowjob-titty-fuck-cumshot-video-leaked-480p.mkv,,False,False,blocked because MP4 replacement missing,mp4 missing
/mnt/spirit-8tb/media/yes/.face-review/enrollment/enrollment_candidates.json,ruth-lee-after-gym-blowjob-titty-fuck-cumshot-video-leaked-480p.mkv,,False,False,blocked because MP4 replacement missing,mp4 missing
/mnt/spirit-8tb/media/yes/.face-review/enrollment/enrollment_candidates.json,ruth-lee-after-gym-blowjob-titty-fuck-cumshot-video-leaked-480p.mkv,,False,False,blocked because MP4 replacement missing,mp4 missing
/mnt/spirit-8tb/media/yes/.face-review/enrollment/enrollment_candidates.json,ruth-lee-after-gym-blowjob-titty-fuck-cumshot-video-leaked-480p.mkv,,False,False,blocked because MP4 replacement missing,mp4 missing
/mnt/spirit-8tb/media/yes/.face-review/enrollment/enrollment_candidates.json,ruth-lee-after-gym-blowjob-titty-fuck-cumshot-video-leaked-480p.mkv,,False,False,blocked because MP4 replacement missing,mp4 missing
/mnt/spirit-8tb/media/yes/.face-review/enrollment/enrollment_candidates.json,ruth-lee-after-gym-blowjob-titty-fuck-cumshot-video-leaked-480p.mkv,,False,False,blocked because MP4 replacement missing,mp4 missing
/mnt/spirit-8tb/media/yes/.face-review/enrollment/enrollment_candidates.json,/DATA/yes/unknown/97970164000c08f0fef549c141e1af0d5c2b4510c51.mkv,/DATA/yes/unknown/97970164000c08f0fef549c141e1af0d5c2b4510c51.mp4,True,True,safe exact path migration,
/mnt/spirit-8tb/media/yes/.face-review/enrollment/enrollment_candidates.json,/DATA/yes/unknown/97970164000c08f0fef549c141e1af0d5c2b4510c51.mkv,/DATA/yes/unknown/97970164000c08f0fef549c141e1af0d5c2b4510c51.mp4,True,True,safe exact path migration,
/mnt/spirit-8tb/media/yes/.face-review/enrollment/enrollment_candidates.json,/DATA/yes/unknown/97970164000c08f0fef549c141e1af0d5c2b4510c51.mkv,/DATA/yes/unknown/97970164000c08f0fef549c141e1af0d5c2b4510c51.mp4,True,True,safe exact path migration,
/mnt/spirit-8tb/media/yes/.face-review/enrollment/enrollment_candidates.json,/DATA/yes/unknown/97970164000c08f0fef549c141e1af0d5c2b4510c51.mkv,/DATA/yes/unknown/97970164000c08f0fef549c141e1af0d5c2b4510c51.mp4,True,True,safe exact path migration,
/mnt/spirit-8tb/media/yes/.face-review/enrollment/enrollment_candidates.json,/DATA/yes/unknown/97970164000c08f0fef549c141e1af0d5c2b4510c51.mkv,/DATA/yes/unknown/97970164000c08f0fef549c141e1af0d5c2b4510c51.mp4,True,True,safe exact path migration,
/mnt/spirit-8tb/media/yes/.face-review/enrollment/enrollment_candidates.json,/DATA/yes/unknown/97970164000c08f0fef549c141e1af0d5c2b4510c51.mkv,/DATA/yes/unknown/97970164000c08f0fef549c141e1af0d5c2b4510c51.mp4,True,True,safe exact path migration,
/mnt/spirit-8tb/media/yes/.face-review/enrollment/enrollment_candidates.json,/DATA/yes/unknown/97970164000c08f0fef549c141e1af0d5c2b4510c51.mkv,/DATA/yes/unknown/97970164000c08f0fef549c141e1af0d5c2b4510c51.mp4,True,True,safe exact path migration,
/mnt/spirit-8tb/media/yes/.face-review/enrollment/enrollment_candidates.json,/DATA/yes/unknown/97970164000c08f0fef549c141e1af0d5c2b4510c51.mkv,/DATA/yes/unknown/97970164000c08f0fef549c141e1af0d5c2b4510c51.mp4,True,True,safe exact path migration,
/mnt/spirit-8tb/media/yes/.face-review/enrollment/enrollment_candidates.json,/DATA/yes/unknown/97970164000c08f0fef549c141e1af0d5c2b4510c51.mkv,/DATA/yes/unknown/97970164000c08f0fef549c141e1af0d5c2b4510c51.mp4,True,True,safe exact path migration,
/mnt/spirit-8tb/media/yes/.face-review/enrollment/enrollment_candidates.json,/DATA/yes/models/strawberrytabby/564677_720p.mkv.face-meta.json,/DATA/yes/models/strawberrytabby/564677_720p.mp4.face-meta.json,True,True,safe exact path migration,
/mnt/spirit-8tb/media/yes/.face-review/enrollment/enrollment_candidates.json,/DATA/yes/models/strawberrytabby/564677_720p.mkv.face-meta.json,/DATA/yes/models/strawberrytabby/564677_720p.mp4.face-meta.json,True,True,safe exact path migration,
/mnt/spirit-8tb/media/yes/.face-review/enrollment/enrollment_candidates.json,/DATA/yes/models/aaliyah-yasan/540598_720p.mkv.face-meta.json,/DATA/yes/models/aaliyah-yasan/540598_720p.mp4.face-meta.json,True,True,safe exact path migration,
/mnt/spirit-8tb/media/yes/.face-review/enrollment/enrollment_candidates.json,/DATA/yes/models/aaliyah-yasan/540598_720p.mkv.face-meta.json,/DATA/yes/models/aaliyah-yasan/540598_720p.mp4.face-meta.json,True,True,safe exact path migration,
/mnt/spirit-8tb/media/yes/.face-review/enrollment/enrollment_candidates.json,/mnt/spirit-8tb/media/yes/models/cute-geekie/148460_1080p.mkv,/mnt/spirit-8tb/media/yes/models/cute-geekie/148460_1080p.mp4,True,True,safe exact path migration,
/mnt/spirit-8tb/media/yes/.face-review/enrollment/enrollment_candidates.json,/DATA/yes/b072fcb9f821c935f46a4ed67477a041.mkv.face-meta.json,/DATA/yes/b072fcb9f821c935f46a4ed67477a041.mp4.face-meta.json,True,True,safe exact path migration,
/mnt/spirit-8tb/media/yes/.face-review/enrollment/enrollment_candidates.json,/DATA/yes/b072fcb9f821c935f46a4ed67477a041.mkv.face-meta.json,/DATA/yes/b072fcb9f821c935f46a4ed67477a041.mp4.face-meta.json,True,True,safe exact path migration,
/mnt/spirit-8tb/media/yes/.face-review/enrollment/enrollment_candidates.json,/DATA/yes/models/angela-white/556530_720p.mkv.face-meta.json,/DATA/yes/models/angela-white/556530_720p.mp4.face-meta.json,True,True,safe exact path migration,
/mnt/spirit-8tb/media/yes/.face-review/enrollment/enrollment_candidates.json,/DATA/yes/models/angela-white/556530_720p.mkv.face-meta.json,/DATA/yes/models/angela-white/556530_720p.mp4.face-meta.json,True,True,safe exact path migration,
/mnt/spirit-8tb/media/yes/.face-review/enrollment/enrollment_candidates.json,/mnt/spirit-8tb/media/yes/models/lustcnotal/455505_720p.mkv,/mnt/spirit-8tb/media/yes/models/lustcnotal/455505_720p.mp4,True,True,safe exact path migration,
/mnt/spirit-8tb/media/yes/.face-review/enrollment/enrollment_candidates.json,/mnt/spirit-8tb/media/yes/models/sendnudes/169870_1080p.mkv,/mnt/spirit-8tb/media/yes/models/sendnudes/169870_1080p.mp4,True,True,safe exact path migration,
/mnt/spirit-8tb/media/yes/.face-review/enrollment/enrollment_candidates.json,/mnt/spirit-8tb/media/yes/models/mackzjones/15517_720p.mkv,/mnt/spirit-8tb/media/yes/models/mackzjones/15517_720p.mp4,True,True,safe exact path migration,
/mnt/spirit-8tb/media/yes/.face-review/enrollment/enrollment_candidates.json,/mnt/spirit-8tb/media/yes/models/yummy-couple/Ayucpl.mkv,/mnt/spirit-8tb/media/yes/models/yummy-couple/Ayucpl.mp4,True,True,safe exact path migration,
/mnt/spirit-8tb/media/yes/.face-review/enrollment/enrollment_candidates.json,/DATA/yes/models/aaliyah-yasan/HkkzMtwQexuQzwkQMekM.mkv,/DATA/yes/models/aaliyah-yasan/HkkzMtwQexuQzwkQMekM.mp4,True,True,safe exact path migration,
/mnt/spirit-8tb/media/yes/.face-review/enrollment/enrollment_candidates.json,/DATA/yes/models/aaliyah-yasan/HkkzMtwQexuQzwkQMekM.mkv,/DATA/yes/models/aaliyah-yasan/HkkzMtwQexuQzwkQMekM.mp4,True,True,safe exact path migration,
/mnt/spirit-8tb/media/yes/.face-review/enrollment/enrollment_candidates.json,/DATA/yes/models/aaliyah-yasan/HkkzMtwQexuQzwkQMekM.mkv,/DATA/yes/models/aaliyah-yasan/HkkzMtwQexuQzwkQMekM.mp4,True,True,safe exact path migration,
/mnt/spirit-8tb/media/yes/.face-review/enrollment/enrollment_candidates.json,/DATA/yes/models/aaliyah-yasan/HkkzMtwQexuQzwkQMekM.mkv,/DATA/yes/models/aaliyah-yasan/HkkzMtwQexuQzwkQMekM.mp4,True,True,safe exact path migration,
/mnt/spirit-8tb/media/yes/.face-review/enrollment/enrollment_candidates.json,/DATA/yes/models/aaliyah-yasan/HkkzMtwQexuQzwkQMekM.mkv,/DATA/yes/models/aaliyah-yasan/HkkzMtwQexuQzwkQMekM.mp4,True,True,safe exact path migration,
/mnt/spirit-8tb/media/yes/.face-review/enrollment/enrollment_candidates.json,/DATA/yes/models/aaliyah-yasan/HkkzMtwQexuQzwkQMekM.mkv,/DATA/yes/models/aaliyah-yasan/HkkzMtwQexuQzwkQMekM.mp4,True,True,safe exact path migration,
/mnt/spirit-8tb/media/yes/.face-review/enrollment/enrollment_candidates.json,/DATA/yes/models/aaliyah-yasan/HkkzMtwQexuQzwkQMekM.mkv,/DATA/yes/models/aaliyah-yasan/HkkzMtwQexuQzwkQMekM.mp4,True,True,safe exact path migration,
/mnt/spirit-8tb/media/yes/.face-review/enrollment/enrollment_candidates.json,/DATA/yes/models/aaliyah-yasan/HkkzMtwQexuQzwkQMekM.mkv,/DATA/yes/models/aaliyah-yasan/HkkzMtwQexuQzwkQMekM.mp4,True,True,safe exact path migration,
/mnt/spirit-8tb/media/yes/.face-review/enrollment/enrollment_candidates.json,/DATA/yes/models/aaliyah-yasan/HkkzMtwQexuQzwkQMekM.mkv,/DATA/yes/models/aaliyah-yasan/HkkzMtwQexuQzwkQMekM.mp4,True,True,safe exact path migration,
/mnt/spirit-8tb/media/yes/.face-review/enrollment/enrollment_candidates.json,/DATA/yes/models/aaliyah-yasan/HkkzMtwQexuQzwkQMekM.mkv,/DATA/yes/models/aaliyah-yasan/HkkzMtwQexuQzwkQMekM.mp4,True,True,safe exact path migration,
/mnt/spirit-8tb/media/yes/.face-review/enrollment/enrollment_candidates.json,/DATA/yes/models/aaliyah-yasan/HkkzMtwQexuQzwkQMekM.mkv,/DATA/yes/models/aaliyah-yasan/HkkzMtwQexuQzwkQMekM.mp4,True,True,safe exact path migration,
/mnt/spirit-8tb/media/yes/.face-review/enrollment/enrollment_candidates.json,/DATA/yes/models/aaliyah-yasan/HkkzMtwQexuQzwkQMekM.mkv,/DATA/yes/models/aaliyah-yasan/HkkzMtwQexuQzwkQMekM.mp4,True,True,safe exact path migration,
/mnt/spirit-8tb/media/yes/.face-review/enrollment/enrollment_candidates.json,/DATA/yes/models/aaliyah-yasan/HkkzMtwQexuQzwkQMekM.mkv,/DATA/yes/models/aaliyah-yasan/HkkzMtwQexuQzwkQMekM.mp4,True,True,safe exact path migration,
/mnt/spirit-8tb/media/yes/.face-review/enrollment/enrollment_candidates.json,/DATA/yes/models/chloe-lamb/vid_480p.mkv.face-meta.json,/DATA/yes/models/chloe-lamb/vid_480p.mp4.face-meta.json,True,True,safe exact path migration,
/mnt/spirit-8tb/media/yes/.face-review/enrollment/enrollment_candidates.json,/DATA/yes/models/chloe-lamb/vid_480p.mkv.face-meta.json,/DATA/yes/models/chloe-lamb/vid_480p.mp4.face-meta.json,True,True,safe exact path migration,
/mnt/spirit-8tb/media/yes/.face-review/enrollment/enrollment_candidates.json,/DATA/yes/models/whoahannahjo/n6utt4v0th~oBjJ4OdyPb.mkv,/DATA/yes/models/whoahannahjo/n6utt4v0th~oBjJ4OdyPb.mp4,True,True,safe exact path migration,
/mnt/spirit-8tb/media/yes/.face-review/enrollment/enrollment_candidates.json,/DATA/yes/models/whoahannahjo/n6utt4v0th~oBjJ4OdyPb.mkv,/DATA/yes/models/whoahannahjo/n6utt4v0th~oBjJ4OdyPb.mp4,True,True,safe exact path migration,
/mnt/spirit-8tb/media/yes/.face-review/enrollment/enrollment_candidates.json,/DATA/yes/models/whoahannahjo/n6utt4v0th~oBjJ4OdyPb.mkv,/DATA/yes/models/whoahannahjo/n6utt4v0th~oBjJ4OdyPb.mp4,True,True,safe exact path migration,
/mnt/spirit-8tb/media/yes/.face-review/enrollment/enrollment_candidates.json,/mnt/spirit-8tb/media/yes/models/cute-geekie/51591.mkv,/mnt/spirit-8tb/media/yes/models/cute-geekie/51591.mp4,True,True,safe exact path migration,
/mnt/spirit-8tb/media/yes/.face-review/enrollment/enrollment_candidates.json,/mnt/spirit-8tb/media/yes/models/sakhovanski/79568.mkv,/mnt/spirit-8tb/media/yes/models/sakhovanski/79568.mp4,True,True,safe exact path migration,
/mnt/spirit-8tb/media/yes/.face-review/enrollment/enrollment_candidates.json,/DATA/yes/models/whoahannahjo/HkxQxzewMkuQzwkQneee.mkv,/DATA/yes/models/whoahannahjo/HkxQxzewMkuQzwkQneee.mp4,True,True,safe exact path migration,
/mnt/spirit-8tb/media/yes/.face-review/enrollment/enrollment_candidates.json,/DATA/yes/models/whoahannahjo/HkxQxzewMkuQzwkQneee.mkv,/DATA/yes/models/whoahannahjo/HkxQxzewMkuQzwkQneee.mp4,True,True,safe exact path migration,
/mnt/spirit-8tb/media/yes/.face-review/enrollment/enrollment_candidates.json,/DATA/yes/models/whoahannahjo/HkxQxzewMkuQzwkQneee.mkv,/DATA/yes/models/whoahannahjo/HkxQxzewMkuQzwkQneee.mp4,True,True,safe exact path migration,
/mnt/spirit-8tb/media/yes/.face-review/enrollment/enrollment_candidates.json,/DATA/yes/models/whoahannahjo/HkxQxzewMkuQzwkQneee.mkv,/DATA/yes/models/whoahannahjo/HkxQxzewMkuQzwkQneee.mp4,True,True,safe exact path migration,
/mnt/spirit-8tb/media/yes/.face-review/enrollment/enrollment_candidates.json,/DATA/yes/models/whoahannahjo/HkxQxzewMkuQzwkQneee.mkv,/DATA/yes/models/whoahannahjo/HkxQxzewMkuQzwkQneee.mp4,True,True,safe exact path migration,
/mnt/spirit-8tb/media/yes/.face-review/enrollment/enrollment_candidates.json,/DATA/yes/models/whoahannahjo/HkxQxzewMkuQzwkQneee.mkv,/DATA/yes/models/whoahannahjo/HkxQxzewMkuQzwkQneee.mp4,True,True,safe exact path migration,
/mnt/spirit-8tb/media/yes/.face-review/enrollment/enrollment_candidates.json,/DATA/yes/models/whoahannahjo/HkxQxzewMkuQzwkQneee.mkv,/DATA/yes/models/whoahannahjo/HkxQxzewMkuQzwkQneee.mp4,True,True,safe exact path migration,
/mnt/spirit-8tb/media/yes/.face-review/enrollment/enrollment_candidates.json,/DATA/yes/models/whoahannahjo/HkxQxzewMkuQzwkQneee.mkv,/DATA/yes/models/whoahannahjo/HkxQxzewMkuQzwkQneee.mp4,True,True,safe exact path migration,
/mnt/spirit-8tb/media/yes/.face-review/enrollment/enrollment_candidates.json,/DATA/yes/models/whoahannahjo/HkxQxzewMkuQzwkQneee.mkv,/DATA/yes/models/whoahannahjo/HkxQxzewMkuQzwkQneee.mp4,True,True,safe exact path migration,
/mnt/spirit-8tb/media/yes/.face-review/enrollment/enrollment_candidates.json,/DATA/yes/models/whoahannahjo/HkxQxzewMkuQzwkQneee.mkv,/DATA/yes/models/whoahannahjo/HkxQxzewMkuQzwkQneee.mp4,True,True,safe exact path migration,
/mnt/spirit-8tb/media/yes/.face-review/enrollment/enrollment_candidates.json,/DATA/yes/models/whoahannahjo/HkxQxzewMkuQzwkQneee.mkv,/DATA/yes/models/whoahannahjo/HkxQxzewMkuQzwkQneee.mp4,True,True,safe exact path migration,
/mnt/spirit-8tb/media/yes/.face-review/enrollment/enrollment_candidates.json,/DATA/yes/models/whoahannahjo/HkxQxzewMkuQzwkQneee.mkv,/DATA/yes/models/whoahannahjo/HkxQxzewMkuQzwkQneee.mp4,True,True,safe exact path migration,
/mnt/spirit-8tb/media/yes/.face-review/enrollment/enrollment_candidates.json,/DATA/yes/models/whoahannahjo/HkxQxzewMkuQzwkQneee.mkv,/DATA/yes/models/whoahannahjo/HkxQxzewMkuQzwkQneee.mp4,True,True,safe exact path migration,
/mnt/spirit-8tb/media/yes/.face-review/enrollment/enrollment_candidates.json,/DATA/yes/models/whoahannahjo/HkxQxzewMkuQzwkQneee.mkv,/DATA/yes/models/whoahannahjo/HkxQxzewMkuQzwkQneee.mp4,True,True,safe exact path migration,
/mnt/spirit-8tb/media/yes/.face-review/enrollment/enrollment_candidates.json,/DATA/yes/models/haylee-love/HxtQnxktezuQzwketwMx.mkv,/DATA/yes/models/haylee-love/HxtQnxktezuQzwketwMx.mp4,True,True,safe exact path migration,
/mnt/spirit-8tb/media/yes/.face-review/enrollment/enrollment_candidates.json,/DATA/yes/models/haylee-love/HxtQnxktezuQzwketwMx.mkv,/DATA/yes/models/haylee-love/HxtQnxktezuQzwketwMx.mp4,True,True,safe exact path migration,
/mnt/spirit-8tb/media/yes/.face-review/enrollment/enrollment_candidates.json,/DATA/yes/models/haylee-love/HxtQnxktezuQzwketwMx.mkv,/DATA/yes/models/haylee-love/HxtQnxktezuQzwketwMx.mp4,True,True,safe exact path migration,
/mnt/spirit-8tb/media/yes/.face-review/enrollment/enrollment_candidates.json,/DATA/yes/models/haylee-love/HxtQnxktezuQzwketwMx.mkv,/DATA/yes/models/haylee-love/HxtQnxktezuQzwketwMx.mp4,True,True,safe exact path migration,
/mnt/spirit-8tb/media/yes/.face-review/enrollment/enrollment_candidates.json,/DATA/yes/models/haylee-love/HxtQnxktezuQzwketwMx.mkv,/DATA/yes/models/haylee-love/HxtQnxktezuQzwketwMx.mp4,True,True,safe exact path migration,
/mnt/spirit-8tb/media/yes/.face-review/enrollment/enrollment_candidates.json,/DATA/yes/models/haylee-love/HxtQnxktezuQzwketwMx.mkv,/DATA/yes/models/haylee-love/HxtQnxktezuQzwketwMx.mp4,True,True,safe exact path migration,
/mnt/spirit-8tb/media/yes/.face-review/enrollment/enrollment_candidates.json,/DATA/yes/models/haylee-love/HxtQnxktezuQzwketwMx.mkv,/DATA/yes/models/haylee-love/HxtQnxktezuQzwketwMx.mp4,True,True,safe exact path migration,
/mnt/spirit-8tb/media/yes/.face-review/enrollment/enrollment_candidates.json,/DATA/yes/models/haylee-love/HxtQnxktezuQzwketwMx.mkv,/DATA/yes/models/haylee-love/HxtQnxktezuQzwketwMx.mp4,True,True,safe exact path migration,
/mnt/spirit-8tb/media/yes/.face-review/enrollment/enrollment_candidates.json,/DATA/yes/models/haylee-love/HxtQnxktezuQzwketwMx.mkv,/DATA/yes/models/haylee-love/HxtQnxktezuQzwketwMx.mp4,True,True,safe exact path migration,
/mnt/spirit-8tb/media/yes/.face-review/enrollment/enrollment_candidates.json,/DATA/yes/models/haylee-love/HxtQnxktezuQzwketwMx.mkv,/DATA/yes/models/haylee-love/HxtQnxktezuQzwketwMx.mp4,True,True,safe exact path migration,
/mnt/spirit-8tb/media/yes/.face-review/enrollment/enrollment_candidates.json,/DATA/yes/models/haylee-love/HxtQnxktezuQzwketwMx.mkv,/DATA/yes/models/haylee-love/HxtQnxktezuQzwketwMx.mp4,True,True,safe exact path migration,
/mnt/spirit-8tb/media/yes/.face-review/enrollment/enrollment_candidates.json,/DATA/yes/models/haylee-love/HxtQnxktezuQzwketwMx.mkv,/DATA/yes/models/haylee-love/HxtQnxktezuQzwketwMx.mp4,True,True,safe exact path migration,
/mnt/spirit-8tb/media/yes/.face-review/enrollment/enrollment_candidates.json,/DATA/yes/models/haylee-love/HxtQnxktezuQzwketwMx.mkv,/DATA/yes/models/haylee-love/HxtQnxktezuQzwketwMx.mp4,True,True,safe exact path migration,
/mnt/spirit-8tb/media/yes/.face-review/enrollment/enrollment_candidates.json,/mnt/spirit-8tb/media/yes/models/kinkykttn/444464.mkv,/mnt/spirit-8tb/media/yes/models/kinkykttn/444464.mp4,True,True,safe exact path migration,
/mnt/spirit-8tb/media/yes/.face-review/enrollment/enrollment_candidates.json,/mnt/spirit-8tb/media/yes/models/kinkykttn/444474.mkv,/mnt/spirit-8tb/media/yes/models/kinkykttn/444474.mp4,True,True,safe exact path migration,
/mnt/spirit-8tb/media/yes/.face-review/enrollment/enrollment_candidates.json,/mnt/spirit-8tb/media/yes/models/mulai/99022_720p.mkv,/mnt/spirit-8tb/media/yes/models/mulai/99022_720p.mp4,True,True,safe exact path migration,
/mnt/spirit-8tb/media/yes/.face-review/enrollment/enrollment_candidates.json,/mnt/spirit-8tb/media/yes/jvlrc49ddg~7KxkgZMm9j.mkv,/mnt/spirit-8tb/media/yes/jvlrc49ddg~7KxkgZMm9j.mp4,True,True,safe exact path migration,
/mnt/spirit-8tb/media/yes/.face-review/enrollment/enrollment_candidates.json,/mnt/spirit-8tb/media/yes/models/zoey-uso/2209.mkv,/mnt/spirit-8tb/media/yes/models/zoey-uso/2209.mp4,True,True,safe exact path migration,
/mnt/spirit-8tb/media/yes/.face-review/enrollment/enrollment_candidates.json,/mnt/spirit-8tb/media/yes/unknown/407017_720p.mkv,/mnt/spirit-8tb/media/yes/unknown/407017_720p.mp4,True,True,safe exact path migration,
/mnt/spirit-8tb/media/yes/.face-review/enrollment/enrollment_candidates.json,/DATA/yes/models/brenda-trindade/467345_720p.mkv,/DATA/yes/models/brenda-trindade/467345_720p.mp4,True,True,safe exact path migration,
/mnt/spirit-8tb/media/yes/.face-review/enrollment/enrollment_candidates.json,/DATA/yes/models/brenda-trindade/467345_720p.mkv,/DATA/yes/models/brenda-trindade/467345_720p.mp4,True,True,safe exact path migration,
/mnt/spirit-8tb/media/yes/.face-review/enrollment/enrollment_candidates.json,/DATA/yes/models/brenda-trindade/467345_720p.mkv,/DATA/yes/models/brenda-trindade/467345_720p.mp4,True,True,safe exact path migration,
/mnt/spirit-8tb/media/yes/.face-review/enrollment/enrollment_candidates.json,/DATA/yes/models/brenda-trindade/467345_720p.mkv,/DATA/yes/models/brenda-trindade/467345_720p.mp4,True,True,safe exact path migration,
/mnt/spirit-8tb/media/yes/.face-review/enrollment/enrollment_candidates.json,/DATA/yes/models/brenda-trindade/467345_720p.mkv,/DATA/yes/models/brenda-trindade/467345_720p.mp4,True,True,safe exact path migration,
/mnt/spirit-8tb/media/yes/.face-review/enrollment/enrollment_candidates.json,/DATA/yes/models/brenda-trindade/467345_720p.mkv,/DATA/yes/models/brenda-trindade/467345_720p.mp4,True,True,safe exact path migration,
/mnt/spirit-8tb/media/yes/.face-review/enrollment/enrollment_candidates.json,/DATA/yes/models/brenda-trindade/467345_720p.mkv,/DATA/yes/models/brenda-trindade/467345_720p.mp4,True,True,safe exact path migration,
/mnt/spirit-8tb/media/yes/.face-review/enrollment/enrollment_candidates.json,/DATA/yes/models/brenda-trindade/467345_720p.mkv,/DATA/yes/models/brenda-trindade/467345_720p.mp4,True,True,safe exact path migration,
/mnt/spirit-8tb/media/yes/.face-review/enrollment/enrollment_candidates.json,/DATA/yes/models/brenda-trindade/467345_720p.mkv,/DATA/yes/models/brenda-trindade/467345_720p.mp4,True,True,safe exact path migration,
/mnt/spirit-8tb/media/yes/.face-review/enrollment/enrollment_candidates.json,/DATA/yes/models/brenda-trindade/467345_720p.mkv,/DATA/yes/models/brenda-trindade/467345_720p.mp4,True,True,safe exact path migration,
/mnt/spirit-8tb/media/yes/.face-review/enrollment/enrollment_candidates.json,/DATA/yes/models/brenda-trindade/467345_720p.mkv,/DATA/yes/models/brenda-trindade/467345_720p.mp4,True,True,safe exact path migration,
/mnt/spirit-8tb/media/yes/.face-review/enrollment/enrollment_candidates.json,/DATA/yes/models/brenda-trindade/467345_720p.mkv,/DATA/yes/models/brenda-trindade/467345_720p.mp4,True,True,safe exact path migration,
/mnt/spirit-8tb/media/yes/.face-review/enrollment/enrollment_candidates.json,/DATA/yes/models/brenda-trindade/467345_720p.mkv,/DATA/yes/models/brenda-trindade/467345_720p.mp4,True,True,safe exact path migration,
/mnt/spirit-8tb/media/yes/.face-review/enrollment/enrollment_candidates.json,/DATA/yes/models/brenda-trindade/467345_720p.mkv,/DATA/yes/models/brenda-trindade/467345_720p.mp4,True,True,safe exact path migration,
/mnt/spirit-8tb/media/yes/.face-review/enrollment/enrollment_candidates.json,/DATA/yes/models/brenda-trindade/467345_720p.mkv,/DATA/yes/models/brenda-trindade/467345_720p.mp4,True,True,safe exact path migration,
/mnt/spirit-8tb/media/yes/.face-review/enrollment/enrollment_candidates.json,/DATA/yes/models/brenda-trindade/467345_720p.mkv,/DATA/yes/models/brenda-trindade/467345_720p.mp4,True,True,safe exact path migration,
/mnt/spirit-8tb/media/yes/.face-review/enrollment/enrollment_candidates.json,/DATA/yes/models/brenda-trindade/467345_720p.mkv,/DATA/yes/models/brenda-trindade/467345_720p.mp4,True,True,safe exact path migration,
/mnt/spirit-8tb/media/yes/.face-review/enrollment/enrollment_candidates.json,/DATA/yes/models/brenda-trindade/467345_720p.mkv,/DATA/yes/models/brenda-trindade/467345_720p.mp4,True,True,safe exact path migration,
/mnt/spirit-8tb/media/yes/.face-review/enrollment/enrollment_candidates.json,/DATA/yes/models/brenda-trindade/467345_720p.mkv,/DATA/yes/models/brenda-trindade/467345_720p.mp4,True,True,safe exact path migration,
/mnt/spirit-8tb/media/yes/.face-review/enrollment/enrollment_candidates.json,/DATA/yes/models/brenda-trindade/467345_720p.mkv,/DATA/yes/models/brenda-trindade/467345_720p.mp4,True,True,safe exact path migration,
/mnt/spirit-8tb/media/yes/.face-review/enrollment/enrollment_candidates.json,/DATA/yes/models/brenda-trindade/467345_720p.mkv,/DATA/yes/models/brenda-trindade/467345_720p.mp4,True,True,safe exact path migration,
/mnt/spirit-8tb/media/yes/.face-review/enrollment/enrollment_candidates.json,/DATA/yes/models/brenda-trindade/467345_720p.mkv,/DATA/yes/models/brenda-trindade/467345_720p.mp4,True,True,safe exact path migration,
/mnt/spirit-8tb/media/yes/.face-review/enrollment/enrollment_candidates.json,/DATA/yes/models/brenda-trindade/467345_720p.mkv,/DATA/yes/models/brenda-trindade/467345_720p.mp4,True,True,safe exact path migration,
/mnt/spirit-8tb/media/yes/.face-review/enrollment/enrollment_candidates.json,/DATA/yes/models/brenda-trindade/467345_720p.mkv,/DATA/yes/models/brenda-trindade/467345_720p.mp4,True,True,safe exact path migration,
/mnt/spirit-8tb/media/yes/.face-review/enrollment/enrollment_candidates.json,/DATA/yes/models/brenda-trindade/467345_720p.mkv,/DATA/yes/models/brenda-trindade/467345_720p.mp4,True,True,safe exact path migration,
/mnt/spirit-8tb/media/yes/.face-review/enrollment/enrollment_candidates.json,/DATA/yes/models/brenda-trindade/467345_720p.mkv,/DATA/yes/models/brenda-trindade/467345_720p.mp4,True,True,safe exact path migration,
/mnt/spirit-8tb/media/yes/.face-review/enrollment/enrollment_candidates.json,/DATA/yes/models/brenda-trindade/467345_720p.mkv,/DATA/yes/models/brenda-trindade/467345_720p.mp4,True,True,safe exact path migration,
/mnt/spirit-8tb/media/yes/.face-review/enrollment/enrollment_candidates.json,/DATA/yes/models/brenda-trindade/467345_720p.mkv,/DATA/yes/models/brenda-trindade/467345_720p.mp4,True,True,safe exact path migration,
/mnt/spirit-8tb/media/yes/.face-review/enrollment/enrollment_candidates.json,/DATA/yes/models/strawberrytabby/564677_720p.mkv,/DATA/yes/models/strawberrytabby/564677_720p.mp4,True,True,safe exact path migration,
/mnt/spirit-8tb/media/yes/.face-review/enrollment/enrollment_candidates.json,/DATA/yes/models/strawberrytabby/564677_720p.mkv,/DATA/yes/models/strawberrytabby/564677_720p.mp4,True,True,safe exact path migration,
/mnt/spirit-8tb/media/yes/.face-review/enrollment/enrollment_candidates.json,/DATA/yes/models/strawberrytabby/564677_720p.mkv,/DATA/yes/models/strawberrytabby/564677_720p.mp4,True,True,safe exact path migration,
/mnt/spirit-8tb/media/yes/.face-review/enrollment/enrollment_candidates.json,/DATA/yes/models/strawberrytabby/564677_720p.mkv,/DATA/yes/models/strawberrytabby/564677_720p.mp4,True,True,safe exact path migration,
/mnt/spirit-8tb/media/yes/.face-review/enrollment/enrollment_candidates.json,/DATA/yes/models/strawberrytabby/564677_720p.mkv,/DATA/yes/models/strawberrytabby/564677_720p.mp4,True,True,safe exact path migration,
/mnt/spirit-8tb/media/yes/.face-review/enrollment/enrollment_candidates.json,/DATA/yes/models/strawberrytabby/564677_720p.mkv,/DATA/yes/models/strawberrytabby/564677_720p.mp4,True,True,safe exact path migration,
/mnt/spirit-8tb/media/yes/.face-review/enrollment/enrollment_candidates.json,/DATA/yes/models/strawberrytabby/564677_720p.mkv,/DATA/yes/models/strawberrytabby/564677_720p.mp4,True,True,safe exact path migration,
/mnt/spirit-8tb/media/yes/.face-review/enrollment/enrollment_candidates.json,/DATA/yes/models/strawberrytabby/564677_720p.mkv,/DATA/yes/models/strawberrytabby/564677_720p.mp4,True,True,safe exact path migration,
/mnt/spirit-8tb/media/yes/.face-review/enrollment/enrollment_candidates.json,/DATA/yes/models/strawberrytabby/564677_720p.mkv,/DATA/yes/models/strawberrytabby/564677_720p.mp4,True,True,safe exact path migration,
/mnt/spirit-8tb/media/yes/.face-review/enrollment/enrollment_candidates.json,/DATA/yes/models/strawberrytabby/564677_720p.mkv,/DATA/yes/models/strawberrytabby/564677_720p.mp4,True,True,safe exact path migration,
/mnt/spirit-8tb/media/yes/.face-review/enrollment/enrollment_candidates.json,/DATA/yes/models/strawberrytabby/564677_720p.mkv,/DATA/yes/models/strawberrytabby/564677_720p.mp4,True,True,safe exact path migration,
/mnt/spirit-8tb/media/yes/.face-review/enrollment/enrollment_candidates.json,/DATA/yes/models/strawberrytabby/564677_720p.mkv,/DATA/yes/models/strawberrytabby/564677_720p.mp4,True,True,safe exact path migration,
/mnt/spirit-8tb/media/yes/.face-review/enrollment/enrollment_candidates.json,/DATA/yes/models/strawberrytabby/564677_720p.mkv,/DATA/yes/models/strawberrytabby/564677_720p.mp4,True,True,safe exact path migration,
/mnt/spirit-8tb/media/yes/.face-review/enrollment/enrollment_candidates.json,/DATA/yes/models/strawberrytabby/564677_720p.mkv,/DATA/yes/models/strawberrytabby/564677_720p.mp4,True,True,safe exact path migration,
/mnt/spirit-8tb/media/yes/.face-review/enrollment/enrollment_candidates.json,/DATA/yes/models/gem-the-jewels/487723_720p.mkv,/DATA/yes/models/gem-the-jewels/487723_720p.mp4,True,True,safe exact path migration,
/mnt/spirit-8tb/media/yes/.face-review/enrollment/enrollment_candidates.json,/DATA/yes/models/gem-the-jewels/548555_720p.mkv,/DATA/yes/models/gem-the-jewels/548555_720p.mp4,True,True,safe exact path migration,
/mnt/spirit-8tb/media/yes/.face-review/enrollment/enrollment_candidates.json,/DATA/yes/models/gem-the-jewels/548555_720p.mkv,/DATA/yes/models/gem-the-jewels/548555_720p.mp4,True,True,safe exact path migration,
/mnt/spirit-8tb/media/yes/.face-review/enrollment/enrollment_candidates.json,/DATA/yes/models/gem-the-jewels/548555_720p.mkv,/DATA/yes/models/gem-the-jewels/548555_720p.mp4,True,True,safe exact path migration,
/mnt/spirit-8tb/media/yes/.face-review/enrollment/enrollment_candidates.json,/DATA/yes/models/gem-the-jewels/487723_720p.mkv,/DATA/yes/models/gem-the-jewels/487723_720p.mp4,True,True,safe exact path migration,
/mnt/spirit-8tb/media/yes/.face-review/enrollment/enrollment_candidates.json,/DATA/yes/models/gem-the-jewels/487723_720p.mkv,/DATA/yes/models/gem-the-jewels/487723_720p.mp4,True,True,safe exact path migration,
/mnt/spirit-8tb/media/yes/.face-review/enrollment/enrollment_candidates.json,/DATA/yes/models/gem-the-jewels/487723_720p.mkv,/DATA/yes/models/gem-the-jewels/487723_720p.mp4,True,True,safe exact path migration,
/mnt/spirit-8tb/media/yes/.face-review/enrollment/enrollment_candidates.json,/DATA/yes/models/gem-the-jewels/487723_720p.mkv,/DATA/yes/models/gem-the-jewels/487723_720p.mp4,True,True,safe exact path migration,
/mnt/spirit-8tb/media/yes/.face-review/enrollment/enrollment_candidates.json,/DATA/yes/models/gem-the-jewels/487723_720p.mkv,/DATA/yes/models/gem-the-jewels/487723_720p.mp4,True,True,safe exact path migration,
/mnt/spirit-8tb/media/yes/.face-review/enrollment/enrollment_candidates.json,/DATA/yes/models/gem-the-jewels/487723_720p.mkv,/DATA/yes/models/gem-the-jewels/487723_720p.mp4,True,True,safe exact path migration,
/mnt/spirit-8tb/media/yes/.face-review/enrollment/enrollment_candidates.json,/DATA/yes/models/gem-the-jewels/487723_720p.mkv,/DATA/yes/models/gem-the-jewels/487723_720p.mp4,True,True,safe exact path migration,
/mnt/spirit-8tb/media/yes/.face-review/enrollment/enrollment_candidates.json,/DATA/yes/models/gem-the-jewels/548555_720p.mkv,/DATA/yes/models/gem-the-jewels/548555_720p.mp4,True,True,safe exact path migration,
/mnt/spirit-8tb/media/yes/.face-review/enrollment/enrollment_candidates.json,/DATA/yes/models/gem-the-jewels/548555_720p.mkv,/DATA/yes/models/gem-the-jewels/548555_720p.mp4,True,True,safe exact path migration,
/mnt/spirit-8tb/media/yes/.face-review/enrollment/enrollment_candidates.json,/DATA/yes/models/gem-the-jewels/548555_720p.mkv,/DATA/yes/models/gem-the-jewels/548555_720p.mp4,True,True,safe exact path migration,
/mnt/spirit-8tb/media/yes/.face-review/enrollment/enrollment_candidates.json,/DATA/yes/models/gem-the-jewels/548555_720p.mkv,/DATA/yes/models/gem-the-jewels/548555_720p.mp4,True,True,safe exact path migration,
/mnt/spirit-8tb/media/yes/.face-review/enrollment/enrollment_candidates.json,/DATA/yes/models/gem-the-jewels/548555_720p.mkv,/DATA/yes/models/gem-the-jewels/548555_720p.mp4,True,True,safe exact path migration,
/mnt/spirit-8tb/media/yes/.face-review/enrollment/enrollment_candidates.json,/DATA/yes/models/gem-the-jewels/487723_720p.mkv,/DATA/yes/models/gem-the-jewels/487723_720p.mp4,True,True,safe exact path migration,
/mnt/spirit-8tb/media/yes/.face-review/enrollment/enrollment_candidates.json,/DATA/yes/models/gem-the-jewels/548555_720p.mkv,/DATA/yes/models/gem-the-jewels/548555_720p.mp4,True,True,safe exact path migration,
/mnt/spirit-8tb/media/yes/.face-review/enrollment/enrollment_candidates.json,/DATA/yes/models/gem-the-jewels/487723_720p.mkv,/DATA/yes/models/gem-the-jewels/487723_720p.mp4,True,True,safe exact path migration,
/mnt/spirit-8tb/media/yes/.face-review/enrollment/enrollment_candidates.json,/DATA/yes/models/gem-the-jewels/548555_720p.mkv,/DATA/yes/models/gem-the-jewels/548555_720p.mp4,True,True,safe exact path migration,
/mnt/spirit-8tb/media/yes/.face-review/enrollment/enrollment_candidates.json,97970164000c08f0fef549c141e1af0d5c2b4510c51.mkv,,False,False,blocked because MP4 replacement missing,mp4 missing
/mnt/spirit-8tb/media/yes/.face-review/enrollment/enrollment_candidates.json,97970164000c08f0fef549c141e1af0d5c2b4510c51.mkv,,False,False,blocked because MP4 replacement missing,mp4 missing
/mnt/spirit-8tb/media/yes/.face-review/enrollment/enrollment_candidates.json,97970164000c08f0fef549c141e1af0d5c2b4510c51.mkv,,False,False,blocked because MP4 replacement missing,mp4 missing
/mnt/spirit-8tb/media/yes/.face-review/enrollment/enrollment_candidates.json,97970164000c08f0fef549c141e1af0d5c2b4510c51.mkv,,False,False,blocked because MP4 replacement missing,mp4 missing
/mnt/spirit-8tb/media/yes/.face-review/enrollment/enrollment_candidates.json,97970164000c08f0fef549c141e1af0d5c2b4510c51.mkv,,False,False,blocked because MP4 replacement missing,mp4 missing
/mnt/spirit-8tb/media/yes/.face-review/enrollment/enrollment_candidates.json,97970164000c08f0fef549c141e1af0d5c2b4510c51.mkv,,False,False,blocked because MP4 replacement missing,mp4 missing
/mnt/spirit-8tb/media/yes/.face-review/enrollment/enrollment_candidates.json,/DATA/yes/models/katianakayfree/278848_720p.mkv,/DATA/yes/models/katianakayfree/278848_720p.mp4,True,True,safe exact path migration,
/mnt/spirit-8tb/media/yes/.face-review/enrollment/enrollment_candidates.json,/DATA/yes/models/katianakayfree/278848_720p.mkv,/DATA/yes/models/katianakayfree/278848_720p.mp4,True,True,safe exact path migration,
/mnt/spirit-8tb/media/yes/.face-review/enrollment/enrollment_candidates.json,/DATA/yes/models/katianakayfree/278848_720p.mkv,/DATA/yes/models/katianakayfree/278848_720p.mp4,True,True,safe exact path migration,
/mnt/spirit-8tb/media/yes/.face-review/enrollment/enrollment_candidates.json,/DATA/yes/models/katianakayfree/278848_720p.mkv,/DATA/yes/models/katianakayfree/278848_720p.mp4,True,True,safe exact path migration,
/mnt/spirit-8tb/media/yes/.face-review/enrollment/enrollment_candidates.json,/DATA/yes/models/katianakayfree/278848_720p.mkv,/DATA/yes/models/katianakayfree/278848_720p.mp4,True,True,safe exact path migration,
/mnt/spirit-8tb/media/yes/.face-review/enrollment/enrollment_candidates.json,/DATA/yes/models/katianakayfree/278848_720p.mkv,/DATA/yes/models/katianakayfree/278848_720p.mp4,True,True,safe exact path migration,
/mnt/spirit-8tb/media/yes/.face-review/enrollment/enrollment_candidates.json,/DATA/yes/models/katianakayfree/278848_720p.mkv,/DATA/yes/models/katianakayfree/278848_720p.mp4,True,True,safe exact path migration,
/mnt/spirit-8tb/media/yes/.face-review/enrollment/enrollment_candidates.json,/DATA/yes/models/katianakayfree/278848_720p.mkv,/DATA/yes/models/katianakayfree/278848_720p.mp4,True,True,safe exact path migration,
/mnt/spirit-8tb/media/yes/.face-review/enrollment/enrollment_candidates.json,/DATA/yes/models/katianakayfree/278848_720p.mkv,/DATA/yes/models/katianakayfree/278848_720p.mp4,True,True,safe exact path migration,
/mnt/spirit-8tb/media/yes/.face-review/enrollment/enrollment_candidates.json,/DATA/yes/models/katianakayfree/278848_720p.mkv,/DATA/yes/models/katianakayfree/278848_720p.mp4,True,True,safe exact path migration,
/mnt/spirit-8tb/media/yes/.face-review/enrollment/enrollment_candidates.json,/DATA/yes/models/katianakayfree/278848_720p.mkv,/DATA/yes/models/katianakayfree/278848_720p.mp4,True,True,safe exact path migration,
/mnt/spirit-8tb/media/yes/.face-review/enrollment/enrollment_candidates.json,/DATA/yes/models/katianakayfree/278848_720p.mkv,/DATA/yes/models/katianakayfree/278848_720p.mp4,True,True,safe exact path migration,
/mnt/spirit-8tb/media/yes/.face-review/enrollment/enrollment_candidates.json,/DATA/yes/models/katianakayfree/278848_720p.mkv,/DATA/yes/models/katianakayfree/278848_720p.mp4,True,True,safe exact path migration,
/mnt/spirit-8tb/media/yes/.face-review/enrollment/enrollment_candidates.json,/DATA/yes/unknown/3888823_hq.mkv.face-meta.json,/DATA/yes/unknown/3888823_hq.mp4.face-meta.json,True,True,safe exact path migration,
/mnt/spirit-8tb/media/yes/.face-review/enrollment/enrollment_candidates.json,/DATA/yes/unknown/3888823_hq.mkv.face-meta.json,/DATA/yes/unknown/3888823_hq.mp4.face-meta.json,True,True,safe exact path migration,
/mnt/spirit-8tb/media/yes/.face-review/enrollment/enrollment_candidates.json,/DATA/yes/models/aaliyah-yasan/540598_720p.mkv,/DATA/yes/models/aaliyah-yasan/540598_720p.mp4,True,True,safe exact path migration,
/mnt/spirit-8tb/media/yes/.face-review/enrollment/enrollment_candidates.json,/DATA/yes/models/aaliyah-yasan/540598_720p.mkv,/DATA/yes/models/aaliyah-yasan/540598_720p.mp4,True,True,safe exact path migration,
/mnt/spirit-8tb/media/yes/.face-review/enrollment/enrollment_candidates.json,/DATA/yes/models/aaliyah-yasan/540598_720p.mkv,/DATA/yes/models/aaliyah-yasan/540598_720p.mp4,True,True,safe exact path migration,
/mnt/spirit-8tb/media/yes/.face-review/enrollment/enrollment_candidates.json,/DATA/yes/models/aaliyah-yasan/540598_720p.mkv,/DATA/yes/models/aaliyah-yasan/540598_720p.mp4,True,True,safe exact path migration,
/mnt/spirit-8tb/media/yes/.face-review/enrollment/enrollment_candidates.json,/DATA/yes/models/aaliyah-yasan/540598_720p.mkv,/DATA/yes/models/aaliyah-yasan/540598_720p.mp4,True,True,safe exact path migration,
/mnt/spirit-8tb/media/yes/.face-review/enrollment/enrollment_candidates.json,/DATA/yes/models/aaliyah-yasan/540598_720p.mkv,/DATA/yes/models/aaliyah-yasan/540598_720p.mp4,True,True,safe exact path migration,
/mnt/spirit-8tb/media/yes/.face-review/enrollment/enrollment_candidates.json,/DATA/yes/models/aaliyah-yasan/540598_720p.mkv,/DATA/yes/models/aaliyah-yasan/540598_720p.mp4,True,True,safe exact path migration,
/mnt/spirit-8tb/media/yes/.face-review/enrollment/enrollment_candidates.json,/DATA/yes/models/aaliyah-yasan/540598_720p.mkv,/DATA/yes/models/aaliyah-yasan/540598_720p.mp4,True,True,safe exact path migration,
/mnt/spirit-8tb/media/yes/.face-review/enrollment/enrollment_candidates.json,/DATA/yes/models/aaliyah-yasan/540598_720p.mkv,/DATA/yes/models/aaliyah-yasan/540598_720p.mp4,True,True,safe exact path migration,
/mnt/spirit-8tb/media/yes/.face-review/enrollment/enrollment_candidates.json,/DATA/yes/models/aaliyah-yasan/540598_720p.mkv,/DATA/yes/models/aaliyah-yasan/540598_720p.mp4,True,True,safe exact path migration,
/mnt/spirit-8tb/media/yes/.face-review/enrollment/enrollment_candidates.json,/DATA/yes/models/aaliyah-yasan/540598_720p.mkv,/DATA/yes/models/aaliyah-yasan/540598_720p.mp4,True,True,safe exact path migration,
/mnt/spirit-8tb/media/yes/.face-review/enrollment/enrollment_candidates.json,/DATA/yes/models/aaliyah-yasan/540598_720p.mkv,/DATA/yes/models/aaliyah-yasan/540598_720p.mp4,True,True,safe exact path migration,
/mnt/spirit-8tb/media/yes/.face-review/enrollment/enrollment_candidates.json,/DATA/yes/models/alannasworldx/256433_720p.mkv,/DATA/yes/models/alannasworldx/256433_720p.mp4,True,True,safe exact path migration,
/mnt/spirit-8tb/media/yes/.face-review/enrollment/enrollment_candidates.json,/DATA/yes/models/alannasworldx/256433_720p.mkv,/DATA/yes/models/alannasworldx/256433_720p.mp4,True,True,safe exact path migration,
/mnt/spirit-8tb/media/yes/.face-review/enrollment/enrollment_candidates.json,/DATA/yes/models/alannasworldx/438588_720p.mkv,/DATA/yes/models/alannasworldx/438588_720p.mp4,True,True,safe exact path migration,
/mnt/spirit-8tb/media/yes/.face-review/enrollment/enrollment_candidates.json,/DATA/yes/models/alannasworldx/438588_720p.mkv,/DATA/yes/models/alannasworldx/438588_720p.mp4,True,True,safe exact path migration,
/mnt/spirit-8tb/media/yes/.face-review/enrollment/enrollment_candidates.json,/DATA/yes/models/alannasworldx/438588_720p.mkv,/DATA/yes/models/alannasworldx/438588_720p.mp4,True,True,safe exact path migration,
/mnt/spirit-8tb/media/yes/.face-review/enrollment/enrollment_candidates.json,/DATA/yes/models/alannasworldx/438588_720p.mkv,/DATA/yes/models/alannasworldx/438588_720p.mp4,True,True,safe exact path migration,
/mnt/spirit-8tb/media/yes/.face-review/enrollment/enrollment_candidates.json,/DATA/yes/models/alannasworldx/438588_720p.mkv,/DATA/yes/models/alannasworldx/438588_720p.mp4,True,True,safe exact path migration,
/mnt/spirit-8tb/media/yes/.face-review/enrollment/enrollment_candidates.json,/DATA/yes/models/alannasworldx/438588_720p.mkv,/DATA/yes/models/alannasworldx/438588_720p.mp4,True,True,safe exact path migration,
/mnt/spirit-8tb/media/yes/.face-review/enrollment/enrollment_candidates.json,/DATA/yes/models/alannasworldx/256433_720p.mkv,/DATA/yes/models/alannasworldx/256433_720p.mp4,True,True,safe exact path migration,
/mnt/spirit-8tb/media/yes/.face-review/enrollment/enrollment_candidates.json,/DATA/yes/models/alannasworldx/438588_720p.mkv,/DATA/yes/models/alannasworldx/438588_720p.mp4,True,True,safe exact path migration,
/mnt/spirit-8tb/media/yes/.face-review/enrollment/enrollment_candidates.json,/DATA/yes/models/alannasworldx/256433_720p.mkv,/DATA/yes/models/alannasworldx/256433_720p.mp4,True,True,safe exact path migration,
/mnt/spirit-8tb/media/yes/.face-review/enrollment/enrollment_candidates.json,/DATA/yes/models/alannasworldx/438588_720p.mkv,/DATA/yes/models/alannasworldx/438588_720p.mp4,True,True,safe exact path migration,
/mnt/spirit-8tb/media/yes/.face-review/enrollment/enrollment_candidates.json,/DATA/yes/models/alannasworldx/256433_720p.mkv,/DATA/yes/models/alannasworldx/256433_720p.mp4,True,True,safe exact path migration,
/mnt/spirit-8tb/media/yes/.face-review/enrollment/enrollment_candidates.json,/DATA/yes/models/alannasworldx/438588_720p.mkv,/DATA/yes/models/alannasworldx/438588_720p.mp4,True,True,safe exact path migration,
/mnt/spirit-8tb/media/yes/.face-review/enrollment/enrollment_candidates.json,/DATA/yes/models/alannasworldx/256433_720p.mkv,/DATA/yes/models/alannasworldx/256433_720p.mp4,True,True,safe exact path migration,
/mnt/spirit-8tb/media/yes/.face-review/enrollment/enrollment_candidates.json,/DATA/yes/models/alannasworldx/438588_720p.mkv,/DATA/yes/models/alannasworldx/438588_720p.mp4,True,True,safe exact path migration,
/mnt/spirit-8tb/media/yes/.face-review/enrollment/enrollment_candidates.json,/DATA/yes/models/alannasworldx/256433_720p.mkv,/DATA/yes/models/alannasworldx/256433_720p.mp4,True,True,safe exact path migration,
/mnt/spirit-8tb/media/yes/.face-review/enrollment/enrollment_candidates.json,/DATA/yes/models/alannasworldx/438588_720p.mkv,/DATA/yes/models/alannasworldx/438588_720p.mp4,True,True,safe exact path migration,
/mnt/spirit-8tb/media/yes/.face-review/enrollment/enrollment_candidates.json,/DATA/yes/models/alannasworldx/256433_720p.mkv,/DATA/yes/models/alannasworldx/256433_720p.mp4,True,True,safe exact path migration,
/mnt/spirit-8tb/media/yes/.face-review/enrollment/enrollment_candidates.json,/DATA/yes/models/alannasworldx/256433_720p.mkv,/DATA/yes/models/alannasworldx/256433_720p.mp4,True,True,safe exact path migration,
/mnt/spirit-8tb/media/yes/.face-review/enrollment/enrollment_candidates.json,/DATA/yes/models/alannasworldx/256433_720p.mkv,/DATA/yes/models/alannasworldx/256433_720p.mp4,True,True,safe exact path migration,
/mnt/spirit-8tb/media/yes/.face-review/enrollment/enrollment_candidates.json,/DATA/yes/models/alannasworldx/256433_720p.mkv,/DATA/yes/models/alannasworldx/256433_720p.mp4,True,True,safe exact path migration,
/mnt/spirit-8tb/media/yes/.face-review/enrollment/enrollment_candidates.json,/DATA/yes/models/alannasworldx/256433_720p.mkv,/DATA/yes/models/alannasworldx/256433_720p.mp4,True,True,safe exact path migration,
/mnt/spirit-8tb/media/yes/.face-review/enrollment/enrollment_candidates.json,/DATA/yes/models/alannasworldx/438588_720p.mkv,/DATA/yes/models/alannasworldx/438588_720p.mp4,True,True,safe exact path migration,
/mnt/spirit-8tb/media/yes/.face-review/enrollment/enrollment_candidates.json,/DATA/yes/models/alannasworldx/438588_720p.mkv,/DATA/yes/models/alannasworldx/438588_720p.mp4,True,True,safe exact path migration,
/mnt/spirit-8tb/media/yes/.face-review/enrollment/enrollment_candidates.json,/DATA/yes/models/alannasworldx/438588_720p.mkv,/DATA/yes/models/alannasworldx/438588_720p.mp4,True,True,safe exact path migration,
/mnt/spirit-8tb/media/yes/.face-review/enrollment/enrollment_candidates.json,/DATA/yes/models/alannasworldx/438588_720p.mkv,/DATA/yes/models/alannasworldx/438588_720p.mp4,True,True,safe exact path migration,
/mnt/spirit-8tb/media/yes/.face-review/enrollment/enrollment_candidates.json,/DATA/yes/models/alannasworldx/438588_720p.mkv,/DATA/yes/models/alannasworldx/438588_720p.mp4,True,True,safe exact path migration,
/mnt/spirit-8tb/media/yes/.face-review/enrollment/enrollment_candidates.json,/DATA/yes/models/alannasworldx/256433_720p.mkv,/DATA/yes/models/alannasworldx/256433_720p.mp4,True,True,safe exact path migration,
/mnt/spirit-8tb/media/yes/.face-review/enrollment/enrollment_candidates.json,/DATA/yes/models/alannasworldx/438588_720p.mkv,/DATA/yes/models/alannasworldx/438588_720p.mp4,True,True,safe exact path migration,
/mnt/spirit-8tb/media/yes/.face-review/enrollment/enrollment_candidates.json,/DATA/yes/models/alannasworldx/256433_720p.mkv,/DATA/yes/models/alannasworldx/256433_720p.mp4,True,True,safe exact path migration,
/mnt/spirit-8tb/media/yes/.face-review/enrollment/enrollment_candidates.json,/DATA/yes/models/alannasworldx/438588_720p.mkv,/DATA/yes/models/alannasworldx/438588_720p.mp4,True,True,safe exact path migration,
/mnt/spirit-8tb/media/yes/.face-review/enrollment/enrollment_candidates.json,/DATA/yes/b072fcb9f821c935f46a4ed67477a041.mkv,/DATA/yes/b072fcb9f821c935f46a4ed67477a041.mp4,True,True,safe exact path migration,
/mnt/spirit-8tb/media/yes/.face-review/enrollment/enrollment_candidates.json,/DATA/yes/b072fcb9f821c935f46a4ed67477a041.mkv,/DATA/yes/b072fcb9f821c935f46a4ed67477a041.mp4,True,True,safe exact path migration,
/mnt/spirit-8tb/media/yes/.face-review/enrollment/enrollment_candidates.json,/DATA/yes/b072fcb9f821c935f46a4ed67477a041.mkv,/DATA/yes/b072fcb9f821c935f46a4ed67477a041.mp4,True,True,safe exact path migration,
/mnt/spirit-8tb/media/yes/.face-review/enrollment/enrollment_candidates.json,/DATA/yes/b072fcb9f821c935f46a4ed67477a041.mkv,/DATA/yes/b072fcb9f821c935f46a4ed67477a041.mp4,True,True,safe exact path migration,
/mnt/spirit-8tb/media/yes/.face-review/enrollment/enrollment_candidates.json,/DATA/yes/b072fcb9f821c935f46a4ed67477a041.mkv,/DATA/yes/b072fcb9f821c935f46a4ed67477a041.mp4,True,True,safe exact path migration,
/mnt/spirit-8tb/media/yes/.face-review/enrollment/enrollment_candidates.json,/DATA/yes/b072fcb9f821c935f46a4ed67477a041.mkv,/DATA/yes/b072fcb9f821c935f46a4ed67477a041.mp4,True,True,safe exact path migration,
/mnt/spirit-8tb/media/yes/.face-review/enrollment/enrollment_candidates.json,/DATA/yes/b072fcb9f821c935f46a4ed67477a041.mkv,/DATA/yes/b072fcb9f821c935f46a4ed67477a041.mp4,True,True,safe exact path migration,
/mnt/spirit-8tb/media/yes/.face-review/enrollment/enrollment_candidates.json,/DATA/yes/b072fcb9f821c935f46a4ed67477a041.mkv,/DATA/yes/b072fcb9f821c935f46a4ed67477a041.mp4,True,True,safe exact path migration,
/mnt/spirit-8tb/media/yes/.face-review/enrollment/enrollment_candidates.json,/DATA/yes/models/angela-white/556530_720p.mkv,/DATA/yes/models/angela-white/556530_720p.mp4,True,True,safe exact path migration,
/mnt/spirit-8tb/media/yes/.face-review/enrollment/enrollment_candidates.json,/DATA/yes/models/angela-white/556530_720p.mkv,/DATA/yes/models/angela-white/556530_720p.mp4,True,True,safe exact path migration,
/mnt/spirit-8tb/media/yes/.face-review/enrollment/enrollment_candidates.json,/DATA/yes/models/angela-white/556530_720p.mkv,/DATA/yes/models/angela-white/556530_720p.mp4,True,True,safe exact path migration,
/mnt/spirit-8tb/media/yes/.face-review/enrollment/enrollment_candidates.json,/DATA/yes/models/angela-white/556530_720p.mkv,/DATA/yes/models/angela-white/556530_720p.mp4,True,True,safe exact path migration,
/mnt/spirit-8tb/media/yes/.face-review/enrollment/enrollment_candidates.json,/DATA/yes/models/angela-white/556530_720p.mkv,/DATA/yes/models/angela-white/556530_720p.mp4,True,True,safe exact path migration,
/mnt/spirit-8tb/media/yes/.face-review/enrollment/enrollment_candidates.json,/DATA/yes/models/angela-white/556530_720p.mkv,/DATA/yes/models/angela-white/556530_720p.mp4,True,True,safe exact path migration,
/mnt/spirit-8tb/media/yes/.face-review/enrollment/enrollment_candidates.json,/DATA/yes/models/angela-white/556530_720p.mkv,/DATA/yes/models/angela-white/556530_720p.mp4,True,True,safe exact path migration,
/mnt/spirit-8tb/media/yes/.face-review/enrollment/enrollment_candidates.json,/DATA/yes/models/angela-white/556530_720p.mkv,/DATA/yes/models/angela-white/556530_720p.mp4,True,True,safe exact path migration,
/mnt/spirit-8tb/media/yes/.face-review/enrollment/enrollment_candidates.json,/DATA/yes/models/angela-white/556530_720p.mkv,/DATA/yes/models/angela-white/556530_720p.mp4,True,True,safe exact path migration,
/mnt/spirit-8tb/media/yes/.face-review/enrollment/enrollment_candidates.json,/DATA/yes/models/angela-white/556530_720p.mkv,/DATA/yes/models/angela-white/556530_720p.mp4,True,True,safe exact path migration,
/mnt/spirit-8tb/media/yes/.face-review/enrollment/enrollment_candidates.json,/DATA/yes/models/angela-white/556530_720p.mkv,/DATA/yes/models/angela-white/556530_720p.mp4,True,True,safe exact path migration,
/mnt/spirit-8tb/media/yes/.face-review/enrollment/enrollment_candidates.json,/DATA/yes/models/angela-white/556530_720p.mkv,/DATA/yes/models/angela-white/556530_720p.mp4,True,True,safe exact path migration,
/mnt/spirit-8tb/media/yes/.face-review/enrollment/enrollment_candidates.json,/DATA/yes/models/angela-white/556530_720p.mkv,/DATA/yes/models/angela-white/556530_720p.mp4,True,True,safe exact path migration,
/mnt/spirit-8tb/media/yes/.face-review/enrollment/enrollment_candidates.json,/DATA/yes/models/angela-white/556530_720p.mkv,/DATA/yes/models/angela-white/556530_720p.mp4,True,True,safe exact path migration,
/mnt/spirit-8tb/media/yes/.face-review/enrollment/enrollment_candidates.json,/DATA/yes/models/cute-geekie/148460_1080p.mkv,/DATA/yes/models/cute-geekie/148460_1080p.mp4,True,True,safe exact path migration,
/mnt/spirit-8tb/media/yes/.face-review/enrollment/enrollment_candidates.json,/DATA/yes/models/jazmen-jafar/449071_720p.mkv,/DATA/yes/models/jazmen-jafar/449071_720p.mp4,True,True,safe exact path migration,
/mnt/spirit-8tb/media/yes/.face-review/enrollment/enrollment_candidates.json,/DATA/yes/models/jazmen-jafar/449071_720p.mkv,/DATA/yes/models/jazmen-jafar/449071_720p.mp4,True,True,safe exact path migration,
/mnt/spirit-8tb/media/yes/.face-review/enrollment/enrollment_candidates.json,/DATA/yes/models/jazmen-jafar/449071_720p.mkv,/DATA/yes/models/jazmen-jafar/449071_720p.mp4,True,True,safe exact path migration,
/mnt/spirit-8tb/media/yes/.face-review/enrollment/enrollment_candidates.json,/DATA/yes/models/jazmen-jafar/449071_720p.mkv,/DATA/yes/models/jazmen-jafar/449071_720p.mp4,True,True,safe exact path migration,
/mnt/spirit-8tb/media/yes/.face-review/enrollment/enrollment_candidates.json,/DATA/yes/models/jazmen-jafar/449071_720p.mkv,/DATA/yes/models/jazmen-jafar/449071_720p.mp4,True,True,safe exact path migration,
/mnt/spirit-8tb/media/yes/.face-review/enrollment/enrollment_candidates.json,/DATA/yes/models/jazmen-jafar/449071_720p.mkv,/DATA/yes/models/jazmen-jafar/449071_720p.mp4,True,True,safe exact path migration,
/mnt/spirit-8tb/media/yes/.face-review/enrollment/enrollment_candidates.json,/DATA/yes/models/jazmen-jafar/484359_720p.mkv,/DATA/yes/models/jazmen-jafar/484359_720p.mp4,True,True,safe exact path migration,
/mnt/spirit-8tb/media/yes/.face-review/enrollment/enrollment_candidates.json,/DATA/yes/models/jazmen-jafar/484359_720p.mkv,/DATA/yes/models/jazmen-jafar/484359_720p.mp4,True,True,safe exact path migration,
/mnt/spirit-8tb/media/yes/.face-review/enrollment/enrollment_candidates.json,/DATA/yes/models/jazmen-jafar/484359_720p.mkv,/DATA/yes/models/jazmen-jafar/484359_720p.mp4,True,True,safe exact path migration,
/mnt/spirit-8tb/media/yes/.face-review/enrollment/enrollment_candidates.json,/DATA/yes/models/jazmen-jafar/484359_720p.mkv,/DATA/yes/models/jazmen-jafar/484359_720p.mp4,True,True,safe exact path migration,
/mnt/spirit-8tb/media/yes/.face-review/enrollment/enrollment_candidates.json,/DATA/yes/models/jazmen-jafar/449071_720p.mkv,/DATA/yes/models/jazmen-jafar/449071_720p.mp4,True,True,safe exact path migration,
/mnt/spirit-8tb/media/yes/.face-review/enrollment/enrollment_candidates.json,/DATA/yes/models/jazmen-jafar/484359_720p.mkv,/DATA/yes/models/jazmen-jafar/484359_720p.mp4,True,True,safe exact path migration,
/mnt/spirit-8tb/media/yes/.face-review/enrollment/enrollment_candidates.json,/DATA/yes/models/jazmen-jafar/449071_720p.mkv,/DATA/yes/models/jazmen-jafar/449071_720p.mp4,True,True,safe exact path migration,
/mnt/spirit-8tb/media/yes/.face-review/enrollment/enrollment_candidates.json,/DATA/yes/models/jazmen-jafar/484359_720p.mkv,/DATA/yes/models/jazmen-jafar/484359_720p.mp4,True,True,safe exact path migration,
/mnt/spirit-8tb/media/yes/.face-review/enrollment/enrollment_candidates.json,/DATA/yes/models/jazmen-jafar/449071_720p.mkv,/DATA/yes/models/jazmen-jafar/449071_720p.mp4,True,True,safe exact path migration,
/mnt/spirit-8tb/media/yes/.face-review/enrollment/enrollment_candidates.json,/DATA/yes/models/jazmen-jafar/484359_720p.mkv,/DATA/yes/models/jazmen-jafar/484359_720p.mp4,True,True,safe exact path migration,
/mnt/spirit-8tb/media/yes/.face-review/enrollment/enrollment_candidates.json,/DATA/yes/models/jazmen-jafar/449071_720p.mkv,/DATA/yes/models/jazmen-jafar/449071_720p.mp4,True,True,safe exact path migration,
/mnt/spirit-8tb/media/yes/.face-review/enrollment/enrollment_candidates.json,/DATA/yes/models/jazmen-jafar/449071_720p.mkv,/DATA/yes/models/jazmen-jafar/449071_720p.mp4,True,True,safe exact path migration,
/mnt/spirit-8tb/media/yes/.face-review/enrollment/enrollment_candidates.json,/DATA/yes/models/jazmen-jafar/449071_720p.mkv,/DATA/yes/models/jazmen-jafar/449071_720p.mp4,True,True,safe exact path migration,
/mnt/spirit-8tb/media/yes/.face-review/enrollment/enrollment_candidates.json,/DATA/yes/models/jazmen-jafar/449071_720p.mkv,/DATA/yes/models/jazmen-jafar/449071_720p.mp4,True,True,safe exact path migration,
/mnt/spirit-8tb/media/yes/.face-review/enrollment/enrollment_candidates.json,/DATA/yes/models/jazmen-jafar/449071_720p.mkv,/DATA/yes/models/jazmen-jafar/449071_720p.mp4,True,True,safe exact path migration,
/mnt/spirit-8tb/media/yes/.face-review/enrollment/enrollment_candidates.json,/DATA/yes/models/jazmen-jafar/449071_720p.mkv,/DATA/yes/models/jazmen-jafar/449071_720p.mp4,True,True,safe exact path migration,
/mnt/spirit-8tb/media/yes/.face-review/enrollment/enrollment_candidates.json,/DATA/yes/models/jazmen-jafar/484359_720p.mkv,/DATA/yes/models/jazmen-jafar/484359_720p.mp4,True,True,safe exact path migration,
/mnt/spirit-8tb/media/yes/.face-review/enrollment/enrollment_candidates.json,/DATA/yes/models/jazmen-jafar/484359_720p.mkv,/DATA/yes/models/jazmen-jafar/484359_720p.mp4,True,True,safe exact path migration,
/mnt/spirit-8tb/media/yes/.face-review/enrollment/enrollment_candidates.json,/DATA/yes/models/jazmen-jafar/484359_720p.mkv,/DATA/yes/models/jazmen-jafar/484359_720p.mp4,True,True,safe exact path migration,
/mnt/spirit-8tb/media/yes/.face-review/enrollment/enrollment_candidates.json,/DATA/yes/models/jazmen-jafar/484359_720p.mkv,/DATA/yes/models/jazmen-jafar/484359_720p.mp4,True,True,safe exact path migration,
/mnt/spirit-8tb/media/yes/.face-review/enrollment/enrollment_candidates.json,/DATA/yes/models/jazmen-jafar/484359_720p.mkv,/DATA/yes/models/jazmen-jafar/484359_720p.mp4,True,True,safe exact path migration,
/mnt/spirit-8tb/media/yes/.face-review/enrollment/enrollment_candidates.json,/DATA/yes/models/jazmen-jafar/449071_720p.mkv,/DATA/yes/models/jazmen-jafar/449071_720p.mp4,True,True,safe exact path migration,
/mnt/spirit-8tb/media/yes/.face-review/enrollment/enrollment_candidates.json,/DATA/yes/models/jazmen-jafar/484359_720p.mkv,/DATA/yes/models/jazmen-jafar/484359_720p.mp4,True,True,safe exact path migration,
/mnt/spirit-8tb/media/yes/.face-review/enrollment/enrollment_candidates.json,/DATA/yes/models/jazmen-jafar/449071_720p.mkv,/DATA/yes/models/jazmen-jafar/449071_720p.mp4,True,True,safe exact path migration,
/mnt/spirit-8tb/media/yes/.face-review/enrollment/enrollment_candidates.json,/DATA/yes/models/jazmen-jafar/484359_720p.mkv,/DATA/yes/models/jazmen-jafar/484359_720p.mp4,True,True,safe exact path migration,
/mnt/spirit-8tb/media/yes/.face-review/enrollment/enrollment_candidates.json,/DATA/yes/models/chloe-lamb/442642_720p.mkv,/DATA/yes/models/chloe-lamb/442642_720p.mp4,True,True,safe exact path migration,
/mnt/spirit-8tb/media/yes/.face-review/enrollment/enrollment_candidates.json,/DATA/yes/models/chloe-lamb/442642_720p.mkv,/DATA/yes/models/chloe-lamb/442642_720p.mp4,True,True,safe exact path migration,
/mnt/spirit-8tb/media/yes/.face-review/enrollment/enrollment_candidates.json,/DATA/yes/models/chloe-lamb/442642_720p.mkv,/DATA/yes/models/chloe-lamb/442642_720p.mp4,True,True,safe exact path migration,
/mnt/spirit-8tb/media/yes/.face-review/enrollment/enrollment_candidates.json,/DATA/yes/models/chloe-lamb/442642_720p.mkv,/DATA/yes/models/chloe-lamb/442642_720p.mp4,True,True,safe exact path migration,
/mnt/spirit-8tb/media/yes/.face-review/enrollment/enrollment_candidates.json,/DATA/yes/models/chloe-lamb/442642_720p.mkv,/DATA/yes/models/chloe-lamb/442642_720p.mp4,True,True,safe exact path migration,
/mnt/spirit-8tb/media/yes/.face-review/enrollment/enrollment_candidates.json,/DATA/yes/models/chloe-lamb/442642_720p.mkv,/DATA/yes/models/chloe-lamb/442642_720p.mp4,True,True,safe exact path migration,
/mnt/spirit-8tb/media/yes/.face-review/enrollment/enrollment_candidates.json,/DATA/yes/models/chloe-lamb/442642_720p.mkv,/DATA/yes/models/chloe-lamb/442642_720p.mp4,True,True,safe exact path migration,
/mnt/spirit-8tb/media/yes/.face-review/enrollment/enrollment_candidates.json,/DATA/yes/models/chloe-lamb/442642_720p.mkv,/DATA/yes/models/chloe-lamb/442642_720p.mp4,True,True,safe exact path migration,
/mnt/spirit-8tb/media/yes/.face-review/enrollment/enrollment_candidates.json,/DATA/yes/models/chloe-lamb/442642_720p.mkv,/DATA/yes/models/chloe-lamb/442642_720p.mp4,True,True,safe exact path migration,
/mnt/spirit-8tb/media/yes/.face-review/enrollment/enrollment_candidates.json,/DATA/yes/models/chloe-lamb/442642_720p.mkv,/DATA/yes/models/chloe-lamb/442642_720p.mp4,True,True,safe exact path migration,
/mnt/spirit-8tb/media/yes/.face-review/enrollment/enrollment_candidates.json,/DATA/yes/models/chloe-lamb/442642_720p.mkv,/DATA/yes/models/chloe-lamb/442642_720p.mp4,True,True,safe exact path migration,
/mnt/spirit-8tb/media/yes/.face-review/enrollment/enrollment_candidates.json,/DATA/yes/models/chloe-lamb/442642_720p.mkv,/DATA/yes/models/chloe-lamb/442642_720p.mp4,True,True,safe exact path migration,
/mnt/spirit-8tb/media/yes/.face-review/enrollment/enrollment_candidates.json,/DATA/yes/models/chloe-lamb/442642_720p.mkv,/DATA/yes/models/chloe-lamb/442642_720p.mp4,True,True,safe exact path migration,
/mnt/spirit-8tb/media/yes/.face-review/enrollment/enrollment_candidates.json,/DATA/yes/models/lustcnotal/455505_720p.mkv,/DATA/yes/models/lustcnotal/455505_720p.mp4,True,True,safe exact path migration,
/mnt/spirit-8tb/media/yes/.face-review/enrollment/enrollment_candidates.json,/DATA/yes/models/sendnudes/169870_1080p.mkv,/DATA/yes/models/sendnudes/169870_1080p.mp4,True,True,safe exact path migration,
/mnt/spirit-8tb/media/yes/.face-review/enrollment/enrollment_candidates.json,/DATA/yes/models/haylee-love/71357paid.mkv,/DATA/yes/models/haylee-love/71357paid.mp4,True,True,safe exact path migration,
/mnt/spirit-8tb/media/yes/.face-review/enrollment/enrollment_candidates.json,/DATA/yes/models/haylee-love/71357paid.mkv,/DATA/yes/models/haylee-love/71357paid.mp4,True,True,safe exact path migration,
/mnt/spirit-8tb/media/yes/.face-review/enrollment/enrollment_candidates.json,/DATA/yes/models/haylee-love/71357paid.mkv,/DATA/yes/models/haylee-love/71357paid.mp4,True,True,safe exact path migration,
/mnt/spirit-8tb/media/yes/.face-review/enrollment/enrollment_candidates.json,/DATA/yes/models/haylee-love/71357paid.mkv,/DATA/yes/models/haylee-love/71357paid.mp4,True,True,safe exact path migration,
/mnt/spirit-8tb/media/yes/.face-review/enrollment/enrollment_candidates.json,/DATA/yes/models/haylee-love/71357paid.mkv,/DATA/yes/models/haylee-love/71357paid.mp4,True,True,safe exact path migration,
/mnt/spirit-8tb/media/yes/.face-review/enrollment/enrollment_candidates.json,/DATA/yes/models/haylee-love/71357paid.mkv,/DATA/yes/models/haylee-love/71357paid.mp4,True,True,safe exact path migration,
/mnt/spirit-8tb/media/yes/.face-review/enrollment/enrollment_candidates.json,/DATA/yes/models/haylee-love/71357paid.mkv,/DATA/yes/models/haylee-love/71357paid.mp4,True,True,safe exact path migration,
/mnt/spirit-8tb/media/yes/.face-review/enrollment/enrollment_candidates.json,/DATA/yes/models/haylee-love/71357paid.mkv,/DATA/yes/models/haylee-love/71357paid.mp4,True,True,safe exact path migration,
/mnt/spirit-8tb/media/yes/.face-review/enrollment/enrollment_candidates.json,/DATA/yes/models/haylee-love/71357paid.mkv,/DATA/yes/models/haylee-love/71357paid.mp4,True,True,safe exact path migration,
/mnt/spirit-8tb/media/yes/.face-review/enrollment/enrollment_candidates.json,/DATA/yes/models/haylee-love/71357paid.mkv,/DATA/yes/models/haylee-love/71357paid.mp4,True,True,safe exact path migration,
/mnt/spirit-8tb/media/yes/.face-review/enrollment/enrollment_candidates.json,/DATA/yes/models/haylee-love/71357paid.mkv,/DATA/yes/models/haylee-love/71357paid.mp4,True,True,safe exact path migration,
/mnt/spirit-8tb/media/yes/.face-review/enrollment/enrollment_candidates.json,/DATA/yes/models/haylee-love/71357paid.mkv,/DATA/yes/models/haylee-love/71357paid.mp4,True,True,safe exact path migration,
/mnt/spirit-8tb/media/yes/.face-review/enrollment/enrollment_candidates.json,/DATA/yes/models/haylee-love/71357paid.mkv,/DATA/yes/models/haylee-love/71357paid.mp4,True,True,safe exact path migration,
/mnt/spirit-8tb/media/yes/.face-review/enrollment/enrollment_candidates.json,/DATA/yes/models/haylee-love/71357paid.mkv,/DATA/yes/models/haylee-love/71357paid.mp4,True,True,safe exact path migration,
/mnt/spirit-8tb/media/yes/.face-review/enrollment/enrollment_candidates.json,/DATA/yes/models/haylee-love/71357paid.mkv,/DATA/yes/models/haylee-love/71357paid.mp4,True,True,safe exact path migration,
/mnt/spirit-8tb/media/yes/.face-review/enrollment/enrollment_candidates.json,/DATA/yes/models/haylee-love/71357paid.mkv,/DATA/yes/models/haylee-love/71357paid.mp4,True,True,safe exact path migration,
/mnt/spirit-8tb/media/yes/.face-review/enrollment/enrollment_candidates.json,/DATA/yes/models/mackzjones/15517_720p.mkv,/DATA/yes/models/mackzjones/15517_720p.mp4,True,True,safe exact path migration,
/mnt/spirit-8tb/media/yes/.face-review/enrollment/enrollment_candidates.json,Fap__01cfdec15d25f9cd19397c0709e49162.mkv,,False,False,blocked because MP4 replacement missing,mp4 missing
/mnt/spirit-8tb/media/yes/.face-review/enrollment/enrollment_candidates.json,Fap__1c31400144c5b4a8cb977202cfb8121c.mkv,,False,False,blocked because MP4 replacement missing,mp4 missing
/mnt/spirit-8tb/media/yes/.face-review/enrollment/enrollment_candidates.json,Fap__5e5eb028f60361971febc5850e5c000c.mkv,,False,False,blocked because MP4 replacement missing,mp4 missing
/mnt/spirit-8tb/media/yes/.face-review/enrollment/enrollment_candidates.json,Fap__01cfdec15d25f9cd19397c0709e49162.mkv,,False,False,blocked because MP4 replacement missing,mp4 missing
/mnt/spirit-8tb/media/yes/.face-review/enrollment/enrollment_candidates.json,Fap__1c31400144c5b4a8cb977202cfb8121c.mkv,,False,False,blocked because MP4 replacement missing,mp4 missing
/mnt/spirit-8tb/media/yes/.face-review/enrollment/enrollment_candidates.json,Fap__5e5eb028f60361971febc5850e5c000c.mkv,,False,False,blocked because MP4 replacement missing,mp4 missing
/mnt/spirit-8tb/media/yes/.face-review/enrollment/enrollment_candidates.json,Fap__01cfdec15d25f9cd19397c0709e49162.mkv,,False,False,blocked because MP4 replacement missing,mp4 missing
/mnt/spirit-8tb/media/yes/.face-review/enrollment/enrollment_candidates.json,Fap__1c31400144c5b4a8cb977202cfb8121c.mkv,,False,False,blocked because MP4 replacement missing,mp4 missing
/mnt/spirit-8tb/media/yes/.face-review/enrollment/enrollment_candidates.json,Fap__5e5eb028f60361971febc5850e5c000c.mkv,,False,False,blocked because MP4 replacement missing,mp4 missing
/mnt/spirit-8tb/media/yes/.face-review/enrollment/enrollment_candidates.json,Fap__1c31400144c5b4a8cb977202cfb8121c.mkv,,False,False,blocked because MP4 replacement missing,mp4 missing
/mnt/spirit-8tb/media/yes/.face-review/enrollment/enrollment_candidates.json,Fap__01cfdec15d25f9cd19397c0709e49162.mkv,,False,False,blocked because MP4 replacement missing,mp4 missing
/mnt/spirit-8tb/media/yes/.face-review/enrollment/enrollment_candidates.json,Fap__01cfdec15d25f9cd19397c0709e49162.mkv,,False,False,blocked because MP4 replacement missing,mp4 missing
/mnt/spirit-8tb/media/yes/.face-review/enrollment/enrollment_candidates.json,Fap__01cfdec15d25f9cd19397c0709e49162.mkv,,False,False,blocked because MP4 replacement missing,mp4 missing
/mnt/spirit-8tb/media/yes/.face-review/enrollment/enrollment_candidates.json,Fap__01cfdec15d25f9cd19397c0709e49162.mkv,,False,False,blocked because MP4 replacement missing,mp4 missing
/mnt/spirit-8tb/media/yes/.face-review/enrollment/enrollment_candidates.json,Fap__01cfdec15d25f9cd19397c0709e49162.mkv,,False,False,blocked because MP4 replacement missing,mp4 missing
/mnt/spirit-8tb/media/yes/.face-review/enrollment/enrollment_candidates.json,Fap__1c31400144c5b4a8cb977202cfb8121c.mkv,,False,False,blocked because MP4 replacement missing,mp4 missing
/mnt/spirit-8tb/media/yes/.face-review/enrollment/enrollment_candidates.json,Fap__1c31400144c5b4a8cb977202cfb8121c.mkv,,False,False,blocked because MP4 replacement missing,mp4 missing
/mnt/spirit-8tb/media/yes/.face-review/enrollment/enrollment_candidates.json,Fap__1c31400144c5b4a8cb977202cfb8121c.mkv,,False,False,blocked because MP4 replacement missing,mp4 missing
/mnt/spirit-8tb/media/yes/.face-review/enrollment/enrollment_candidates.json,Fap__1c31400144c5b4a8cb977202cfb8121c.mkv,,False,False,blocked because MP4 replacement missing,mp4 missing
/mnt/spirit-8tb/media/yes/.face-review/enrollment/enrollment_candidates.json,Fap__1c31400144c5b4a8cb977202cfb8121c.mkv,,False,False,blocked because MP4 replacement missing,mp4 missing
/mnt/spirit-8tb/media/yes/.face-review/enrollment/enrollment_candidates.json,Fap__5e5eb028f60361971febc5850e5c000c.mkv,,False,False,blocked because MP4 replacement missing,mp4 missing
/mnt/spirit-8tb/media/yes/.face-review/enrollment/enrollment_candidates.json,Fap__5e5eb028f60361971febc5850e5c000c.mkv,,False,False,blocked because MP4 replacement missing,mp4 missing
/mnt/spirit-8tb/media/yes/.face-review/enrollment/enrollment_candidates.json,Fap__5e5eb028f60361971febc5850e5c000c.mkv,,False,False,blocked because MP4 replacement missing,mp4 missing
/mnt/spirit-8tb/media/yes/.face-review/enrollment/enrollment_candidates.json,Fap__5e5eb028f60361971febc5850e5c000c.mkv,,False,False,blocked because MP4 replacement missing,mp4 missing
/mnt/spirit-8tb/media/yes/.face-review/enrollment/enrollment_candidates.json,Fap__5e5eb028f60361971febc5850e5c000c.mkv,,False,False,blocked because MP4 replacement missing,mp4 missing
/mnt/spirit-8tb/media/yes/.face-review/enrollment/enrollment_candidates.json,Fap__01cfdec15d25f9cd19397c0709e49162.mkv,,False,False,blocked because MP4 replacement missing,mp4 missing
/mnt/spirit-8tb/media/yes/.face-review/enrollment/enrollment_candidates.json,Fap__1c31400144c5b4a8cb977202cfb8121c.mkv,,False,False,blocked because MP4 replacement missing,mp4 missing
/mnt/spirit-8tb/media/yes/.face-review/enrollment/enrollment_candidates.json,Fap__5e5eb028f60361971febc5850e5c000c.mkv,,False,False,blocked because MP4 replacement missing,mp4 missing
/mnt/spirit-8tb/media/yes/.face-review/enrollment/enrollment_candidates.json,/mnt/spirit-8tb/media/yes/550807_720p.mkv,/mnt/spirit-8tb/media/yes/550807_720p.mp4,True,True,safe exact path migration,
/mnt/spirit-8tb/media/yes/.face-review/enrollment/enrollment_candidates.json,/DATA/yes/models/ruth-lee/362027_720p.mkv,/DATA/yes/models/ruth-lee/362027_720p.mp4,True,True,safe exact path migration,
/mnt/spirit-8tb/media/yes/.face-review/enrollment/enrollment_candidates.json,/DATA/yes/models/ruth-lee/362027_720p.mkv,/DATA/yes/models/ruth-lee/362027_720p.mp4,True,True,safe exact path migration,
/mnt/spirit-8tb/media/yes/.face-review/enrollment/enrollment_candidates.json,/DATA/yes/models/ruth-lee/362027_720p.mkv,/DATA/yes/models/ruth-lee/362027_720p.mp4,True,True,safe exact path migration,
/mnt/spirit-8tb/media/yes/.face-review/enrollment/enrollment_candidates.json,/DATA/yes/models/ruth-lee/362027_720p.mkv,/DATA/yes/models/ruth-lee/362027_720p.mp4,True,True,safe exact path migration,
/mnt/spirit-8tb/media/yes/.face-review/enrollment/enrollment_candidates.json,/DATA/yes/models/ruth-lee/362027_720p.mkv,/DATA/yes/models/ruth-lee/362027_720p.mp4,True,True,safe exact path migration,
/mnt/spirit-8tb/media/yes/.face-review/enrollment/enrollment_candidates.json,/DATA/yes/models/ruth-lee/362027_720p.mkv,/DATA/yes/models/ruth-lee/362027_720p.mp4,True,True,safe exact path migration,
/mnt/spirit-8tb/media/yes/.face-review/enrollment/enrollment_candidates.json,/DATA/yes/models/ruth-lee/362027_720p.mkv,/DATA/yes/models/ruth-lee/362027_720p.mp4,True,True,safe exact path migration,
/mnt/spirit-8tb/media/yes/.face-review/enrollment/enrollment_candidates.json,/DATA/yes/models/ruth-lee/362027_720p.mkv,/DATA/yes/models/ruth-lee/362027_720p.mp4,True,True,safe exact path migration,
/mnt/spirit-8tb/media/yes/.face-review/enrollment/enrollment_candidates.json,/DATA/yes/models/ruth-lee/362027_720p.mkv,/DATA/yes/models/ruth-lee/362027_720p.mp4,True,True,safe exact path migration,
/mnt/spirit-8tb/media/yes/.face-review/enrollment/enrollment_candidates.json,/DATA/yes/models/ruth-lee/362027_720p.mkv,/DATA/yes/models/ruth-lee/362027_720p.mp4,True,True,safe exact path migration,
/mnt/spirit-8tb/media/yes/.face-review/enrollment/enrollment_candidates.json,/DATA/yes/models/ruth-lee/362027_720p.mkv,/DATA/yes/models/ruth-lee/362027_720p.mp4,True,True,safe exact path migration,
/mnt/spirit-8tb/media/yes/.face-review/enrollment/enrollment_candidates.json,/DATA/yes/models/ruth-lee/362027_720p.mkv,/DATA/yes/models/ruth-lee/362027_720p.mp4,True,True,safe exact path migration,
/mnt/spirit-8tb/media/yes/.face-review/enrollment/enrollment_candidates.json,/DATA/yes/models/ruth-lee/362027_720p.mkv,/DATA/yes/models/ruth-lee/362027_720p.mp4,True,True,safe exact path migration,
/mnt/spirit-8tb/media/yes/.face-review/enrollment/enrollment_candidates.json,/DATA/yes/models/ruth-lee/362027_720p.mkv,/DATA/yes/models/ruth-lee/362027_720p.mp4,True,True,safe exact path migration,
/mnt/spirit-8tb/media/yes/.face-review/enrollment/enrollment_candidates.json,/DATA/yes/models/ruth-lee/362027_720p.mkv,/DATA/yes/models/ruth-lee/362027_720p.mp4,True,True,safe exact path migration,
/mnt/spirit-8tb/media/yes/.face-review/enrollment/enrollment_candidates.json,/DATA/yes/models/ruth-lee/362027_720p.mkv,/DATA/yes/models/ruth-lee/362027_720p.mp4,True,True,safe exact path migration,
/mnt/spirit-8tb/media/yes/.face-review/enrollment/enrollment_candidates.json,/DATA/yes/models/ruth-lee/362027_720p.mkv,/DATA/yes/models/ruth-lee/362027_720p.mp4,True,True,safe exact path migration,
/mnt/spirit-8tb/media/yes/.face-review/enrollment/enrollment_candidates.json,/DATA/yes/432038_720p.mkv.face-meta.json,/DATA/yes/432038_720p.mp4.face-meta.json,True,True,safe exact path migration,
/mnt/spirit-8tb/media/yes/.face-review/enrollment/enrollment_candidates.json,/DATA/yes/432038_720p.mkv.face-meta.json,/DATA/yes/432038_720p.mp4.face-meta.json,True,True,safe exact path migration,
/mnt/spirit-8tb/media/yes/.face-review/enrollment/enrollment_candidates.json,/DATA/yes/484374_720p.mkv.face-meta.json,/DATA/yes/484374_720p.mp4.face-meta.json,True,True,safe exact path migration,
/mnt/spirit-8tb/media/yes/.face-review/enrollment/enrollment_candidates.json,/DATA/yes/484374_720p.mkv.face-meta.json,/DATA/yes/484374_720p.mp4.face-meta.json,True,True,safe exact path migration,
/mnt/spirit-8tb/media/yes/.face-review/enrollment/enrollment_candidates.json,/DATA/yes/models/bearuby/398761_720p.mkv,/DATA/yes/models/bearuby/398761_720p.mp4,True,True,safe exact path migration,
/mnt/spirit-8tb/media/yes/.face-review/enrollment/enrollment_candidates.json,/DATA/yes/models/bearuby/398761_720p.mkv,/DATA/yes/models/bearuby/398761_720p.mp4,True,True,safe exact path migration,
/mnt/spirit-8tb/media/yes/.face-review/enrollment/enrollment_candidates.json,/DATA/yes/models/bearuby/398761_720p.mkv,/DATA/yes/models/bearuby/398761_720p.mp4,True,True,safe exact path migration,
/mnt/spirit-8tb/media/yes/.face-review/enrollment/enrollment_candidates.json,/DATA/yes/models/bearuby/398761_720p.mkv,/DATA/yes/models/bearuby/398761_720p.mp4,True,True,safe exact path migration,
/mnt/spirit-8tb/media/yes/.face-review/enrollment/enrollment_candidates.json,/DATA/yes/models/bearuby/400317_720p.mkv,/DATA/yes/models/bearuby/400317_720p.mp4,True,True,safe exact path migration,
/mnt/spirit-8tb/media/yes/.face-review/enrollment/enrollment_candidates.json,/DATA/yes/models/bearuby/400317_720p.mkv,/DATA/yes/models/bearuby/400317_720p.mp4,True,True,safe exact path migration,
/mnt/spirit-8tb/media/yes/.face-review/enrollment/enrollment_candidates.json,/DATA/yes/models/bearuby/400317_720p.mkv,/DATA/yes/models/bearuby/400317_720p.mp4,True,True,safe exact path migration,
/mnt/spirit-8tb/media/yes/.face-review/enrollment/enrollment_candidates.json,/DATA/yes/models/bearuby/400317_720p.mkv,/DATA/yes/models/bearuby/400317_720p.mp4,True,True,safe exact path migration,
/mnt/spirit-8tb/media/yes/.face-review/enrollment/enrollment_candidates.json,/DATA/yes/models/bearuby/400317_720p.mkv,/DATA/yes/models/bearuby/400317_720p.mp4,True,True,safe exact path migration,
/mnt/spirit-8tb/media/yes/.face-review/enrollment/enrollment_candidates.json,/DATA/yes/models/bearuby/400317_720p.mkv,/DATA/yes/models/bearuby/400317_720p.mp4,True,True,safe exact path migration,
/mnt/spirit-8tb/media/yes/.face-review/enrollment/enrollment_candidates.json,/DATA/yes/models/bearuby/442610_720p.mkv,/DATA/yes/models/bearuby/442610_720p.mp4,True,True,safe exact path migration,
/mnt/spirit-8tb/media/yes/.face-review/enrollment/enrollment_candidates.json,/DATA/yes/models/bearuby/442610_720p.mkv,/DATA/yes/models/bearuby/442610_720p.mp4,True,True,safe exact path migration,
/mnt/spirit-8tb/media/yes/.face-review/enrollment/enrollment_candidates.json,/DATA/yes/models/bearuby/398761_720p.mkv,/DATA/yes/models/bearuby/398761_720p.mp4,True,True,safe exact path migration,
/mnt/spirit-8tb/media/yes/.face-review/enrollment/enrollment_candidates.json,/DATA/yes/models/bearuby/400317_720p.mkv,/DATA/yes/models/bearuby/400317_720p.mp4,True,True,safe exact path migration,
/mnt/spirit-8tb/media/yes/.face-review/enrollment/enrollment_candidates.json,/DATA/yes/models/bearuby/442610_720p.mkv,/DATA/yes/models/bearuby/442610_720p.mp4,True,True,safe exact path migration,
/mnt/spirit-8tb/media/yes/.face-review/enrollment/enrollment_candidates.json,/DATA/yes/models/bearuby/400317_720p.mkv,/DATA/yes/models/bearuby/400317_720p.mp4,True,True,safe exact path migration,
/mnt/spirit-8tb/media/yes/.face-review/enrollment/enrollment_candidates.json,/DATA/yes/models/bearuby/442610_720p.mkv,/DATA/yes/models/bearuby/442610_720p.mp4,True,True,safe exact path migration,
/mnt/spirit-8tb/media/yes/.face-review/enrollment/enrollment_candidates.json,/DATA/yes/models/bearuby/400317_720p.mkv,/DATA/yes/models/bearuby/400317_720p.mp4,True,True,safe exact path migration,
/mnt/spirit-8tb/media/yes/.face-review/enrollment/enrollment_candidates.json,/DATA/yes/models/bearuby/442610_720p.mkv,/DATA/yes/models/bearuby/442610_720p.mp4,True,True,safe exact path migration,
/mnt/spirit-8tb/media/yes/.face-review/enrollment/enrollment_candidates.json,/DATA/yes/models/bearuby/442610_720p.mkv,/DATA/yes/models/bearuby/442610_720p.mp4,True,True,safe exact path migration,
/mnt/spirit-8tb/media/yes/.face-review/enrollment/enrollment_candidates.json,/DATA/yes/models/bearuby/398761_720p.mkv,/DATA/yes/models/bearuby/398761_720p.mp4,True,True,safe exact path migration,
/mnt/spirit-8tb/media/yes/.face-review/enrollment/enrollment_candidates.json,/DATA/yes/models/bearuby/398761_720p.mkv,/DATA/yes/models/bearuby/398761_720p.mp4,True,True,safe exact path migration,
/mnt/spirit-8tb/media/yes/.face-review/enrollment/enrollment_candidates.json,/DATA/yes/models/bearuby/398761_720p.mkv,/DATA/yes/models/bearuby/398761_720p.mp4,True,True,safe exact path migration,
/mnt/spirit-8tb/media/yes/.face-review/enrollment/enrollment_candidates.json,/DATA/yes/models/bearuby/398761_720p.mkv,/DATA/yes/models/bearuby/398761_720p.mp4,True,True,safe exact path migration,
/mnt/spirit-8tb/media/yes/.face-review/enrollment/enrollment_candidates.json,/DATA/yes/models/bearuby/398761_720p.mkv,/DATA/yes/models/bearuby/398761_720p.mp4,True,True,safe exact path migration,
/mnt/spirit-8tb/media/yes/.face-review/enrollment/enrollment_candidates.json,/DATA/yes/models/bearuby/400317_720p.mkv,/DATA/yes/models/bearuby/400317_720p.mp4,True,True,safe exact path migration,
/mnt/spirit-8tb/media/yes/.face-review/enrollment/enrollment_candidates.json,/DATA/yes/models/bearuby/400317_720p.mkv,/DATA/yes/models/bearuby/400317_720p.mp4,True,True,safe exact path migration,
/mnt/spirit-8tb/media/yes/.face-review/enrollment/enrollment_candidates.json,/DATA/yes/models/bearuby/400317_720p.mkv,/DATA/yes/models/bearuby/400317_720p.mp4,True,True,safe exact path migration,
/mnt/spirit-8tb/media/yes/.face-review/enrollment/enrollment_candidates.json,/DATA/yes/models/bearuby/400317_720p.mkv,/DATA/yes/models/bearuby/400317_720p.mp4,True,True,safe exact path migration,
/mnt/spirit-8tb/media/yes/.face-review/enrollment/enrollment_candidates.json,/DATA/yes/models/bearuby/400317_720p.mkv,/DATA/yes/models/bearuby/400317_720p.mp4,True,True,safe exact path migration,
/mnt/spirit-8tb/media/yes/.face-review/enrollment/enrollment_candidates.json,/DATA/yes/models/bearuby/442610_720p.mkv,/DATA/yes/models/bearuby/442610_720p.mp4,True,True,safe exact path migration,
/mnt/spirit-8tb/media/yes/.face-review/enrollment/enrollment_candidates.json,/DATA/yes/models/bearuby/442610_720p.mkv,/DATA/yes/models/bearuby/442610_720p.mp4,True,True,safe exact path migration,
/mnt/spirit-8tb/media/yes/.face-review/enrollment/enrollment_candidates.json,/DATA/yes/models/bearuby/442610_720p.mkv,/DATA/yes/models/bearuby/442610_720p.mp4,True,True,safe exact path migration,
/mnt/spirit-8tb/media/yes/.face-review/enrollment/enrollment_candidates.json,/DATA/yes/models/bearuby/442610_720p.mkv,/DATA/yes/models/bearuby/442610_720p.mp4,True,True,safe exact path migration,
/mnt/spirit-8tb/media/yes/.face-review/enrollment/enrollment_candidates.json,/DATA/yes/models/bearuby/442610_720p.mkv,/DATA/yes/models/bearuby/442610_720p.mp4,True,True,safe exact path migration,
/mnt/spirit-8tb/media/yes/.face-review/enrollment/enrollment_candidates.json,/DATA/yes/models/bearuby/398761_720p.mkv,/DATA/yes/models/bearuby/398761_720p.mp4,True,True,safe exact path migration,
/mnt/spirit-8tb/media/yes/.face-review/enrollment/enrollment_candidates.json,/DATA/yes/models/bearuby/400317_720p.mkv,/DATA/yes/models/bearuby/400317_720p.mp4,True,True,safe exact path migration,
/mnt/spirit-8tb/media/yes/.face-review/enrollment/enrollment_candidates.json,/DATA/yes/models/bearuby/442610_720p.mkv,/DATA/yes/models/bearuby/442610_720p.mp4,True,True,safe exact path migration,
/mnt/spirit-8tb/media/yes/.face-review/enrollment/enrollment_candidates.json,/DATA/yes/models/bearuby/398761_720p.mkv,/DATA/yes/models/bearuby/398761_720p.mp4,True,True,safe exact path migration,
/mnt/spirit-8tb/media/yes/.face-review/enrollment/enrollment_candidates.json,/DATA/yes/models/bearuby/400317_720p.mkv,/DATA/yes/models/bearuby/400317_720p.mp4,True,True,safe exact path migration,
/mnt/spirit-8tb/media/yes/.face-review/enrollment/enrollment_candidates.json,/DATA/yes/models/bearuby/442610_720p.mkv,/DATA/yes/models/bearuby/442610_720p.mp4,True,True,safe exact path migration,
/mnt/spirit-8tb/media/yes/.face-review/enrollment/enrollment_candidates.json,/DATA/yes/models/chloe-lamb/vid_480p.mkv,/DATA/yes/models/chloe-lamb/vid_480p.mp4,True,True,safe exact path migration,
/mnt/spirit-8tb/media/yes/.face-review/enrollment/enrollment_candidates.json,/DATA/yes/models/chloe-lamb/vid_480p.mkv,/DATA/yes/models/chloe-lamb/vid_480p.mp4,True,True,safe exact path migration,
/mnt/spirit-8tb/media/yes/.face-review/enrollment/enrollment_candidates.json,/DATA/yes/models/chloe-lamb/vid_480p.mkv,/DATA/yes/models/chloe-lamb/vid_480p.mp4,True,True,safe exact path migration,
/mnt/spirit-8tb/media/yes/.face-review/enrollment/enrollment_candidates.json,/DATA/yes/models/jazmen-jafar/107774.mkv,/DATA/yes/models/jazmen-jafar/107774.mp4,True,True,safe exact path migration,
/mnt/spirit-8tb/media/yes/.face-review/enrollment/enrollment_candidates.json,/DATA/yes/models/jazmen-jafar/107774.mkv,/DATA/yes/models/jazmen-jafar/107774.mp4,True,True,safe exact path migration,
/mnt/spirit-8tb/media/yes/.face-review/enrollment/enrollment_candidates.json,/DATA/yes/models/jazmen-jafar/107774.mkv,/DATA/yes/models/jazmen-jafar/107774.mp4,True,True,safe exact path migration,
/mnt/spirit-8tb/media/yes/.face-review/enrollment/enrollment_candidates.json,/DATA/yes/models/jazmen-jafar/107774.mkv,/DATA/yes/models/jazmen-jafar/107774.mp4,True,True,safe exact path migration,
/mnt/spirit-8tb/media/yes/.face-review/enrollment/enrollment_candidates.json,/DATA/yes/models/jazmen-jafar/107774.mkv,/DATA/yes/models/jazmen-jafar/107774.mp4,True,True,safe exact path migration,
/mnt/spirit-8tb/media/yes/.face-review/enrollment/enrollment_candidates.json,/DATA/yes/models/jazmen-jafar/107774.mkv,/DATA/yes/models/jazmen-jafar/107774.mp4,True,True,safe exact path migration,
/mnt/spirit-8tb/media/yes/.face-review/enrollment/enrollment_candidates.json,/DATA/yes/models/jazmen-jafar/107774.mkv,/DATA/yes/models/jazmen-jafar/107774.mp4,True,True,safe exact path migration,
/mnt/spirit-8tb/media/yes/.face-review/enrollment/enrollment_candidates.json,/DATA/yes/models/jazmen-jafar/107774.mkv,/DATA/yes/models/jazmen-jafar/107774.mp4,True,True,safe exact path migration,
/mnt/spirit-8tb/media/yes/.face-review/enrollment/enrollment_candidates.json,/DATA/yes/models/jazmen-jafar/107774.mkv,/DATA/yes/models/jazmen-jafar/107774.mp4,True,True,safe exact path migration,
/mnt/spirit-8tb/media/yes/.face-review/enrollment/enrollment_candidates.json,/DATA/yes/models/jazmen-jafar/107774.mkv,/DATA/yes/models/jazmen-jafar/107774.mp4,True,True,safe exact path migration,
/mnt/spirit-8tb/media/yes/.face-review/enrollment/enrollment_candidates.json,/DATA/yes/models/jazmen-jafar/107774.mkv,/DATA/yes/models/jazmen-jafar/107774.mp4,True,True,safe exact path migration,
/mnt/spirit-8tb/media/yes/.face-review/enrollment/enrollment_candidates.json,/DATA/yes/models/jazmen-jafar/107774.mkv,/DATA/yes/models/jazmen-jafar/107774.mp4,True,True,safe exact path migration,
/mnt/spirit-8tb/media/yes/.face-review/enrollment/enrollment_candidates.json,/DATA/yes/models/jazmen-jafar/107774.mkv,/DATA/yes/models/jazmen-jafar/107774.mp4,True,True,safe exact path migration,
/mnt/spirit-8tb/media/yes/.face-review/enrollment/enrollment_candidates.json,/DATA/yes/models/jazmen-jafar/107774.mkv,/DATA/yes/models/jazmen-jafar/107774.mp4,True,True,safe exact path migration,
/mnt/spirit-8tb/media/yes/.face-review/enrollment/enrollment_candidates.json,/DATA/yes/models/maditay/207601_720p.mkv,/DATA/yes/models/maditay/207601_720p.mp4,True,True,safe exact path migration,
/mnt/spirit-8tb/media/yes/.face-review/enrollment/enrollment_candidates.json,/DATA/yes/models/maditay/207601_720p.mkv,/DATA/yes/models/maditay/207601_720p.mp4,True,True,safe exact path migration,
/mnt/spirit-8tb/media/yes/.face-review/enrollment/enrollment_candidates.json,/DATA/yes/models/maditay/207601_720p.mkv,/DATA/yes/models/maditay/207601_720p.mp4,True,True,safe exact path migration,
/mnt/spirit-8tb/media/yes/.face-review/enrollment/enrollment_candidates.json,/DATA/yes/models/maditay/207601_720p.mkv,/DATA/yes/models/maditay/207601_720p.mp4,True,True,safe exact path migration,
/mnt/spirit-8tb/media/yes/.face-review/enrollment/enrollment_candidates.json,/DATA/yes/models/maditay/207601_720p.mkv,/DATA/yes/models/maditay/207601_720p.mp4,True,True,safe exact path migration,
/mnt/spirit-8tb/media/yes/.face-review/enrollment/enrollment_candidates.json,/DATA/yes/models/maditay/207601_720p.mkv,/DATA/yes/models/maditay/207601_720p.mp4,True,True,safe exact path migration,
/mnt/spirit-8tb/media/yes/.face-review/enrollment/enrollment_candidates.json,/DATA/yes/models/maditay/207601_720p.mkv,/DATA/yes/models/maditay/207601_720p.mp4,True,True,safe exact path migration,
/mnt/spirit-8tb/media/yes/.face-review/enrollment/enrollment_candidates.json,/DATA/yes/models/maditay/207601_720p.mkv,/DATA/yes/models/maditay/207601_720p.mp4,True,True,safe exact path migration,
/mnt/spirit-8tb/media/yes/.face-review/enrollment/enrollment_candidates.json,/DATA/yes/models/maditay/207601_720p.mkv,/DATA/yes/models/maditay/207601_720p.mp4,True,True,safe exact path migration,
/mnt/spirit-8tb/media/yes/.face-review/enrollment/enrollment_candidates.json,/DATA/yes/models/maditay/207601_720p.mkv,/DATA/yes/models/maditay/207601_720p.mp4,True,True,safe exact path migration,
/mnt/spirit-8tb/media/yes/.face-review/enrollment/enrollment_candidates.json,/DATA/yes/models/maditay/207601_720p.mkv,/DATA/yes/models/maditay/207601_720p.mp4,True,True,safe exact path migration,
/mnt/spirit-8tb/media/yes/.face-review/enrollment/enrollment_candidates.json,/DATA/yes/models/maditay/207601_720p.mkv,/DATA/yes/models/maditay/207601_720p.mp4,True,True,safe exact path migration,
/mnt/spirit-8tb/media/yes/.face-review/enrollment/enrollment_candidates.json,/DATA/yes/models/maditay/207601_720p.mkv,/DATA/yes/models/maditay/207601_720p.mp4,True,True,safe exact path migration,
/mnt/spirit-8tb/media/yes/.face-review/enrollment/enrollment_candidates.json,/DATA/yes/models/maditay/207601_720p.mkv,/DATA/yes/models/maditay/207601_720p.mp4,True,True,safe exact path migration,
/mnt/spirit-8tb/media/yes/.face-review/enrollment/enrollment_candidates.json,/DATA/yes/models/maditay/207601_720p.mkv,/DATA/yes/models/maditay/207601_720p.mp4,True,True,safe exact path migration,
/mnt/spirit-8tb/media/yes/.face-review/enrollment/enrollment_candidates.json,/DATA/yes/models/maditay/207601_720p.mkv,/DATA/yes/models/maditay/207601_720p.mp4,True,True,safe exact path migration,
/mnt/spirit-8tb/media/yes/.face-review/enrollment/enrollment_candidates.json,/DATA/yes/models/maditay/207601_720p.mkv,/DATA/yes/models/maditay/207601_720p.mp4,True,True,safe exact path migration,
/mnt/spirit-8tb/media/yes/.face-review/enrollment/enrollment_candidates.json,/DATA/yes/models/maditay/207601_720p.mkv,/DATA/yes/models/maditay/207601_720p.mp4,True,True,safe exact path migration,
/mnt/spirit-8tb/media/yes/.face-review/enrollment/enrollment_candidates.json,/DATA/yes/models/maditay/207601_720p.mkv,/DATA/yes/models/maditay/207601_720p.mp4,True,True,safe exact path migration,
/mnt/spirit-8tb/media/yes/.face-review/enrollment/enrollment_candidates.json,/DATA/yes/models/maditay/207601_720p.mkv,/DATA/yes/models/maditay/207601_720p.mp4,True,True,safe exact path migration,
/mnt/spirit-8tb/media/yes/.face-review/enrollment/enrollment_candidates.json,/DATA/yes/models/maditay/207601_720p.mkv,/DATA/yes/models/maditay/207601_720p.mp4,True,True,safe exact path migration,
/mnt/spirit-8tb/media/yes/.face-review/enrollment/enrollment_candidates.json,/DATA/yes/models/maditay/207601_720p.mkv,/DATA/yes/models/maditay/207601_720p.mp4,True,True,safe exact path migration,
/mnt/spirit-8tb/media/yes/.face-review/enrollment/enrollment_candidates.json,/DATA/yes/models/maditay/207601_720p.mkv,/DATA/yes/models/maditay/207601_720p.mp4,True,True,safe exact path migration,
/mnt/spirit-8tb/media/yes/.face-review/enrollment/enrollment_candidates.json,/DATA/yes/models/maditay/207601_720p.mkv,/DATA/yes/models/maditay/207601_720p.mp4,True,True,safe exact path migration,
/mnt/spirit-8tb/media/yes/.face-review/enrollment/enrollment_candidates.json,/DATA/yes/models/maditay/207601_720p.mkv,/DATA/yes/models/maditay/207601_720p.mp4,True,True,safe exact path migration,
/mnt/spirit-8tb/media/yes/.face-review/enrollment/enrollment_candidates.json,/DATA/yes/models/maditay/207601_720p.mkv,/DATA/yes/models/maditay/207601_720p.mp4,True,True,safe exact path migration,
/mnt/spirit-8tb/media/yes/.face-review/enrollment/enrollment_candidates.json,/DATA/yes/models/maditay/207601_720p.mkv,/DATA/yes/models/maditay/207601_720p.mp4,True,True,safe exact path migration,
/mnt/spirit-8tb/media/yes/.face-review/enrollment/enrollment_candidates.json,/DATA/yes/models/maditay/207601_720p.mkv,/DATA/yes/models/maditay/207601_720p.mp4,True,True,safe exact path migration,
/mnt/spirit-8tb/media/yes/.face-review/enrollment/enrollment_candidates.json,/DATA/yes/models/maditay/207601_720p.mkv,/DATA/yes/models/maditay/207601_720p.mp4,True,True,safe exact path migration,
/mnt/spirit-8tb/media/yes/.face-review/enrollment/enrollment_candidates.json,/DATA/yes/513329_720p.mkv.face-meta.json,/DATA/yes/513329_720p.mp4.face-meta.json,True,True,safe exact path migration,
/mnt/spirit-8tb/media/yes/.face-review/enrollment/enrollment_candidates.json,/DATA/yes/513329_720p.mkv.face-meta.json,/DATA/yes/513329_720p.mp4.face-meta.json,True,True,safe exact path migration,
/mnt/spirit-8tb/media/yes/.face-review/enrollment/enrollment_candidates.json,/DATA/yes/models/yummy-couple/Ayucpl.mkv,/DATA/yes/models/yummy-couple/Ayucpl.mp4,True,True,safe exact path migration,
/mnt/spirit-8tb/media/yes/.face-review/enrollment/enrollment_candidates.json,/DATA/yes/models/whoahannahjo/43619.mkv,/DATA/yes/models/whoahannahjo/43619.mp4,True,True,safe exact path migration,
/mnt/spirit-8tb/media/yes/.face-review/enrollment/enrollment_candidates.json,/DATA/yes/models/whoahannahjo/43619.mkv,/DATA/yes/models/whoahannahjo/43619.mp4,True,True,safe exact path migration,
/mnt/spirit-8tb/media/yes/.face-review/enrollment/enrollment_candidates.json,/DATA/yes/models/whoahannahjo/43619.mkv,/DATA/yes/models/whoahannahjo/43619.mp4,True,True,safe exact path migration,
/mnt/spirit-8tb/media/yes/.face-review/enrollment/enrollment_candidates.json,/DATA/yes/models/whoahannahjo/43619.mkv,/DATA/yes/models/whoahannahjo/43619.mp4,True,True,safe exact path migration,
/mnt/spirit-8tb/media/yes/.face-review/enrollment/enrollment_candidates.json,/DATA/yes/models/whoahannahjo/43619.mkv,/DATA/yes/models/whoahannahjo/43619.mp4,True,True,safe exact path migration,
/mnt/spirit-8tb/media/yes/.face-review/enrollment/enrollment_candidates.json,/DATA/yes/models/whoahannahjo/43619.mkv,/DATA/yes/models/whoahannahjo/43619.mp4,True,True,safe exact path migration,
/mnt/spirit-8tb/media/yes/.face-review/enrollment/enrollment_candidates.json,/DATA/yes/models/whoahannahjo/43619.mkv,/DATA/yes/models/whoahannahjo/43619.mp4,True,True,safe exact path migration,
/mnt/spirit-8tb/media/yes/.face-review/enrollment/enrollment_candidates.json,/DATA/yes/models/whoahannahjo/43619.mkv,/DATA/yes/models/whoahannahjo/43619.mp4,True,True,safe exact path migration,
/mnt/spirit-8tb/media/yes/.face-review/enrollment/enrollment_candidates.json,/DATA/yes/models/whoahannahjo/43619.mkv,/DATA/yes/models/whoahannahjo/43619.mp4,True,True,safe exact path migration,
/mnt/spirit-8tb/media/yes/.face-review/enrollment/enrollment_candidates.json,/DATA/yes/models/whoahannahjo/43619.mkv,/DATA/yes/models/whoahannahjo/43619.mp4,True,True,safe exact path migration,
/mnt/spirit-8tb/media/yes/.face-review/enrollment/enrollment_candidates.json,/DATA/yes/models/whoahannahjo/43619.mkv,/DATA/yes/models/whoahannahjo/43619.mp4,True,True,safe exact path migration,
/mnt/spirit-8tb/media/yes/.face-review/enrollment/enrollment_candidates.json,/DATA/yes/models/whoahannahjo/43619.mkv,/DATA/yes/models/whoahannahjo/43619.mp4,True,True,safe exact path migration,
/mnt/spirit-8tb/media/yes/.face-review/enrollment/enrollment_candidates.json,/DATA/yes/models/whoahannahjo/43619.mkv,/DATA/yes/models/whoahannahjo/43619.mp4,True,True,safe exact path migration,
/mnt/spirit-8tb/media/yes/.face-review/enrollment/enrollment_candidates.json,/DATA/yes/models/cute-geekie/51591.mkv,/DATA/yes/models/cute-geekie/51591.mp4,True,True,safe exact path migration,
/mnt/spirit-8tb/media/yes/.face-review/enrollment/enrollment_candidates.json,/DATA/yes/models/sakhovanski/79568.mkv,/DATA/yes/models/sakhovanski/79568.mp4,True,True,safe exact path migration,
/mnt/spirit-8tb/media/yes/.face-review/enrollment/enrollment_candidates.json,/DATA/yes/models/kinkykttn/444464.mkv,/DATA/yes/models/kinkykttn/444464.mp4,True,True,safe exact path migration,
/mnt/spirit-8tb/media/yes/.face-review/enrollment/enrollment_candidates.json,/DATA/yes/models/kinkykttn/444474.mkv,/DATA/yes/models/kinkykttn/444474.mp4,True,True,safe exact path migration,
/mnt/spirit-8tb/media/yes/.face-review/enrollment/enrollment_candidates.json,/DATA/yes/14318872.mkv.face-meta.json,/DATA/yes/14318872.mp4.face-meta.json,True,True,safe exact path migration,
/mnt/spirit-8tb/media/yes/.face-review/enrollment/enrollment_candidates.json,/DATA/yes/models/mulai/99022_720p.mkv,/DATA/yes/models/mulai/99022_720p.mp4,True,True,safe exact path migration,
/mnt/spirit-8tb/media/yes/.face-review/enrollment/enrollment_candidates.json,b072fcb9f821c935f46a4ed67477a041.mkv,,False,False,blocked because MP4 replacement missing,mp4 missing
/mnt/spirit-8tb/media/yes/.face-review/enrollment/enrollment_candidates.json,b072fcb9f821c935f46a4ed67477a041.mkv,,False,False,blocked because MP4 replacement missing,mp4 missing
/mnt/spirit-8tb/media/yes/.face-review/enrollment/enrollment_candidates.json,b072fcb9f821c935f46a4ed67477a041.mkv,,False,False,blocked because MP4 replacement missing,mp4 missing
/mnt/spirit-8tb/media/yes/.face-review/enrollment/enrollment_candidates.json,b072fcb9f821c935f46a4ed67477a041.mkv,,False,False,blocked because MP4 replacement missing,mp4 missing
/mnt/spirit-8tb/media/yes/.face-review/enrollment/enrollment_candidates.json,b072fcb9f821c935f46a4ed67477a041.mkv,,False,False,blocked because MP4 replacement missing,mp4 missing
/mnt/spirit-8tb/media/yes/.face-review/enrollment/enrollment_candidates.json,/DATA/yes/models/pinkychu/176349.mkv,/DATA/yes/models/pinkychu/176349.mp4,True,True,safe exact path migration,
/mnt/spirit-8tb/media/yes/.face-review/enrollment/enrollment_candidates.json,/DATA/yes/models/pinkychu/176349.mkv,/DATA/yes/models/pinkychu/176349.mp4,True,True,safe exact path migration,
/mnt/spirit-8tb/media/yes/.face-review/enrollment/enrollment_candidates.json,/DATA/yes/models/pinkychu/176349.mkv,/DATA/yes/models/pinkychu/176349.mp4,True,True,safe exact path migration,
/mnt/spirit-8tb/media/yes/.face-review/enrollment/enrollment_candidates.json,/DATA/yes/models/pinkychu/176349.mkv,/DATA/yes/models/pinkychu/176349.mp4,True,True,safe exact path migration,
/mnt/spirit-8tb/media/yes/.face-review/enrollment/enrollment_candidates.json,/DATA/yes/models/pinkychu/176349.mkv,/DATA/yes/models/pinkychu/176349.mp4,True,True,safe exact path migration,
/mnt/spirit-8tb/media/yes/.face-review/enrollment/enrollment_candidates.json,/DATA/yes/models/pinkychu/176349.mkv,/DATA/yes/models/pinkychu/176349.mp4,True,True,safe exact path migration,
/mnt/spirit-8tb/media/yes/.face-review/enrollment/enrollment_candidates.json,/DATA/yes/models/pinkychu/176349.mkv,/DATA/yes/models/pinkychu/176349.mp4,True,True,safe exact path migration,
/mnt/spirit-8tb/media/yes/.face-review/enrollment/enrollment_candidates.json,/DATA/yes/models/pinkychu/176349.mkv,/DATA/yes/models/pinkychu/176349.mp4,True,True,safe exact path migration,
/mnt/spirit-8tb/media/yes/.face-review/enrollment/enrollment_candidates.json,/DATA/yes/models/pinkychu/176349.mkv,/DATA/yes/models/pinkychu/176349.mp4,True,True,safe exact path migration,
/mnt/spirit-8tb/media/yes/.face-review/enrollment/enrollment_candidates.json,/DATA/yes/models/pinkychu/176349.mkv,/DATA/yes/models/pinkychu/176349.mp4,True,True,safe exact path migration,
/mnt/spirit-8tb/media/yes/.face-review/enrollment/enrollment_candidates.json,/DATA/yes/models/pinkychu/176349.mkv,/DATA/yes/models/pinkychu/176349.mp4,True,True,safe exact path migration,
/mnt/spirit-8tb/media/yes/.face-review/enrollment/enrollment_candidates.json,/DATA/yes/models/pinkychu/176349.mkv,/DATA/yes/models/pinkychu/176349.mp4,True,True,safe exact path migration,
/mnt/spirit-8tb/media/yes/.face-review/enrollment/enrollment_candidates.json,/DATA/yes/models/pinkychu/176349.mkv,/DATA/yes/models/pinkychu/176349.mp4,True,True,safe exact path migration,
/mnt/spirit-8tb/media/yes/.face-review/enrollment/enrollment_candidates.json,/DATA/yes/models/pinkychu/176349.mkv,/DATA/yes/models/pinkychu/176349.mp4,True,True,safe exact path migration,
/mnt/spirit-8tb/media/yes/.face-review/enrollment/enrollment_candidates.json,/DATA/yes/models/pinkychu/176349.mkv,/DATA/yes/models/pinkychu/176349.mp4,True,True,safe exact path migration,
/mnt/spirit-8tb/media/yes/.face-review/enrollment/enrollment_candidates.json,/DATA/yes/models/pinkychu/176349.mkv,/DATA/yes/models/pinkychu/176349.mp4,True,True,safe exact path migration,
/mnt/spirit-8tb/media/yes/.face-review/enrollment/enrollment_candidates.json,/DATA/yes/models/pinkychu/176349.mkv,/DATA/yes/models/pinkychu/176349.mp4,True,True,safe exact path migration,
/mnt/spirit-8tb/media/yes/.face-review/enrollment/enrollment_candidates.json,/DATA/yes/models/pinkychu/176349.mkv,/DATA/yes/models/pinkychu/176349.mp4,True,True,safe exact path migration,
/mnt/spirit-8tb/media/yes/.face-review/enrollment/enrollment_candidates.json,/DATA/yes/334120.mkv.face-meta.json,/DATA/yes/334120.mp4.face-meta.json,True,True,safe exact path migration,
/mnt/spirit-8tb/media/yes/.face-review/enrollment/enrollment_candidates.json,/DATA/yes/334120.mkv.face-meta.json,/DATA/yes/334120.mp4.face-meta.json,True,True,safe exact path migration,
/mnt/spirit-8tb/media/yes/.face-review/enrollment/enrollment_candidates.json,/DATA/yes/jvlrc49ddg~7KxkgZMm9j.mkv,/DATA/yes/jvlrc49ddg~7KxkgZMm9j.mp4,True,True,safe exact path migration,
/mnt/spirit-8tb/media/yes/.face-review/enrollment/enrollment_candidates.json,/DATA/yes/models/zoey-uso/2209.mkv,/DATA/yes/models/zoey-uso/2209.mp4,True,True,safe exact path migration,
/mnt/spirit-8tb/media/yes/.face-review/enrollment/enrollment_candidates.json,/DATA/yes/unknown/407017_720p.mkv,/DATA/yes/unknown/407017_720p.mp4,True,True,safe exact path migration,
/mnt/spirit-8tb/media/yes/.face-review/enrollment/enrollment_candidates.json,/DATA/yes/unknown/3888823_hq.mkv,/DATA/yes/unknown/3888823_hq.mp4,True,True,safe exact path migration,
/mnt/spirit-8tb/media/yes/.face-review/enrollment/enrollment_candidates.json,/DATA/yes/unknown/3888823_hq.mkv,/DATA/yes/unknown/3888823_hq.mp4,True,True,safe exact path migration,
/mnt/spirit-8tb/media/yes/.face-review/enrollment/enrollment_candidates.json,/DATA/yes/unknown/3888823_hq.mkv,/DATA/yes/unknown/3888823_hq.mp4,True,True,safe exact path migration,
/mnt/spirit-8tb/media/yes/.face-review/enrollment/enrollment_candidates.json,/DATA/yes/unknown/3888823_hq.mkv,/DATA/yes/unknown/3888823_hq.mp4,True,True,safe exact path migration,
/mnt/spirit-8tb/media/yes/.face-review/enrollment/enrollment_candidates.json,/DATA/yes/unknown/3888823_hq.mkv,/DATA/yes/unknown/3888823_hq.mp4,True,True,safe exact path migration,
/mnt/spirit-8tb/media/yes/.face-review/enrollment/enrollment_candidates.json,/DATA/yes/unknown/3888823_hq.mkv,/DATA/yes/unknown/3888823_hq.mp4,True,True,safe exact path migration,
/mnt/spirit-8tb/media/yes/.face-review/enrollment/enrollment_candidates.json,/DATA/yes/unknown/3888823_hq.mkv,/DATA/yes/unknown/3888823_hq.mp4,True,True,safe exact path migration,
/mnt/spirit-8tb/media/yes/.face-review/enrollment/enrollment_candidates.json,/DATA/yes/unknown/3888823_hq.mkv,/DATA/yes/unknown/3888823_hq.mp4,True,True,safe exact path migration,
/mnt/spirit-8tb/media/yes/.face-review/enrollment/enrollment_candidates.json,/DATA/yes/unknown/3888823_hq.mkv,/DATA/yes/unknown/3888823_hq.mp4,True,True,safe exact path migration,
/mnt/spirit-8tb/media/yes/.face-review/enrollment/enrollment_candidates.json,/DATA/yes/unknown/3888823_hq.mkv,/DATA/yes/unknown/3888823_hq.mp4,True,True,safe exact path migration,
/mnt/spirit-8tb/media/yes/.face-review/enrollment/enrollment_candidates.json,/DATA/yes/unknown/3888823_hq.mkv,/DATA/yes/unknown/3888823_hq.mp4,True,True,safe exact path migration,
/mnt/spirit-8tb/media/yes/.face-review/enrollment/enrollment_candidates.json,/DATA/yes/unknown/3888823_hq.mkv,/DATA/yes/unknown/3888823_hq.mp4,True,True,safe exact path migration,
/mnt/spirit-8tb/media/yes/.face-review/enrollment/enrollment_candidates.json,/DATA/yes/unknown/3888823_hq.mkv,/DATA/yes/unknown/3888823_hq.mp4,True,True,safe exact path migration,
/mnt/spirit-8tb/media/yes/.face-review/enrollment/enrollment_candidates.json,/DATA/yes/unknown/3888823_hq.mkv,/DATA/yes/unknown/3888823_hq.mp4,True,True,safe exact path migration,
/mnt/spirit-8tb/media/yes/.face-review/enrollment/enrollment_candidates.json,/DATA/yes/unknown/3888823_hq.mkv,/DATA/yes/unknown/3888823_hq.mp4,True,True,safe exact path migration,
/mnt/spirit-8tb/media/yes/.face-review/enrollment/enrollment_candidates.json,/DATA/yes/unknown/3888823_hq.mkv,/DATA/yes/unknown/3888823_hq.mp4,True,True,safe exact path migration,
/mnt/spirit-8tb/media/yes/.face-review/enrollment/enrollment_candidates.json,/DATA/yes/unknown/3888823_hq.mkv,/DATA/yes/unknown/3888823_hq.mp4,True,True,safe exact path migration,
/mnt/spirit-8tb/media/yes/.face-review/enrollment/enrollment_candidates.json,/DATA/yes/unknown/3888823_hq.mkv,/DATA/yes/unknown/3888823_hq.mp4,True,True,safe exact path migration,
/mnt/spirit-8tb/media/yes/.face-review/enrollment/enrollment_candidates.json,/DATA/yes/unknown/3888823_hq.mkv,/DATA/yes/unknown/3888823_hq.mp4,True,True,safe exact path migration,
/mnt/spirit-8tb/media/yes/.face-review/enrollment/enrollment_candidates.json,/DATA/yes/unknown/3888823_hq.mkv,/DATA/yes/unknown/3888823_hq.mp4,True,True,safe exact path migration,
/mnt/spirit-8tb/media/yes/.face-review/enrollment/enrollment_candidates.json,/DATA/yes/unknown/3888823_hq.mkv,/DATA/yes/unknown/3888823_hq.mp4,True,True,safe exact path migration,
/mnt/spirit-8tb/media/yes/.face-review/enrollment/enrollment_candidates.json,/DATA/yes/unknown/3888823_hq.mkv,/DATA/yes/unknown/3888823_hq.mp4,True,True,safe exact path migration,
/mnt/spirit-8tb/media/yes/.face-review/enrollment/enrollment_candidates.json,/DATA/yes/unknown/3888823_hq.mkv,/DATA/yes/unknown/3888823_hq.mp4,True,True,safe exact path migration,
/mnt/spirit-8tb/media/yes/.face-review/enrollment/enrollment_candidates.json,/DATA/yes/unknown/3888823_hq.mkv,/DATA/yes/unknown/3888823_hq.mp4,True,True,safe exact path migration,
/mnt/spirit-8tb/media/yes/.face-review/enrollment/enrollment_candidates.json,/DATA/yes/unknown/3888823_hq.mkv,/DATA/yes/unknown/3888823_hq.mp4,True,True,safe exact path migration,
/mnt/spirit-8tb/media/yes/.face-review/enrollment/enrollment_candidates.json,/DATA/yes/unknown/3888823_hq.mkv,/DATA/yes/unknown/3888823_hq.mp4,True,True,safe exact path migration,
/mnt/spirit-8tb/media/yes/.face-review/enrollment/enrollment_candidates.json,/DATA/yes/Devdildo01.mp4.mkv,/DATA/yes/Devdildo01.mp4.mp4,True,True,safe exact path migration,
/mnt/spirit-8tb/media/yes/.face-review/enrollment/enrollment_candidates.json,/DATA/yes/Devdildo01.mp4.mkv,/DATA/yes/Devdildo01.mp4.mp4,True,True,safe exact path migration,
/mnt/spirit-8tb/media/yes/.face-review/enrollment/enrollment_candidates.json,/DATA/yes/Devdildo02.mp4.mkv,/DATA/yes/Devdildo02.mp4.mp4,True,True,safe exact path migration,
/mnt/spirit-8tb/media/yes/.face-review/enrollment/enrollment_candidates.json,/DATA/yes/Devdildo02.mp4.mkv,/DATA/yes/Devdildo02.mp4.mp4,True,True,safe exact path migration,
/mnt/spirit-8tb/media/yes/.face-review/enrollment/enrollment_candidates.json,/DATA/yes/Devdildo01.mp4.mkv,/DATA/yes/Devdildo01.mp4.mp4,True,True,safe exact path migration,
/mnt/spirit-8tb/media/yes/.face-review/enrollment/enrollment_candidates.json,/DATA/yes/Devdildo02.mp4.mkv,/DATA/yes/Devdildo02.mp4.mp4,True,True,safe exact path migration,
/mnt/spirit-8tb/media/yes/.face-review/enrollment/enrollment_candidates.json,Stranger.mkv.face-meta.json,,False,False,blocked because MP4 replacement missing,mp4 missing
/mnt/spirit-8tb/media/yes/.face-review/enrollment/enrollment_candidates.json,Stranger.mkv.face-meta.json,,False,False,blocked because MP4 replacement missing,mp4 missing
/mnt/spirit-8tb/media/yes/.face-review/enrollment/enrollment_candidates.json,Onlyfans.mkv.face-meta.json,,False,False,blocked because MP4 replacement missing,mp4 missing
/mnt/spirit-8tb/media/yes/.face-review/enrollment/enrollment_candidates.json,Onlyfans.mkv.face-meta.json,,False,False,blocked because MP4 replacement missing,mp4 missing
/mnt/spirit-8tb/media/yes/.face-review/enrollment/enrollment_candidates.json,Fapptime.mkv.face-meta.json,,False,False,blocked because MP4 replacement missing,mp4 missing
/mnt/spirit-8tb/media/yes/.face-review/enrollment/enrollment_candidates.json,Fapptime.mkv.face-meta.json,,False,False,blocked because MP4 replacement missing,mp4 missing
/mnt/spirit-8tb/media/yes/.face-review/enrollment/enrollment_candidates.json,Fapptime.mkv.face-meta.json,,False,False,blocked because MP4 replacement missing,mp4 missing
/mnt/spirit-8tb/media/yes/.face-review/enrollment/enrollment_candidates.json,Sextape.mkv.face-meta.json,,False,False,blocked because MP4 replacement missing,mp4 missing
/mnt/spirit-8tb/media/yes/.face-review/enrollment/enrollment_candidates.json,Sextape.mkv.face-meta.json,,False,False,blocked because MP4 replacement missing,mp4 missing
/mnt/spirit-8tb/media/yes/.face-review/enrollment/enrollment_candidates.json,/DATA/yes/432038_720p.mkv,/DATA/yes/432038_720p.mp4,True,True,safe exact path migration,
/mnt/spirit-8tb/media/yes/.face-review/enrollment/enrollment_candidates.json,/DATA/yes/432038_720p.mkv,/DATA/yes/432038_720p.mp4,True,True,safe exact path migration,
/mnt/spirit-8tb/media/yes/.face-review/enrollment/enrollment_candidates.json,/DATA/yes/484374_720p.mkv,/DATA/yes/484374_720p.mp4,True,True,safe exact path migration,
/mnt/spirit-8tb/media/yes/.face-review/enrollment/enrollment_candidates.json,/DATA/yes/484374_720p.mkv,/DATA/yes/484374_720p.mp4,True,True,safe exact path migration,
/mnt/spirit-8tb/media/yes/.face-review/enrollment/enrollment_candidates.json,/DATA/yes/432038_720p.mkv,/DATA/yes/432038_720p.mp4,True,True,safe exact path migration,
/mnt/spirit-8tb/media/yes/.face-review/enrollment/enrollment_candidates.json,/DATA/yes/484374_720p.mkv,/DATA/yes/484374_720p.mp4,True,True,safe exact path migration,
/mnt/spirit-8tb/media/yes/.face-review/enrollment/enrollment_candidates.json,/DATA/yes/432038_720p.mkv,/DATA/yes/432038_720p.mp4,True,True,safe exact path migration,
/mnt/spirit-8tb/media/yes/.face-review/enrollment/enrollment_candidates.json,/DATA/yes/484374_720p.mkv,/DATA/yes/484374_720p.mp4,True,True,safe exact path migration,
/mnt/spirit-8tb/media/yes/.face-review/enrollment/enrollment_candidates.json,/DATA/yes/432038_720p.mkv,/DATA/yes/432038_720p.mp4,True,True,safe exact path migration,
/mnt/spirit-8tb/media/yes/.face-review/enrollment/enrollment_candidates.json,/DATA/yes/484374_720p.mkv,/DATA/yes/484374_720p.mp4,True,True,safe exact path migration,
/mnt/spirit-8tb/media/yes/.face-review/enrollment/enrollment_candidates.json,/DATA/yes/432038_720p.mkv,/DATA/yes/432038_720p.mp4,True,True,safe exact path migration,
/mnt/spirit-8tb/media/yes/.face-review/enrollment/enrollment_candidates.json,/DATA/yes/432038_720p.mkv,/DATA/yes/432038_720p.mp4,True,True,safe exact path migration,
/mnt/spirit-8tb/media/yes/.face-review/enrollment/enrollment_candidates.json,/DATA/yes/432038_720p.mkv,/DATA/yes/432038_720p.mp4,True,True,safe exact path migration,
/mnt/spirit-8tb/media/yes/.face-review/enrollment/enrollment_candidates.json,/DATA/yes/432038_720p.mkv,/DATA/yes/432038_720p.mp4,True,True,safe exact path migration,
/mnt/spirit-8tb/media/yes/.face-review/enrollment/enrollment_candidates.json,/DATA/yes/432038_720p.mkv,/DATA/yes/432038_720p.mp4,True,True,safe exact path migration,
/mnt/spirit-8tb/media/yes/.face-review/enrollment/enrollment_candidates.json,/DATA/yes/432038_720p.mkv,/DATA/yes/432038_720p.mp4,True,True,safe exact path migration,
/mnt/spirit-8tb/media/yes/.face-review/enrollment/enrollment_candidates.json,/DATA/yes/432038_720p.mkv,/DATA/yes/432038_720p.mp4,True,True,safe exact path migration,
/mnt/spirit-8tb/media/yes/.face-review/enrollment/enrollment_candidates.json,/DATA/yes/484374_720p.mkv,/DATA/yes/484374_720p.mp4,True,True,safe exact path migration,
/mnt/spirit-8tb/media/yes/.face-review/enrollment/enrollment_candidates.json,/DATA/yes/484374_720p.mkv,/DATA/yes/484374_720p.mp4,True,True,safe exact path migration,
/mnt/spirit-8tb/media/yes/.face-review/enrollment/enrollment_candidates.json,/DATA/yes/484374_720p.mkv,/DATA/yes/484374_720p.mp4,True,True,safe exact path migration,
/mnt/spirit-8tb/media/yes/.face-review/enrollment/enrollment_candidates.json,/DATA/yes/484374_720p.mkv,/DATA/yes/484374_720p.mp4,True,True,safe exact path migration,
/mnt/spirit-8tb/media/yes/.face-review/enrollment/enrollment_candidates.json,/DATA/yes/484374_720p.mkv,/DATA/yes/484374_720p.mp4,True,True,safe exact path migration,
/mnt/spirit-8tb/media/yes/.face-review/enrollment/enrollment_candidates.json,/DATA/yes/432038_720p.mkv,/DATA/yes/432038_720p.mp4,True,True,safe exact path migration,
/mnt/spirit-8tb/media/yes/.face-review/enrollment/enrollment_candidates.json,/DATA/yes/484374_720p.mkv,/DATA/yes/484374_720p.mp4,True,True,safe exact path migration,
/mnt/spirit-8tb/media/yes/.face-review/enrollment/enrollment_candidates.json,/DATA/yes/432038_720p.mkv,/DATA/yes/432038_720p.mp4,True,True,safe exact path migration,
/mnt/spirit-8tb/media/yes/.face-review/enrollment/enrollment_candidates.json,/DATA/yes/484374_720p.mkv,/DATA/yes/484374_720p.mp4,True,True,safe exact path migration,
/mnt/spirit-8tb/media/yes/.face-review/enrollment/enrollment_candidates.json,Leaked.mkv.face-meta.json,,False,False,blocked because MP4 replacement missing,mp4 missing
/mnt/spirit-8tb/media/yes/.face-review/enrollment/enrollment_candidates.json,Sounds.mkv.face-meta.json,,False,False,blocked because MP4 replacement missing,mp4 missing
/mnt/spirit-8tb/media/yes/.face-review/enrollment/enrollment_candidates.json,Sounds.mkv.face-meta.json,,False,False,blocked because MP4 replacement missing,mp4 missing
/mnt/spirit-8tb/media/yes/.face-review/enrollment/enrollment_candidates.json,Leaked.mkv.face-meta.json,,False,False,blocked because MP4 replacement missing,mp4 missing
/mnt/spirit-8tb/media/yes/.face-review/enrollment/enrollment_candidates.json,/DATA/yes/550807_720p.mkv,/DATA/yes/550807_720p.mp4,True,True,safe exact path migration,
/mnt/spirit-8tb/media/yes/.face-review/enrollment/enrollment_candidates.json,/DATA/yes/513329_720p.mkv,/DATA/yes/513329_720p.mp4,True,True,safe exact path migration,
/mnt/spirit-8tb/media/yes/.face-review/enrollment/enrollment_candidates.json,/DATA/yes/513329_720p.mkv,/DATA/yes/513329_720p.mp4,True,True,safe exact path migration,
/mnt/spirit-8tb/media/yes/.face-review/enrollment/enrollment_candidates.json,/DATA/yes/513329_720p.mkv,/DATA/yes/513329_720p.mp4,True,True,safe exact path migration,
/mnt/spirit-8tb/media/yes/.face-review/enrollment/enrollment_candidates.json,/DATA/yes/513329_720p.mkv,/DATA/yes/513329_720p.mp4,True,True,safe exact path migration,
/mnt/spirit-8tb/media/yes/.face-review/enrollment/enrollment_candidates.json,/DATA/yes/513329_720p.mkv,/DATA/yes/513329_720p.mp4,True,True,safe exact path migration,
/mnt/spirit-8tb/media/yes/.face-review/enrollment/enrollment_candidates.json,/DATA/yes/513329_720p.mkv,/DATA/yes/513329_720p.mp4,True,True,safe exact path migration,
/mnt/spirit-8tb/media/yes/.face-review/enrollment/enrollment_candidates.json,/DATA/yes/513329_720p.mkv,/DATA/yes/513329_720p.mp4,True,True,safe exact path migration,
/mnt/spirit-8tb/media/yes/.face-review/enrollment/enrollment_candidates.json,/DATA/yes/513329_720p.mkv,/DATA/yes/513329_720p.mp4,True,True,safe exact path migration,
/mnt/spirit-8tb/media/yes/.face-review/enrollment/enrollment_candidates.json,/DATA/yes/513329_720p.mkv,/DATA/yes/513329_720p.mp4,True,True,safe exact path migration,
/mnt/spirit-8tb/media/yes/.face-review/enrollment/enrollment_candidates.json,/DATA/yes/513329_720p.mkv,/DATA/yes/513329_720p.mp4,True,True,safe exact path migration,
/mnt/spirit-8tb/media/yes/.face-review/enrollment/enrollment_candidates.json,/DATA/yes/513329_720p.mkv,/DATA/yes/513329_720p.mp4,True,True,safe exact path migration,
/mnt/spirit-8tb/media/yes/.face-review/enrollment/enrollment_candidates.json,/DATA/yes/513329_720p.mkv,/DATA/yes/513329_720p.mp4,True,True,safe exact path migration,
/mnt/spirit-8tb/media/yes/.face-review/enrollment/enrollment_candidates.json,/DATA/yes/513329_720p.mkv,/DATA/yes/513329_720p.mp4,True,True,safe exact path migration,
/mnt/spirit-8tb/media/yes/.face-review/enrollment/enrollment_candidates.json,/DATA/yes/513329_720p.mkv,/DATA/yes/513329_720p.mp4,True,True,safe exact path migration,
/mnt/spirit-8tb/media/yes/.face-review/enrollment/enrollment_candidates.json,HkkzMtwQexuQzwkQMekM.mkv,,False,False,blocked because MP4 replacement missing,mp4 missing
/mnt/spirit-8tb/media/yes/.face-review/enrollment/enrollment_candidates.json,HkkzMtwQexuQzwkQMekM.mkv,,False,False,blocked because MP4 replacement missing,mp4 missing
/mnt/spirit-8tb/media/yes/.face-review/enrollment/enrollment_candidates.json,HkkzMtwQexuQzwkQMekM.mkv,,False,False,blocked because MP4 replacement missing,mp4 missing
/mnt/spirit-8tb/media/yes/.face-review/enrollment/enrollment_candidates.json,HkkzMtwQexuQzwkQMekM.mkv,,False,False,blocked because MP4 replacement missing,mp4 missing
/mnt/spirit-8tb/media/yes/.face-review/enrollment/enrollment_candidates.json,HkkzMtwQexuQzwkQMekM.mkv,,False,False,blocked because MP4 replacement missing,mp4 missing
/mnt/spirit-8tb/media/yes/.face-review/enrollment/enrollment_candidates.json,HkkzMtwQexuQzwkQMekM.mkv,,False,False,blocked because MP4 replacement missing,mp4 missing
/mnt/spirit-8tb/media/yes/.face-review/enrollment/enrollment_candidates.json,HkkzMtwQexuQzwkQMekM.mkv,,False,False,blocked because MP4 replacement missing,mp4 missing
/mnt/spirit-8tb/media/yes/.face-review/enrollment/enrollment_candidates.json,HkkzMtwQexuQzwkQMekM.mkv,,False,False,blocked because MP4 replacement missing,mp4 missing
/mnt/spirit-8tb/media/yes/.face-review/enrollment/enrollment_candidates.json,HkkzMtwQexuQzwkQMekM.mkv,,False,False,blocked because MP4 replacement missing,mp4 missing
/mnt/spirit-8tb/media/yes/.face-review/enrollment/enrollment_candidates.json,HkkzMtwQexuQzwkQMekM.mkv,,False,False,blocked because MP4 replacement missing,mp4 missing
/mnt/spirit-8tb/media/yes/.face-review/enrollment/enrollment_candidates.json,HxtQnxktezuQzwketwMx.mkv,,False,False,blocked because MP4 replacement missing,mp4 missing
/mnt/spirit-8tb/media/yes/.face-review/enrollment/enrollment_candidates.json,HxtQnxktezuQzwketwMx.mkv,,False,False,blocked because MP4 replacement missing,mp4 missing
/mnt/spirit-8tb/media/yes/.face-review/enrollment/enrollment_candidates.json,HxtQnxktezuQzwketwMx.mkv,,False,False,blocked because MP4 replacement missing,mp4 missing
/mnt/spirit-8tb/media/yes/.face-review/enrollment/enrollment_candidates.json,HxtQnxktezuQzwketwMx.mkv,,False,False,blocked because MP4 replacement missing,mp4 missing
/mnt/spirit-8tb/media/yes/.face-review/enrollment/enrollment_candidates.json,HxtQnxktezuQzwketwMx.mkv,,False,False,blocked because MP4 replacement missing,mp4 missing
/mnt/spirit-8tb/media/yes/.face-review/enrollment/enrollment_candidates.json,HxtQnxktezuQzwketwMx.mkv,,False,False,blocked because MP4 replacement missing,mp4 missing
/mnt/spirit-8tb/media/yes/.face-review/enrollment/enrollment_candidates.json,HxtQnxktezuQzwketwMx.mkv,,False,False,blocked because MP4 replacement missing,mp4 missing
/mnt/spirit-8tb/media/yes/.face-review/enrollment/enrollment_candidates.json,HxtQnxktezuQzwketwMx.mkv,,False,False,blocked because MP4 replacement missing,mp4 missing
/mnt/spirit-8tb/media/yes/.face-review/enrollment/enrollment_candidates.json,HxtQnxktezuQzwketwMx.mkv,,False,False,blocked because MP4 replacement missing,mp4 missing
/mnt/spirit-8tb/media/yes/.face-review/enrollment/enrollment_candidates.json,HxtQnxktezuQzwketwMx.mkv,,False,False,blocked because MP4 replacement missing,mp4 missing
/mnt/spirit-8tb/media/yes/.face-review/enrollment/enrollment_candidates.json,HxtQnxktezuQzwketwMx.mkv,,False,False,blocked because MP4 replacement missing,mp4 missing
/mnt/spirit-8tb/media/yes/.face-review/enrollment/enrollment_candidates.json,Jeans.mkv.face-meta.json,,False,False,blocked because MP4 replacement missing,mp4 missing
/mnt/spirit-8tb/media/yes/.face-review/enrollment/enrollment_candidates.json,HkxQxzewMkuQzwkQneee.mkv,,False,False,blocked because MP4 replacement missing,mp4 missing
/mnt/spirit-8tb/media/yes/.face-review/enrollment/enrollment_candidates.json,HkxQxzewMkuQzwkQneee.mkv,,False,False,blocked because MP4 replacement missing,mp4 missing
/mnt/spirit-8tb/media/yes/.face-review/enrollment/enrollment_candidates.json,HkxQxzewMkuQzwkQneee.mkv,,False,False,blocked because MP4 replacement missing,mp4 missing
/mnt/spirit-8tb/media/yes/.face-review/enrollment/enrollment_candidates.json,HkxQxzewMkuQzwkQneee.mkv,,False,False,blocked because MP4 replacement missing,mp4 missing
/mnt/spirit-8tb/media/yes/.face-review/enrollment/enrollment_candidates.json,HkxQxzewMkuQzwkQneee.mkv,,False,False,blocked because MP4 replacement missing,mp4 missing
/mnt/spirit-8tb/media/yes/.face-review/enrollment/enrollment_candidates.json,HkxQxzewMkuQzwkQneee.mkv,,False,False,blocked because MP4 replacement missing,mp4 missing
/mnt/spirit-8tb/media/yes/.face-review/enrollment/enrollment_candidates.json,HkxQxzewMkuQzwkQneee.mkv,,False,False,blocked because MP4 replacement missing,mp4 missing
/mnt/spirit-8tb/media/yes/.face-review/enrollment/enrollment_candidates.json,HkxQxzewMkuQzwkQneee.mkv,,False,False,blocked because MP4 replacement missing,mp4 missing
/mnt/spirit-8tb/media/yes/.face-review/enrollment/enrollment_candidates.json,HkxQxzewMkuQzwkQneee.mkv,,False,False,blocked because MP4 replacement missing,mp4 missing
/mnt/spirit-8tb/media/yes/.face-review/enrollment/enrollment_candidates.json,HkxQxzewMkuQzwkQneee.mkv,,False,False,blocked because MP4 replacement missing,mp4 missing
/mnt/spirit-8tb/media/yes/.face-review/enrollment/enrollment_candidates.json,HkxQxzewMkuQzwkQneee.mkv,,False,False,blocked because MP4 replacement missing,mp4 missing
/mnt/spirit-8tb/media/yes/.face-review/enrollment/enrollment_candidates.json,date.mkv.face-meta.json,,False,False,blocked because MP4 replacement missing,mp4 missing
/mnt/spirit-8tb/media/yes/.face-review/enrollment/enrollment_candidates.json,date.mkv.face-meta.json,,False,False,blocked because MP4 replacement missing,mp4 missing
/mnt/spirit-8tb/media/yes/.face-review/enrollment/enrollment_candidates.json,dick.mkv.face-meta.json,,False,False,blocked because MP4 replacement missing,mp4 missing
/mnt/spirit-8tb/media/yes/.face-review/enrollment/enrollment_candidates.json,Cock.mkv.face-meta.json,,False,False,blocked because MP4 replacement missing,mp4 missing
/mnt/spirit-8tb/media/yes/.face-review/enrollment/enrollment_candidates.json,Leak.mkv.face-meta.json,,False,False,blocked because MP4 replacement missing,mp4 missing
/mnt/spirit-8tb/media/yes/.face-review/enrollment/enrollment_candidates.json,130.mkv.face-meta.json,,False,False,blocked because MP4 replacement missing,mp4 missing
/mnt/spirit-8tb/media/yes/.face-review/enrollment/enrollment_candidates.json,130.mkv.face-meta.json,,False,False,blocked because MP4 replacement missing,mp4 missing
/mnt/spirit-8tb/media/yes/.face-review/enrollment/enrollment_candidates.json,/DATA/yes/Amburnee.mkv,/DATA/yes/Amburnee.mp4,True,True,safe exact path migration,
/mnt/spirit-8tb/media/yes/.face-review/enrollment/enrollment_candidates.json,/DATA/yes/Amburnee.mkv,/DATA/yes/Amburnee.mp4,True,True,safe exact path migration,
/mnt/spirit-8tb/media/yes/.face-review/enrollment/enrollment_candidates.json,/DATA/yes/Amburnee.mkv,/DATA/yes/Amburnee.mp4,True,True,safe exact path migration,
/mnt/spirit-8tb/media/yes/.face-review/enrollment/enrollment_candidates.json,Her.mkv.face-meta.json,,False,False,blocked because MP4 replacement missing,mp4 missing
/mnt/spirit-8tb/media/yes/.face-review/enrollment/enrollment_candidates.json,Her.mkv.face-meta.json,,False,False,blocked because MP4 replacement missing,mp4 missing
/mnt/spirit-8tb/media/yes/.face-review/enrollment/enrollment_candidates.json,/DATA/yes/14318872.mkv,/DATA/yes/14318872.mp4,True,True,safe exact path migration,
/mnt/spirit-8tb/media/yes/.face-review/enrollment/enrollment_candidates.json,/DATA/yes/14318872.mkv,/DATA/yes/14318872.mp4,True,True,safe exact path migration,
/mnt/spirit-8tb/media/yes/.face-review/enrollment/enrollment_candidates.json,/DATA/yes/14318872.mkv,/DATA/yes/14318872.mp4,True,True,safe exact path migration,
/mnt/spirit-8tb/media/yes/.face-review/enrollment/enrollment_candidates.json,/DATA/yes/14318872.mkv,/DATA/yes/14318872.mp4,True,True,safe exact path migration,
/mnt/spirit-8tb/media/yes/.face-review/enrollment/enrollment_candidates.json,/DATA/yes/14318872.mkv,/DATA/yes/14318872.mp4,True,True,safe exact path migration,
/mnt/spirit-8tb/media/yes/.face-review/enrollment/enrollment_candidates.json,/DATA/yes/14318872.mkv,/DATA/yes/14318872.mp4,True,True,safe exact path migration,
/mnt/spirit-8tb/media/yes/.face-review/enrollment/enrollment_candidates.json,/DATA/yes/14318872.mkv,/DATA/yes/14318872.mp4,True,True,safe exact path migration,
/mnt/spirit-8tb/media/yes/.face-review/enrollment/enrollment_candidates.json,/DATA/yes/14318872.mkv,/DATA/yes/14318872.mp4,True,True,safe exact path migration,
/mnt/spirit-8tb/media/yes/.face-review/enrollment/enrollment_candidates.json,/DATA/yes/14318872.mkv,/DATA/yes/14318872.mp4,True,True,safe exact path migration,
/mnt/spirit-8tb/media/yes/.face-review/enrollment/enrollment_candidates.json,/DATA/yes/14318872.mkv,/DATA/yes/14318872.mp4,True,True,safe exact path migration,
/mnt/spirit-8tb/media/yes/.face-review/enrollment/enrollment_candidates.json,/DATA/yes/14318872.mkv,/DATA/yes/14318872.mp4,True,True,safe exact path migration,
/mnt/spirit-8tb/media/yes/.face-review/enrollment/enrollment_candidates.json,40.mkv.face-meta.json,,False,False,blocked because MP4 replacement missing,mp4 missing
/mnt/spirit-8tb/media/yes/.face-review/enrollment/enrollment_candidates.json,40.mkv.face-meta.json,,False,False,blocked because MP4 replacement missing,mp4 missing
/mnt/spirit-8tb/media/yes/.face-review/enrollment/enrollment_candidates.json,96.mkv.face-meta.json,,False,False,blocked because MP4 replacement missing,mp4 missing
/mnt/spirit-8tb/media/yes/.face-review/enrollment/enrollment_candidates.json,Th.mkv.face-meta.json,,False,False,blocked because MP4 replacement missing,mp4 missing
/mnt/spirit-8tb/media/yes/.face-review/enrollment/enrollment_candidates.json,Th.mkv.face-meta.json,,False,False,blocked because MP4 replacement missing,mp4 missing
/mnt/spirit-8tb/media/yes/.face-review/enrollment/enrollment_candidates.json,/DATA/yes/334120.mkv,/DATA/yes/334120.mp4,True,True,safe exact path migration,
/mnt/spirit-8tb/media/yes/.face-review/enrollment/enrollment_candidates.json,/DATA/yes/334120.mkv,/DATA/yes/334120.mp4,True,True,safe exact path migration,
/mnt/spirit-8tb/media/yes/.face-review/enrollment/enrollment_candidates.json,/DATA/yes/334120.mkv,/DATA/yes/334120.mp4,True,True,safe exact path migration,
/mnt/spirit-8tb/media/yes/.face-review/enrollment/enrollment_candidates.json,/DATA/yes/334120.mkv,/DATA/yes/334120.mp4,True,True,safe exact path migration,
/mnt/spirit-8tb/media/yes/.face-review/enrollment/enrollment_candidates.json,/DATA/yes/334120.mkv,/DATA/yes/334120.mp4,True,True,safe exact path migration,
/mnt/spirit-8tb/media/yes/.face-review/enrollment/enrollment_candidates.json,/DATA/yes/334120.mkv,/DATA/yes/334120.mp4,True,True,safe exact path migration,
/mnt/spirit-8tb/media/yes/.face-review/enrollment/enrollment_candidates.json,/DATA/yes/334120.mkv,/DATA/yes/334120.mp4,True,True,safe exact path migration,
/mnt/spirit-8tb/media/yes/.face-review/enrollment/enrollment_candidates.json,/DATA/yes/334120.mkv,/DATA/yes/334120.mp4,True,True,safe exact path migration,
/mnt/spirit-8tb/media/yes/.face-review/enrollment/enrollment_candidates.json,/DATA/yes/334120.mkv,/DATA/yes/334120.mp4,True,True,safe exact path migration,
/mnt/spirit-8tb/media/yes/.face-review/enrollment/enrollment_candidates.json,/DATA/yes/334120.mkv,/DATA/yes/334120.mp4,True,True,safe exact path migration,
/mnt/spirit-8tb/media/yes/.face-review/enrollment/enrollment_candidates.json,5.mkv.face-meta.json,,False,False,blocked because MP4 replacement missing,mp4 missing
/mnt/spirit-8tb/media/yes/.face-review/enrollment/enrollment_candidates.json,5.mkv.face-meta.json,,False,False,blocked because MP4 replacement missing,mp4 missing
/mnt/spirit-8tb/media/yes/.face-review/enrollment/enrollment_candidates.json,3.mkv.face-meta.json,,False,False,blocked because MP4 replacement missing,mp4 missing
/mnt/spirit-8tb/media/yes/.face-review/enrollment/enrollment_candidates.json,3.mkv.face-meta.json,,False,False,blocked because MP4 replacement missing,mp4 missing
/mnt/spirit-8tb/media/yes/.face-review/enrollment/enrollment_candidates.json,4.mkv.face-meta.json,,False,False,blocked because MP4 replacement missing,mp4 missing
/mnt/spirit-8tb/media/yes/.face-review/enrollment/enrollment_candidates.json,4.mkv.face-meta.json,,False,False,blocked because MP4 replacement missing,mp4 missing
/mnt/spirit-8tb/media/yes/.face-review/enrollment/enrollment_candidates.json,540598_720p.mkv,,False,False,blocked because MP4 replacement missing,mp4 missing
/mnt/spirit-8tb/media/yes/.face-review/enrollment/enrollment_candidates.json,540598_720p.mkv,,False,False,blocked because MP4 replacement missing,mp4 missing
/mnt/spirit-8tb/media/yes/.face-review/enrollment/enrollment_candidates.json,540598_720p.mkv,,False,False,blocked because MP4 replacement missing,mp4 missing
/mnt/spirit-8tb/media/yes/.face-review/enrollment/enrollment_candidates.json,540598_720p.mkv,,False,False,blocked because MP4 replacement missing,mp4 missing
/mnt/spirit-8tb/media/yes/.face-review/enrollment/enrollment_candidates.json,540598_720p.mkv,,False,False,blocked because MP4 replacement missing,mp4 missing
/mnt/spirit-8tb/media/yes/.face-review/enrollment/enrollment_candidates.json,540598_720p.mkv,,False,False,blocked because MP4 replacement missing,mp4 missing
/mnt/spirit-8tb/media/yes/.face-review/enrollment/enrollment_candidates.json,540598_720p.mkv,,False,False,blocked because MP4 replacement missing,mp4 missing
/mnt/spirit-8tb/media/yes/.face-review/enrollment/enrollment_candidates.json,540598_720p.mkv,,False,False,blocked because MP4 replacement missing,mp4 missing
/mnt/spirit-8tb/media/yes/.face-review/enrollment/enrollment_candidates.json,540598_720p.mkv,,False,False,blocked because MP4 replacement missing,mp4 missing
/mnt/spirit-8tb/media/yes/.face-review/enrollment/enrollment_candidates.json,256433_720p.mkv,,False,False,blocked because MP4 replacement missing,mp4 missing
/mnt/spirit-8tb/media/yes/.face-review/enrollment/enrollment_candidates.json,438588_720p.mkv,,False,False,blocked because MP4 replacement missing,mp4 missing
/mnt/spirit-8tb/media/yes/.face-review/enrollment/enrollment_candidates.json,256433_720p.mkv,,False,False,blocked because MP4 replacement missing,mp4 missing
/mnt/spirit-8tb/media/yes/.face-review/enrollment/enrollment_candidates.json,438588_720p.mkv,,False,False,blocked because MP4 replacement missing,mp4 missing
/mnt/spirit-8tb/media/yes/.face-review/enrollment/enrollment_candidates.json,256433_720p.mkv,,False,False,blocked because MP4 replacement missing,mp4 missing
/mnt/spirit-8tb/media/yes/.face-review/enrollment/enrollment_candidates.json,438588_720p.mkv,,False,False,blocked because MP4 replacement missing,mp4 missing
/mnt/spirit-8tb/media/yes/.face-review/enrollment/enrollment_candidates.json,256433_720p.mkv,,False,False,blocked because MP4 replacement missing,mp4 missing
/mnt/spirit-8tb/media/yes/.face-review/enrollment/enrollment_candidates.json,438588_720p.mkv,,False,False,blocked because MP4 replacement missing,mp4 missing
/mnt/spirit-8tb/media/yes/.face-review/enrollment/enrollment_candidates.json,256433_720p.mkv,,False,False,blocked because MP4 replacement missing,mp4 missing
/mnt/spirit-8tb/media/yes/.face-review/enrollment/enrollment_candidates.json,438588_720p.mkv,,False,False,blocked because MP4 replacement missing,mp4 missing
/mnt/spirit-8tb/media/yes/.face-review/enrollment/enrollment_candidates.json,256433_720p.mkv,,False,False,blocked because MP4 replacement missing,mp4 missing
/mnt/spirit-8tb/media/yes/.face-review/enrollment/enrollment_candidates.json,256433_720p.mkv,,False,False,blocked because MP4 replacement missing,mp4 missing
/mnt/spirit-8tb/media/yes/.face-review/enrollment/enrollment_candidates.json,256433_720p.mkv,,False,False,blocked because MP4 replacement missing,mp4 missing
/mnt/spirit-8tb/media/yes/.face-review/enrollment/enrollment_candidates.json,256433_720p.mkv,,False,False,blocked because MP4 replacement missing,mp4 missing
/mnt/spirit-8tb/media/yes/.face-review/enrollment/enrollment_candidates.json,256433_720p.mkv,,False,False,blocked because MP4 replacement missing,mp4 missing
/mnt/spirit-8tb/media/yes/.face-review/enrollment/enrollment_candidates.json,438588_720p.mkv,,False,False,blocked because MP4 replacement missing,mp4 missing
/mnt/spirit-8tb/media/yes/.face-review/enrollment/enrollment_candidates.json,438588_720p.mkv,,False,False,blocked because MP4 replacement missing,mp4 missing
/mnt/spirit-8tb/media/yes/.face-review/enrollment/enrollment_candidates.json,438588_720p.mkv,,False,False,blocked because MP4 replacement missing,mp4 missing
/mnt/spirit-8tb/media/yes/.face-review/enrollment/enrollment_candidates.json,438588_720p.mkv,,False,False,blocked because MP4 replacement missing,mp4 missing
/mnt/spirit-8tb/media/yes/.face-review/enrollment/enrollment_candidates.json,438588_720p.mkv,,False,False,blocked because MP4 replacement missing,mp4 missing
/mnt/spirit-8tb/media/yes/.face-review/enrollment/enrollment_candidates.json,256433_720p.mkv,,False,False,blocked because MP4 replacement missing,mp4 missing
/mnt/spirit-8tb/media/yes/.face-review/enrollment/enrollment_candidates.json,438588_720p.mkv,,False,False,blocked because MP4 replacement missing,mp4 missing
/mnt/spirit-8tb/media/yes/.face-review/enrollment/enrollment_candidates.json,432038_720p.mkv,,False,False,blocked because MP4 replacement missing,mp4 missing
/mnt/spirit-8tb/media/yes/.face-review/enrollment/enrollment_candidates.json,484374_720p.mkv,,False,False,blocked because MP4 replacement missing,mp4 missing
/mnt/spirit-8tb/media/yes/.face-review/enrollment/enrollment_candidates.json,556530_720p.mkv,,False,False,blocked because MP4 replacement missing,mp4 missing
/mnt/spirit-8tb/media/yes/.face-review/enrollment/enrollment_candidates.json,432038_720p.mkv,,False,False,blocked because MP4 replacement missing,mp4 missing
/mnt/spirit-8tb/media/yes/.face-review/enrollment/enrollment_candidates.json,484374_720p.mkv,,False,False,blocked because MP4 replacement missing,mp4 missing
/mnt/spirit-8tb/media/yes/.face-review/enrollment/enrollment_candidates.json,556530_720p.mkv,,False,False,blocked because MP4 replacement missing,mp4 missing
/mnt/spirit-8tb/media/yes/.face-review/enrollment/enrollment_candidates.json,432038_720p.mkv,,False,False,blocked because MP4 replacement missing,mp4 missing
/mnt/spirit-8tb/media/yes/.face-review/enrollment/enrollment_candidates.json,484374_720p.mkv,,False,False,blocked because MP4 replacement missing,mp4 missing
/mnt/spirit-8tb/media/yes/.face-review/enrollment/enrollment_candidates.json,556530_720p.mkv,,False,False,blocked because MP4 replacement missing,mp4 missing
/mnt/spirit-8tb/media/yes/.face-review/enrollment/enrollment_candidates.json,432038_720p.mkv,,False,False,blocked because MP4 replacement missing,mp4 missing
/mnt/spirit-8tb/media/yes/.face-review/enrollment/enrollment_candidates.json,556530_720p.mkv,,False,False,blocked because MP4 replacement missing,mp4 missing
/mnt/spirit-8tb/media/yes/.face-review/enrollment/enrollment_candidates.json,432038_720p.mkv,,False,False,blocked because MP4 replacement missing,mp4 missing
/mnt/spirit-8tb/media/yes/.face-review/enrollment/enrollment_candidates.json,556530_720p.mkv,,False,False,blocked because MP4 replacement missing,mp4 missing
/mnt/spirit-8tb/media/yes/.face-review/enrollment/enrollment_candidates.json,432038_720p.mkv,,False,False,blocked because MP4 replacement missing,mp4 missing
/mnt/spirit-8tb/media/yes/.face-review/enrollment/enrollment_candidates.json,432038_720p.mkv,,False,False,blocked because MP4 replacement missing,mp4 missing
/mnt/spirit-8tb/media/yes/.face-review/enrollment/enrollment_candidates.json,432038_720p.mkv,,False,False,blocked because MP4 replacement missing,mp4 missing
/mnt/spirit-8tb/media/yes/.face-review/enrollment/enrollment_candidates.json,432038_720p.mkv,,False,False,blocked because MP4 replacement missing,mp4 missing
/mnt/spirit-8tb/media/yes/.face-review/enrollment/enrollment_candidates.json,432038_720p.mkv,,False,False,blocked because MP4 replacement missing,mp4 missing
/mnt/spirit-8tb/media/yes/.face-review/enrollment/enrollment_candidates.json,484374_720p.mkv,,False,False,blocked because MP4 replacement missing,mp4 missing
/mnt/spirit-8tb/media/yes/.face-review/enrollment/enrollment_candidates.json,484374_720p.mkv,,False,False,blocked because MP4 replacement missing,mp4 missing
/mnt/spirit-8tb/media/yes/.face-review/enrollment/enrollment_candidates.json,484374_720p.mkv,,False,False,blocked because MP4 replacement missing,mp4 missing
/mnt/spirit-8tb/media/yes/.face-review/enrollment/enrollment_candidates.json,484374_720p.mkv,,False,False,blocked because MP4 replacement missing,mp4 missing
/mnt/spirit-8tb/media/yes/.face-review/enrollment/enrollment_candidates.json,484374_720p.mkv,,False,False,blocked because MP4 replacement missing,mp4 missing
/mnt/spirit-8tb/media/yes/.face-review/enrollment/enrollment_candidates.json,556530_720p.mkv,,False,False,blocked because MP4 replacement missing,mp4 missing
/mnt/spirit-8tb/media/yes/.face-review/enrollment/enrollment_candidates.json,556530_720p.mkv,,False,False,blocked because MP4 replacement missing,mp4 missing
/mnt/spirit-8tb/media/yes/.face-review/enrollment/enrollment_candidates.json,556530_720p.mkv,,False,False,blocked because MP4 replacement missing,mp4 missing
/mnt/spirit-8tb/media/yes/.face-review/enrollment/enrollment_candidates.json,556530_720p.mkv,,False,False,blocked because MP4 replacement missing,mp4 missing
/mnt/spirit-8tb/media/yes/.face-review/enrollment/enrollment_candidates.json,556530_720p.mkv,,False,False,blocked because MP4 replacement missing,mp4 missing
/mnt/spirit-8tb/media/yes/.face-review/enrollment/enrollment_candidates.json,432038_720p.mkv,,False,False,blocked because MP4 replacement missing,mp4 missing
/mnt/spirit-8tb/media/yes/.face-review/enrollment/enrollment_candidates.json,484374_720p.mkv,,False,False,blocked because MP4 replacement missing,mp4 missing
/mnt/spirit-8tb/media/yes/.face-review/enrollment/enrollment_candidates.json,556530_720p.mkv,,False,False,blocked because MP4 replacement missing,mp4 missing
/mnt/spirit-8tb/media/yes/.face-review/enrollment/enrollment_candidates.json,398761_720p.mkv,,False,False,blocked because MP4 replacement missing,mp4 missing
/mnt/spirit-8tb/media/yes/.face-review/enrollment/enrollment_candidates.json,400317_720p.mkv,,False,False,blocked because MP4 replacement missing,mp4 missing
/mnt/spirit-8tb/media/yes/.face-review/enrollment/enrollment_candidates.json,442610_720p.mkv,,False,False,blocked because MP4 replacement missing,mp4 missing
/mnt/spirit-8tb/media/yes/.face-review/enrollment/enrollment_candidates.json,400317_720p.mkv,,False,False,blocked because MP4 replacement missing,mp4 missing
/mnt/spirit-8tb/media/yes/.face-review/enrollment/enrollment_candidates.json,442610_720p.mkv,,False,False,blocked because MP4 replacement missing,mp4 missing
/mnt/spirit-8tb/media/yes/.face-review/enrollment/enrollment_candidates.json,400317_720p.mkv,,False,False,blocked because MP4 replacement missing,mp4 missing
/mnt/spirit-8tb/media/yes/.face-review/enrollment/enrollment_candidates.json,442610_720p.mkv,,False,False,blocked because MP4 replacement missing,mp4 missing
/mnt/spirit-8tb/media/yes/.face-review/enrollment/enrollment_candidates.json,442610_720p.mkv,,False,False,blocked because MP4 replacement missing,mp4 missing
/mnt/spirit-8tb/media/yes/.face-review/enrollment/enrollment_candidates.json,398761_720p.mkv,,False,False,blocked because MP4 replacement missing,mp4 missing
/mnt/spirit-8tb/media/yes/.face-review/enrollment/enrollment_candidates.json,398761_720p.mkv,,False,False,blocked because MP4 replacement missing,mp4 missing
/mnt/spirit-8tb/media/yes/.face-review/enrollment/enrollment_candidates.json,398761_720p.mkv,,False,False,blocked because MP4 replacement missing,mp4 missing
/mnt/spirit-8tb/media/yes/.face-review/enrollment/enrollment_candidates.json,398761_720p.mkv,,False,False,blocked because MP4 replacement missing,mp4 missing
/mnt/spirit-8tb/media/yes/.face-review/enrollment/enrollment_candidates.json,398761_720p.mkv,,False,False,blocked because MP4 replacement missing,mp4 missing
/mnt/spirit-8tb/media/yes/.face-review/enrollment/enrollment_candidates.json,400317_720p.mkv,,False,False,blocked because MP4 replacement missing,mp4 missing
/mnt/spirit-8tb/media/yes/.face-review/enrollment/enrollment_candidates.json,400317_720p.mkv,,False,False,blocked because MP4 replacement missing,mp4 missing
/mnt/spirit-8tb/media/yes/.face-review/enrollment/enrollment_candidates.json,400317_720p.mkv,,False,False,blocked because MP4 replacement missing,mp4 missing
/mnt/spirit-8tb/media/yes/.face-review/enrollment/enrollment_candidates.json,400317_720p.mkv,,False,False,blocked because MP4 replacement missing,mp4 missing
/mnt/spirit-8tb/media/yes/.face-review/enrollment/enrollment_candidates.json,400317_720p.mkv,,False,False,blocked because MP4 replacement missing,mp4 missing
/mnt/spirit-8tb/media/yes/.face-review/enrollment/enrollment_candidates.json,442610_720p.mkv,,False,False,blocked because MP4 replacement missing,mp4 missing
/mnt/spirit-8tb/media/yes/.face-review/enrollment/enrollment_candidates.json,442610_720p.mkv,,False,False,blocked because MP4 replacement missing,mp4 missing
/mnt/spirit-8tb/media/yes/.face-review/enrollment/enrollment_candidates.json,442610_720p.mkv,,False,False,blocked because MP4 replacement missing,mp4 missing
/mnt/spirit-8tb/media/yes/.face-review/enrollment/enrollment_candidates.json,442610_720p.mkv,,False,False,blocked because MP4 replacement missing,mp4 missing
/mnt/spirit-8tb/media/yes/.face-review/enrollment/enrollment_candidates.json,442610_720p.mkv,,False,False,blocked because MP4 replacement missing,mp4 missing
/mnt/spirit-8tb/media/yes/.face-review/enrollment/enrollment_candidates.json,398761_720p.mkv,,False,False,blocked because MP4 replacement missing,mp4 missing
/mnt/spirit-8tb/media/yes/.face-review/enrollment/enrollment_candidates.json,400317_720p.mkv,,False,False,blocked because MP4 replacement missing,mp4 missing
/mnt/spirit-8tb/media/yes/.face-review/enrollment/enrollment_candidates.json,442610_720p.mkv,,False,False,blocked because MP4 replacement missing,mp4 missing
/mnt/spirit-8tb/media/yes/.face-review/enrollment/enrollment_candidates.json,467345_720p.mkv,,False,False,blocked because MP4 replacement missing,mp4 missing
/mnt/spirit-8tb/media/yes/.face-review/enrollment/enrollment_candidates.json,467345_720p.mkv,,False,False,blocked because MP4 replacement missing,mp4 missing
/mnt/spirit-8tb/media/yes/.face-review/enrollment/enrollment_candidates.json,467345_720p.mkv,,False,False,blocked because MP4 replacement missing,mp4 missing
/mnt/spirit-8tb/media/yes/.face-review/enrollment/enrollment_candidates.json,467345_720p.mkv,,False,False,blocked because MP4 replacement missing,mp4 missing
/mnt/spirit-8tb/media/yes/.face-review/enrollment/enrollment_candidates.json,467345_720p.mkv,,False,False,blocked because MP4 replacement missing,mp4 missing
/mnt/spirit-8tb/media/yes/.face-review/enrollment/enrollment_candidates.json,467345_720p.mkv,,False,False,blocked because MP4 replacement missing,mp4 missing
/mnt/spirit-8tb/media/yes/.face-review/enrollment/enrollment_candidates.json,467345_720p.mkv,,False,False,blocked because MP4 replacement missing,mp4 missing
/mnt/spirit-8tb/media/yes/.face-review/enrollment/enrollment_candidates.json,467345_720p.mkv,,False,False,blocked because MP4 replacement missing,mp4 missing
/mnt/spirit-8tb/media/yes/.face-review/enrollment/enrollment_candidates.json,467345_720p.mkv,,False,False,blocked because MP4 replacement missing,mp4 missing
/mnt/spirit-8tb/media/yes/.face-review/enrollment/enrollment_candidates.json,467345_720p.mkv,,False,False,blocked because MP4 replacement missing,mp4 missing
/mnt/spirit-8tb/media/yes/.face-review/enrollment/enrollment_candidates.json,467345_720p.mkv,,False,False,blocked because MP4 replacement missing,mp4 missing
/mnt/spirit-8tb/media/yes/.face-review/enrollment/enrollment_candidates.json,467345_720p.mkv,,False,False,blocked because MP4 replacement missing,mp4 missing
/mnt/spirit-8tb/media/yes/.face-review/enrollment/enrollment_candidates.json,467345_720p.mkv,,False,False,blocked because MP4 replacement missing,mp4 missing
/mnt/spirit-8tb/media/yes/.face-review/enrollment/enrollment_candidates.json,467345_720p.mkv,,False,False,blocked because MP4 replacement missing,mp4 missing
/mnt/spirit-8tb/media/yes/.face-review/enrollment/enrollment_candidates.json,467345_720p.mkv,,False,False,blocked because MP4 replacement missing,mp4 missing
/mnt/spirit-8tb/media/yes/.face-review/enrollment/enrollment_candidates.json,467345_720p.mkv,,False,False,blocked because MP4 replacement missing,mp4 missing
/mnt/spirit-8tb/media/yes/.face-review/enrollment/enrollment_candidates.json,467345_720p.mkv,,False,False,blocked because MP4 replacement missing,mp4 missing
/mnt/spirit-8tb/media/yes/.face-review/enrollment/enrollment_candidates.json,467345_720p.mkv,,False,False,blocked because MP4 replacement missing,mp4 missing
/mnt/spirit-8tb/media/yes/.face-review/enrollment/enrollment_candidates.json,467345_720p.mkv,,False,False,blocked because MP4 replacement missing,mp4 missing
/mnt/spirit-8tb/media/yes/.face-review/enrollment/enrollment_candidates.json,467345_720p.mkv,,False,False,blocked because MP4 replacement missing,mp4 missing
/mnt/spirit-8tb/media/yes/.face-review/enrollment/enrollment_candidates.json,467345_720p.mkv,,False,False,blocked because MP4 replacement missing,mp4 missing
/mnt/spirit-8tb/media/yes/.face-review/enrollment/enrollment_candidates.json,467345_720p.mkv,,False,False,blocked because MP4 replacement missing,mp4 missing
/mnt/spirit-8tb/media/yes/.face-review/enrollment/enrollment_candidates.json,442642_720p.mkv,,False,False,blocked because MP4 replacement missing,mp4 missing
/mnt/spirit-8tb/media/yes/.face-review/enrollment/enrollment_candidates.json,442642_720p.mkv,,False,False,blocked because MP4 replacement missing,mp4 missing
/mnt/spirit-8tb/media/yes/.face-review/enrollment/enrollment_candidates.json,442642_720p.mkv,,False,False,blocked because MP4 replacement missing,mp4 missing
/mnt/spirit-8tb/media/yes/.face-review/enrollment/enrollment_candidates.json,442642_720p.mkv,,False,False,blocked because MP4 replacement missing,mp4 missing
/mnt/spirit-8tb/media/yes/.face-review/enrollment/enrollment_candidates.json,442642_720p.mkv,,False,False,blocked because MP4 replacement missing,mp4 missing
/mnt/spirit-8tb/media/yes/.face-review/enrollment/enrollment_candidates.json,442642_720p.mkv,,False,False,blocked because MP4 replacement missing,mp4 missing
/mnt/spirit-8tb/media/yes/.face-review/enrollment/enrollment_candidates.json,442642_720p.mkv,,False,False,blocked because MP4 replacement missing,mp4 missing
/mnt/spirit-8tb/media/yes/.face-review/enrollment/enrollment_candidates.json,442642_720p.mkv,,False,False,blocked because MP4 replacement missing,mp4 missing
/mnt/spirit-8tb/media/yes/.face-review/enrollment/enrollment_candidates.json,Pornhub.com.mkv,,False,False,blocked because MP4 replacement missing,mp4 missing
/mnt/spirit-8tb/media/yes/.face-review/enrollment/enrollment_candidates.json,Pornhub.com.mkv,,False,False,blocked because MP4 replacement missing,mp4 missing
/mnt/spirit-8tb/media/yes/.face-review/enrollment/enrollment_candidates.json,Pornhub.com.mkv,,False,False,blocked because MP4 replacement missing,mp4 missing
/mnt/spirit-8tb/media/yes/.face-review/enrollment/enrollment_candidates.json,Pornhub.com.mkv,,False,False,blocked because MP4 replacement missing,mp4 missing
/mnt/spirit-8tb/media/yes/.face-review/enrollment/enrollment_candidates.json,Pornhub.com.mkv,,False,False,blocked because MP4 replacement missing,mp4 missing
/mnt/spirit-8tb/media/yes/.face-review/enrollment/enrollment_candidates.json,Pornhub.com.mkv,,False,False,blocked because MP4 replacement missing,mp4 missing
/mnt/spirit-8tb/media/yes/.face-review/enrollment/enrollment_candidates.json,Pornhub.com.mkv,,False,False,blocked because MP4 replacement missing,mp4 missing
/mnt/spirit-8tb/media/yes/.face-review/enrollment/enrollment_candidates.json,Pornhub.com.mkv,,False,False,blocked because MP4 replacement missing,mp4 missing
/mnt/spirit-8tb/media/yes/.face-review/enrollment/enrollment_candidates.json,Pornhub.com.mkv,,False,False,blocked because MP4 replacement missing,mp4 missing
/mnt/spirit-8tb/media/yes/.face-review/enrollment/enrollment_candidates.json,Pornhub.com.mkv,,False,False,blocked because MP4 replacement missing,mp4 missing
/mnt/spirit-8tb/media/yes/.face-review/enrollment/enrollment_candidates.json,Pornhub.com.mkv,,False,False,blocked because MP4 replacement missing,mp4 missing
/mnt/spirit-8tb/media/yes/.face-review/enrollment/enrollment_candidates.json,Pornhub.com.mkv,,False,False,blocked because MP4 replacement missing,mp4 missing
/mnt/spirit-8tb/media/yes/.face-review/enrollment/enrollment_candidates.json,Pornhub.com.mkv,,False,False,blocked because MP4 replacement missing,mp4 missing
/mnt/spirit-8tb/media/yes/.face-review/enrollment/enrollment_candidates.json,Pornhub.com.mkv,,False,False,blocked because MP4 replacement missing,mp4 missing
/mnt/spirit-8tb/media/yes/.face-review/enrollment/enrollment_candidates.json,Pornhub.com.mkv,,False,False,blocked because MP4 replacement missing,mp4 missing
/mnt/spirit-8tb/media/yes/.face-review/enrollment/enrollment_candidates.json,Pornhub.com.mkv,,False,False,blocked because MP4 replacement missing,mp4 missing
/mnt/spirit-8tb/media/yes/.face-review/enrollment/enrollment_candidates.json,Pornhub.com.mkv,,False,False,blocked because MP4 replacement missing,mp4 missing
/mnt/spirit-8tb/media/yes/.face-review/enrollment/enrollment_candidates.json,Pornhub.com.mkv,,False,False,blocked because MP4 replacement missing,mp4 missing
/mnt/spirit-8tb/media/yes/.face-review/enrollment/enrollment_candidates.json,Pornhub.com.mkv,,False,False,blocked because MP4 replacement missing,mp4 missing
/mnt/spirit-8tb/media/yes/.face-review/enrollment/enrollment_candidates.json,Pornhub.com.mkv,,False,False,blocked because MP4 replacement missing,mp4 missing
/mnt/spirit-8tb/media/yes/.face-review/enrollment/enrollment_candidates.json,Pornhub.com.mkv,,False,False,blocked because MP4 replacement missing,mp4 missing
/mnt/spirit-8tb/media/yes/.face-review/enrollment/enrollment_candidates.json,Pornhub.com.mkv,,False,False,blocked because MP4 replacement missing,mp4 missing
/mnt/spirit-8tb/media/yes/.face-review/enrollment/enrollment_candidates.json,Pornhub.com.mkv,,False,False,blocked because MP4 replacement missing,mp4 missing
/mnt/spirit-8tb/media/yes/.face-review/enrollment/enrollment_candidates.json,Pornhub.com.mkv,,False,False,blocked because MP4 replacement missing,mp4 missing
/mnt/spirit-8tb/media/yes/.face-review/enrollment/enrollment_candidates.json,487723_720p.mkv,,False,False,blocked because MP4 replacement missing,mp4 missing
/mnt/spirit-8tb/media/yes/.face-review/enrollment/enrollment_candidates.json,487723_720p.mkv,,False,False,blocked because MP4 replacement missing,mp4 missing
/mnt/spirit-8tb/media/yes/.face-review/enrollment/enrollment_candidates.json,487723_720p.mkv,,False,False,blocked because MP4 replacement missing,mp4 missing
/mnt/spirit-8tb/media/yes/.face-review/enrollment/enrollment_candidates.json,487723_720p.mkv,,False,False,blocked because MP4 replacement missing,mp4 missing
/mnt/spirit-8tb/media/yes/.face-review/enrollment/enrollment_candidates.json,487723_720p.mkv,,False,False,blocked because MP4 replacement missing,mp4 missing
/mnt/spirit-8tb/media/yes/.face-review/enrollment/enrollment_candidates.json,487723_720p.mkv,,False,False,blocked because MP4 replacement missing,mp4 missing
/mnt/spirit-8tb/media/yes/.face-review/enrollment/enrollment_candidates.json,487723_720p.mkv,,False,False,blocked because MP4 replacement missing,mp4 missing
/mnt/spirit-8tb/media/yes/.face-review/enrollment/enrollment_candidates.json,548555_720p.mkv,,False,False,blocked because MP4 replacement missing,mp4 missing
/mnt/spirit-8tb/media/yes/.face-review/enrollment/enrollment_candidates.json,548555_720p.mkv,,False,False,blocked because MP4 replacement missing,mp4 missing
/mnt/spirit-8tb/media/yes/.face-review/enrollment/enrollment_candidates.json,548555_720p.mkv,,False,False,blocked because MP4 replacement missing,mp4 missing
/mnt/spirit-8tb/media/yes/.face-review/enrollment/enrollment_candidates.json,548555_720p.mkv,,False,False,blocked because MP4 replacement missing,mp4 missing
/mnt/spirit-8tb/media/yes/.face-review/enrollment/enrollment_candidates.json,548555_720p.mkv,,False,False,blocked because MP4 replacement missing,mp4 missing
/mnt/spirit-8tb/media/yes/.face-review/enrollment/enrollment_candidates.json,487723_720p.mkv,,False,False,blocked because MP4 replacement missing,mp4 missing
/mnt/spirit-8tb/media/yes/.face-review/enrollment/enrollment_candidates.json,548555_720p.mkv,,False,False,blocked because MP4 replacement missing,mp4 missing
/mnt/spirit-8tb/media/yes/.face-review/enrollment/enrollment_candidates.json,449071_720p.mkv,,False,False,blocked because MP4 replacement missing,mp4 missing
/mnt/spirit-8tb/media/yes/.face-review/enrollment/enrollment_candidates.json,484359_720p.mkv,,False,False,blocked because MP4 replacement missing,mp4 missing
/mnt/spirit-8tb/media/yes/.face-review/enrollment/enrollment_candidates.json,449071_720p.mkv,,False,False,blocked because MP4 replacement missing,mp4 missing
/mnt/spirit-8tb/media/yes/.face-review/enrollment/enrollment_candidates.json,484359_720p.mkv,,False,False,blocked because MP4 replacement missing,mp4 missing
/mnt/spirit-8tb/media/yes/.face-review/enrollment/enrollment_candidates.json,449071_720p.mkv,,False,False,blocked because MP4 replacement missing,mp4 missing
/mnt/spirit-8tb/media/yes/.face-review/enrollment/enrollment_candidates.json,484359_720p.mkv,,False,False,blocked because MP4 replacement missing,mp4 missing
/mnt/spirit-8tb/media/yes/.face-review/enrollment/enrollment_candidates.json,449071_720p.mkv,,False,False,blocked because MP4 replacement missing,mp4 missing
/mnt/spirit-8tb/media/yes/.face-review/enrollment/enrollment_candidates.json,449071_720p.mkv,,False,False,blocked because MP4 replacement missing,mp4 missing
/mnt/spirit-8tb/media/yes/.face-review/enrollment/enrollment_candidates.json,449071_720p.mkv,,False,False,blocked because MP4 replacement missing,mp4 missing
/mnt/spirit-8tb/media/yes/.face-review/enrollment/enrollment_candidates.json,449071_720p.mkv,,False,False,blocked because MP4 replacement missing,mp4 missing
/mnt/spirit-8tb/media/yes/.face-review/enrollment/enrollment_candidates.json,449071_720p.mkv,,False,False,blocked because MP4 replacement missing,mp4 missing
/mnt/spirit-8tb/media/yes/.face-review/enrollment/enrollment_candidates.json,449071_720p.mkv,,False,False,blocked because MP4 replacement missing,mp4 missing
/mnt/spirit-8tb/media/yes/.face-review/enrollment/enrollment_candidates.json,484359_720p.mkv,,False,False,blocked because MP4 replacement missing,mp4 missing
/mnt/spirit-8tb/media/yes/.face-review/enrollment/enrollment_candidates.json,484359_720p.mkv,,False,False,blocked because MP4 replacement missing,mp4 missing
/mnt/spirit-8tb/media/yes/.face-review/enrollment/enrollment_candidates.json,484359_720p.mkv,,False,False,blocked because MP4 replacement missing,mp4 missing
/mnt/spirit-8tb/media/yes/.face-review/enrollment/enrollment_candidates.json,484359_720p.mkv,,False,False,blocked because MP4 replacement missing,mp4 missing
/mnt/spirit-8tb/media/yes/.face-review/enrollment/enrollment_candidates.json,484359_720p.mkv,,False,False,blocked because MP4 replacement missing,mp4 missing
/mnt/spirit-8tb/media/yes/.face-review/enrollment/enrollment_candidates.json,449071_720p.mkv,,False,False,blocked because MP4 replacement missing,mp4 missing
/mnt/spirit-8tb/media/yes/.face-review/enrollment/enrollment_candidates.json,484359_720p.mkv,,False,False,blocked because MP4 replacement missing,mp4 missing
/mnt/spirit-8tb/media/yes/.face-review/enrollment/enrollment_candidates.json,278848_720p.mkv,,False,False,blocked because MP4 replacement missing,mp4 missing
/mnt/spirit-8tb/media/yes/.face-review/enrollment/enrollment_candidates.json,278848_720p.mkv,,False,False,blocked because MP4 replacement missing,mp4 missing
/mnt/spirit-8tb/media/yes/.face-review/enrollment/enrollment_candidates.json,278848_720p.mkv,,False,False,blocked because MP4 replacement missing,mp4 missing
/mnt/spirit-8tb/media/yes/.face-review/enrollment/enrollment_candidates.json,278848_720p.mkv,,False,False,blocked because MP4 replacement missing,mp4 missing
/mnt/spirit-8tb/media/yes/.face-review/enrollment/enrollment_candidates.json,278848_720p.mkv,,False,False,blocked because MP4 replacement missing,mp4 missing
/mnt/spirit-8tb/media/yes/.face-review/enrollment/enrollment_candidates.json,278848_720p.mkv,,False,False,blocked because MP4 replacement missing,mp4 missing
/mnt/spirit-8tb/media/yes/.face-review/enrollment/enrollment_candidates.json,278848_720p.mkv,,False,False,blocked because MP4 replacement missing,mp4 missing
/mnt/spirit-8tb/media/yes/.face-review/enrollment/enrollment_candidates.json,278848_720p.mkv,,False,False,blocked because MP4 replacement missing,mp4 missing
/mnt/spirit-8tb/media/yes/.face-review/enrollment/enrollment_candidates.json,278848_720p.mkv,,False,False,blocked because MP4 replacement missing,mp4 missing
/mnt/spirit-8tb/media/yes/.face-review/enrollment/enrollment_candidates.json,278848_720p.mkv,,False,False,blocked because MP4 replacement missing,mp4 missing
/mnt/spirit-8tb/media/yes/.face-review/enrollment/enrollment_candidates.json,207601_720p.mkv,,False,False,blocked because MP4 replacement missing,mp4 missing
/mnt/spirit-8tb/media/yes/.face-review/enrollment/enrollment_candidates.json,207601_720p.mkv,,False,False,blocked because MP4 replacement missing,mp4 missing
/mnt/spirit-8tb/media/yes/.face-review/enrollment/enrollment_candidates.json,207601_720p.mkv,,False,False,blocked because MP4 replacement missing,mp4 missing
/mnt/spirit-8tb/media/yes/.face-review/enrollment/enrollment_candidates.json,207601_720p.mkv,,False,False,blocked because MP4 replacement missing,mp4 missing
/mnt/spirit-8tb/media/yes/.face-review/enrollment/enrollment_candidates.json,207601_720p.mkv,,False,False,blocked because MP4 replacement missing,mp4 missing
/mnt/spirit-8tb/media/yes/.face-review/enrollment/enrollment_candidates.json,207601_720p.mkv,,False,False,blocked because MP4 replacement missing,mp4 missing
/mnt/spirit-8tb/media/yes/.face-review/enrollment/enrollment_candidates.json,207601_720p.mkv,,False,False,blocked because MP4 replacement missing,mp4 missing
/mnt/spirit-8tb/media/yes/.face-review/enrollment/enrollment_candidates.json,207601_720p.mkv,,False,False,blocked because MP4 replacement missing,mp4 missing
/mnt/spirit-8tb/media/yes/.face-review/enrollment/enrollment_candidates.json,207601_720p.mkv,,False,False,blocked because MP4 replacement missing,mp4 missing
/mnt/spirit-8tb/media/yes/.face-review/enrollment/enrollment_candidates.json,207601_720p.mkv,,False,False,blocked because MP4 replacement missing,mp4 missing
/mnt/spirit-8tb/media/yes/.face-review/enrollment/enrollment_candidates.json,207601_720p.mkv,,False,False,blocked because MP4 replacement missing,mp4 missing
/mnt/spirit-8tb/media/yes/.face-review/enrollment/enrollment_candidates.json,207601_720p.mkv,,False,False,blocked because MP4 replacement missing,mp4 missing
/mnt/spirit-8tb/media/yes/.face-review/enrollment/enrollment_candidates.json,207601_720p.mkv,,False,False,blocked because MP4 replacement missing,mp4 missing
/mnt/spirit-8tb/media/yes/.face-review/enrollment/enrollment_candidates.json,207601_720p.mkv,,False,False,blocked because MP4 replacement missing,mp4 missing
/mnt/spirit-8tb/media/yes/.face-review/enrollment/enrollment_candidates.json,207601_720p.mkv,,False,False,blocked because MP4 replacement missing,mp4 missing
/mnt/spirit-8tb/media/yes/.face-review/enrollment/enrollment_candidates.json,207601_720p.mkv,,False,False,blocked because MP4 replacement missing,mp4 missing
/mnt/spirit-8tb/media/yes/.face-review/enrollment/enrollment_candidates.json,207601_720p.mkv,,False,False,blocked because MP4 replacement missing,mp4 missing
/mnt/spirit-8tb/media/yes/.face-review/enrollment/enrollment_candidates.json,207601_720p.mkv,,False,False,blocked because MP4 replacement missing,mp4 missing
/mnt/spirit-8tb/media/yes/.face-review/enrollment/enrollment_candidates.json,207601_720p.mkv,,False,False,blocked because MP4 replacement missing,mp4 missing
/mnt/spirit-8tb/media/yes/.face-review/enrollment/enrollment_candidates.json,207601_720p.mkv,,False,False,blocked because MP4 replacement missing,mp4 missing
/mnt/spirit-8tb/media/yes/.face-review/enrollment/enrollment_candidates.json,207601_720p.mkv,,False,False,blocked because MP4 replacement missing,mp4 missing
/mnt/spirit-8tb/media/yes/.face-review/enrollment/enrollment_candidates.json,207601_720p.mkv,,False,False,blocked because MP4 replacement missing,mp4 missing
/mnt/spirit-8tb/media/yes/.face-review/enrollment/enrollment_candidates.json,207601_720p.mkv,,False,False,blocked because MP4 replacement missing,mp4 missing
/mnt/spirit-8tb/media/yes/.face-review/enrollment/enrollment_candidates.json,207601_720p.mkv,,False,False,blocked because MP4 replacement missing,mp4 missing
/mnt/spirit-8tb/media/yes/.face-review/enrollment/enrollment_candidates.json,362027_720p.mkv,,False,False,blocked because MP4 replacement missing,mp4 missing
/mnt/spirit-8tb/media/yes/.face-review/enrollment/enrollment_candidates.json,362027_720p.mkv,,False,False,blocked because MP4 replacement missing,mp4 missing
/mnt/spirit-8tb/media/yes/.face-review/enrollment/enrollment_candidates.json,362027_720p.mkv,,False,False,blocked because MP4 replacement missing,mp4 missing
/mnt/spirit-8tb/media/yes/.face-review/enrollment/enrollment_candidates.json,362027_720p.mkv,,False,False,blocked because MP4 replacement missing,mp4 missing
/mnt/spirit-8tb/media/yes/.face-review/enrollment/enrollment_candidates.json,362027_720p.mkv,,False,False,blocked because MP4 replacement missing,mp4 missing
/mnt/spirit-8tb/media/yes/.face-review/enrollment/enrollment_candidates.json,362027_720p.mkv,,False,False,blocked because MP4 replacement missing,mp4 missing
/mnt/spirit-8tb/media/yes/.face-review/enrollment/enrollment_candidates.json,362027_720p.mkv,,False,False,blocked because MP4 replacement missing,mp4 missing
/mnt/spirit-8tb/media/yes/.face-review/enrollment/enrollment_candidates.json,362027_720p.mkv,,False,False,blocked because MP4 replacement missing,mp4 missing
/mnt/spirit-8tb/media/yes/.face-review/enrollment/enrollment_candidates.json,362027_720p.mkv,,False,False,blocked because MP4 replacement missing,mp4 missing
/mnt/spirit-8tb/media/yes/.face-review/enrollment/enrollment_candidates.json,362027_720p.mkv,,False,False,blocked because MP4 replacement missing,mp4 missing
/mnt/spirit-8tb/media/yes/.face-review/enrollment/enrollment_candidates.json,362027_720p.mkv,,False,False,blocked because MP4 replacement missing,mp4 missing
/mnt/spirit-8tb/media/yes/.face-review/enrollment/enrollment_candidates.json,OnlyFans(2).mkv,,False,False,blocked because MP4 replacement missing,mp4 missing
/mnt/spirit-8tb/media/yes/.face-review/enrollment/enrollment_candidates.json,OnlyFans(2).mkv,,False,False,blocked because MP4 replacement missing,mp4 missing
/mnt/spirit-8tb/media/yes/.face-review/enrollment/enrollment_candidates.json,513329_720p.mkv,,False,False,blocked because MP4 replacement missing,mp4 missing
/mnt/spirit-8tb/media/yes/.face-review/enrollment/enrollment_candidates.json,564677_720p.mkv,,False,False,blocked because MP4 replacement missing,mp4 missing
/mnt/spirit-8tb/media/yes/.face-review/enrollment/enrollment_candidates.json,513329_720p.mkv,,False,False,blocked because MP4 replacement missing,mp4 missing
/mnt/spirit-8tb/media/yes/.face-review/enrollment/enrollment_candidates.json,564677_720p.mkv,,False,False,blocked because MP4 replacement missing,mp4 missing
/mnt/spirit-8tb/media/yes/.face-review/enrollment/enrollment_candidates.json,513329_720p.mkv,,False,False,blocked because MP4 replacement missing,mp4 missing
/mnt/spirit-8tb/media/yes/.face-review/enrollment/enrollment_candidates.json,564677_720p.mkv,,False,False,blocked because MP4 replacement missing,mp4 missing
/mnt/spirit-8tb/media/yes/.face-review/enrollment/enrollment_candidates.json,513329_720p.mkv,,False,False,blocked because MP4 replacement missing,mp4 missing
/mnt/spirit-8tb/media/yes/.face-review/enrollment/enrollment_candidates.json,564677_720p.mkv,,False,False,blocked because MP4 replacement missing,mp4 missing
/mnt/spirit-8tb/media/yes/.face-review/enrollment/enrollment_candidates.json,513329_720p.mkv,,False,False,blocked because MP4 replacement missing,mp4 missing
/mnt/spirit-8tb/media/yes/.face-review/enrollment/enrollment_candidates.json,564677_720p.mkv,,False,False,blocked because MP4 replacement missing,mp4 missing
/mnt/spirit-8tb/media/yes/.face-review/enrollment/enrollment_candidates.json,513329_720p.mkv,,False,False,blocked because MP4 replacement missing,mp4 missing
/mnt/spirit-8tb/media/yes/.face-review/enrollment/enrollment_candidates.json,513329_720p.mkv,,False,False,blocked because MP4 replacement missing,mp4 missing
/mnt/spirit-8tb/media/yes/.face-review/enrollment/enrollment_candidates.json,513329_720p.mkv,,False,False,blocked because MP4 replacement missing,mp4 missing
/mnt/spirit-8tb/media/yes/.face-review/enrollment/enrollment_candidates.json,513329_720p.mkv,,False,False,blocked because MP4 replacement missing,mp4 missing
/mnt/spirit-8tb/media/yes/.face-review/enrollment/enrollment_candidates.json,513329_720p.mkv,,False,False,blocked because MP4 replacement missing,mp4 missing
/mnt/spirit-8tb/media/yes/.face-review/enrollment/enrollment_candidates.json,564677_720p.mkv,,False,False,blocked because MP4 replacement missing,mp4 missing
/mnt/spirit-8tb/media/yes/.face-review/enrollment/enrollment_candidates.json,564677_720p.mkv,,False,False,blocked because MP4 replacement missing,mp4 missing
/mnt/spirit-8tb/media/yes/.face-review/enrollment/enrollment_candidates.json,564677_720p.mkv,,False,False,blocked because MP4 replacement missing,mp4 missing
/mnt/spirit-8tb/media/yes/.face-review/enrollment/enrollment_candidates.json,564677_720p.mkv,,False,False,blocked because MP4 replacement missing,mp4 missing
/mnt/spirit-8tb/media/yes/.face-review/enrollment/enrollment_candidates.json,564677_720p.mkv,,False,False,blocked because MP4 replacement missing,mp4 missing
/mnt/spirit-8tb/media/yes/.face-review/enrollment/enrollment_candidates.json,513329_720p.mkv,,False,False,blocked because MP4 replacement missing,mp4 missing
/mnt/spirit-8tb/media/yes/.face-review/enrollment/enrollment_candidates.json,564677_720p.mkv,,False,False,blocked because MP4 replacement missing,mp4 missing
/mnt/spirit-8tb/media/yes/.face-review/enrollment/enrollment_candidates.json,3888823_hq.mkv,,False,False,blocked because MP4 replacement missing,mp4 missing
/mnt/spirit-8tb/media/yes/.face-review/enrollment/enrollment_candidates.json,3888823_hq.mkv,,False,False,blocked because MP4 replacement missing,mp4 missing
/mnt/spirit-8tb/media/yes/.face-review/enrollment/enrollment_candidates.json,3888823_hq.mkv,,False,False,blocked because MP4 replacement missing,mp4 missing
/mnt/spirit-8tb/media/yes/.face-review/enrollment/enrollment_candidates.json,3888823_hq.mkv,,False,False,blocked because MP4 replacement missing,mp4 missing
/mnt/spirit-8tb/media/yes/.face-review/enrollment/enrollment_candidates.json,3888823_hq.mkv,,False,False,blocked because MP4 replacement missing,mp4 missing
/mnt/spirit-8tb/media/yes/.face-review/enrollment/enrollment_candidates.json,3888823_hq.mkv,,False,False,blocked because MP4 replacement missing,mp4 missing
/mnt/spirit-8tb/media/yes/.face-review/enrollment/enrollment_candidates.json,3888823_hq.mkv,,False,False,blocked because MP4 replacement missing,mp4 missing
/mnt/spirit-8tb/media/yes/.face-review/enrollment/enrollment_candidates.json,3888823_hq.mkv,,False,False,blocked because MP4 replacement missing,mp4 missing
/mnt/spirit-8tb/media/yes/.face-review/enrollment/enrollment_candidates.json,3888823_hq.mkv,,False,False,blocked because MP4 replacement missing,mp4 missing
/mnt/spirit-8tb/media/yes/.face-review/enrollment/enrollment_candidates.json,3888823_hq.mkv,,False,False,blocked because MP4 replacement missing,mp4 missing
/mnt/spirit-8tb/media/yes/.face-review/enrollment/enrollment_candidates.json,3888823_hq.mkv,,False,False,blocked because MP4 replacement missing,mp4 missing
/mnt/spirit-8tb/media/yes/.face-review/enrollment/enrollment_candidates.json,3888823_hq.mkv,,False,False,blocked because MP4 replacement missing,mp4 missing
/mnt/spirit-8tb/media/yes/.face-review/enrollment/enrollment_candidates.json,3888823_hq.mkv,,False,False,blocked because MP4 replacement missing,mp4 missing
/mnt/spirit-8tb/media/yes/.face-review/enrollment/enrollment_candidates.json,3888823_hq.mkv,,False,False,blocked because MP4 replacement missing,mp4 missing
/mnt/spirit-8tb/media/yes/.face-review/enrollment/enrollment_candidates.json,3888823_hq.mkv,,False,False,blocked because MP4 replacement missing,mp4 missing
/mnt/spirit-8tb/media/yes/.face-review/enrollment/enrollment_candidates.json,3888823_hq.mkv,,False,False,blocked because MP4 replacement missing,mp4 missing
/mnt/spirit-8tb/media/yes/.face-review/enrollment/enrollment_candidates.json,3888823_hq.mkv,,False,False,blocked because MP4 replacement missing,mp4 missing
/mnt/spirit-8tb/media/yes/.face-review/enrollment/enrollment_candidates.json,3888823_hq.mkv,,False,False,blocked because MP4 replacement missing,mp4 missing
/mnt/spirit-8tb/media/yes/.face-review/enrollment/enrollment_candidates.json,3888823_hq.mkv,,False,False,blocked because MP4 replacement missing,mp4 missing
/mnt/spirit-8tb/media/yes/.face-review/enrollment/enrollment_candidates.json,3888823_hq.mkv,,False,False,blocked because MP4 replacement missing,mp4 missing
/mnt/spirit-8tb/media/yes/.face-review/enrollment/enrollment_candidates.json,3888823_hq.mkv,,False,False,blocked because MP4 replacement missing,mp4 missing
/mnt/spirit-8tb/media/yes/.face-review/enrollment/enrollment_candidates.json,3888823_hq.mkv,,False,False,blocked because MP4 replacement missing,mp4 missing
/mnt/spirit-8tb/media/yes/.face-review/enrollment/enrollment_candidates.json,3888823_hq.mkv,,False,False,blocked because MP4 replacement missing,mp4 missing
/mnt/spirit-8tb/media/yes/.face-review/enrollment/enrollment_candidates.json,boobs.mp4.mkv,,False,False,blocked because MP4 replacement missing,mp4 missing
/mnt/spirit-8tb/media/yes/.face-review/enrollment/enrollment_candidates.json,boobs.mp4.mkv,,False,False,blocked because MP4 replacement missing,mp4 missing
/mnt/spirit-8tb/media/yes/.face-review/enrollment/enrollment_candidates.json,boobs.mp4.mkv,,False,False,blocked because MP4 replacement missing,mp4 missing
/mnt/spirit-8tb/media/yes/.face-review/enrollment/enrollment_candidates.json,71357paid.mkv,,False,False,blocked because MP4 replacement missing,mp4 missing
/mnt/spirit-8tb/media/yes/.face-review/enrollment/enrollment_candidates.json,71357paid.mkv,,False,False,blocked because MP4 replacement missing,mp4 missing
/mnt/spirit-8tb/media/yes/.face-review/enrollment/enrollment_candidates.json,71357paid.mkv,,False,False,blocked because MP4 replacement missing,mp4 missing
/mnt/spirit-8tb/media/yes/.face-review/enrollment/enrollment_candidates.json,71357paid.mkv,,False,False,blocked because MP4 replacement missing,mp4 missing
/mnt/spirit-8tb/media/yes/.face-review/enrollment/enrollment_candidates.json,71357paid.mkv,,False,False,blocked because MP4 replacement missing,mp4 missing
/mnt/spirit-8tb/media/yes/.face-review/enrollment/enrollment_candidates.json,71357paid.mkv,,False,False,blocked because MP4 replacement missing,mp4 missing
/mnt/spirit-8tb/media/yes/.face-review/enrollment/enrollment_candidates.json,71357paid.mkv,,False,False,blocked because MP4 replacement missing,mp4 missing
/mnt/spirit-8tb/media/yes/.face-review/enrollment/enrollment_candidates.json,71357paid.mkv,,False,False,blocked because MP4 replacement missing,mp4 missing
/mnt/spirit-8tb/media/yes/.face-review/enrollment/enrollment_candidates.json,71357paid.mkv,,False,False,blocked because MP4 replacement missing,mp4 missing
/mnt/spirit-8tb/media/yes/.face-review/enrollment/enrollment_candidates.json,71357paid.mkv,,False,False,blocked because MP4 replacement missing,mp4 missing
/mnt/spirit-8tb/media/yes/.face-review/enrollment/enrollment_candidates.json,home__282.mkv,,False,False,blocked because MP4 replacement missing,mp4 missing
/mnt/spirit-8tb/media/yes/.face-review/enrollment/enrollment_candidates.json,home__297.mkv,,False,False,blocked because MP4 replacement missing,mp4 missing
/mnt/spirit-8tb/media/yes/.face-review/enrollment/enrollment_candidates.json,home__315.mkv,,False,False,blocked because MP4 replacement missing,mp4 missing
/mnt/spirit-8tb/media/yes/.face-review/enrollment/enrollment_candidates.json,home__360.mkv,,False,False,blocked because MP4 replacement missing,mp4 missing
/mnt/spirit-8tb/media/yes/.face-review/enrollment/enrollment_candidates.json,home__377.mkv,,False,False,blocked because MP4 replacement missing,mp4 missing
/mnt/spirit-8tb/media/yes/.face-review/enrollment/enrollment_candidates.json,home__400.mkv,,False,False,blocked because MP4 replacement missing,mp4 missing
/mnt/spirit-8tb/media/yes/.face-review/enrollment/enrollment_candidates.json,home__406.mkv,,False,False,blocked because MP4 replacement missing,mp4 missing
/mnt/spirit-8tb/media/yes/.face-review/enrollment/enrollment_candidates.json,home__282.mkv,,False,False,blocked because MP4 replacement missing,mp4 missing
/mnt/spirit-8tb/media/yes/.face-review/enrollment/enrollment_candidates.json,home__297.mkv,,False,False,blocked because MP4 replacement missing,mp4 missing
/mnt/spirit-8tb/media/yes/.face-review/enrollment/enrollment_candidates.json,home__315.mkv,,False,False,blocked because MP4 replacement missing,mp4 missing
/mnt/spirit-8tb/media/yes/.face-review/enrollment/enrollment_candidates.json,home__360.mkv,,False,False,blocked because MP4 replacement missing,mp4 missing
/mnt/spirit-8tb/media/yes/.face-review/enrollment/enrollment_candidates.json,home__377.mkv,,False,False,blocked because MP4 replacement missing,mp4 missing
/mnt/spirit-8tb/media/yes/.face-review/enrollment/enrollment_candidates.json,home__400.mkv,,False,False,blocked because MP4 replacement missing,mp4 missing
/mnt/spirit-8tb/media/yes/.face-review/enrollment/enrollment_candidates.json,home__406.mkv,,False,False,blocked because MP4 replacement missing,mp4 missing
/mnt/spirit-8tb/media/yes/.face-review/enrollment/enrollment_candidates.json,Stranger.mkv,,False,False,blocked because MP4 replacement missing,mp4 missing
/mnt/spirit-8tb/media/yes/.face-review/enrollment/enrollment_candidates.json,Stranger.mkv,,False,False,blocked because MP4 replacement missing,mp4 missing
/mnt/spirit-8tb/media/yes/.face-review/enrollment/enrollment_candidates.json,Stranger.mkv,,False,False,blocked because MP4 replacement missing,mp4 missing
/mnt/spirit-8tb/media/yes/.face-review/enrollment/enrollment_candidates.json,Stranger.mkv,,False,False,blocked because MP4 replacement missing,mp4 missing
/mnt/spirit-8tb/media/yes/.face-review/enrollment/enrollment_candidates.json,Stranger.mkv,,False,False,blocked because MP4 replacement missing,mp4 missing
/mnt/spirit-8tb/media/yes/.face-review/enrollment/enrollment_candidates.json,Stranger.mkv,,False,False,blocked because MP4 replacement missing,mp4 missing
/mnt/spirit-8tb/media/yes/.face-review/enrollment/enrollment_candidates.json,Stranger.mkv,,False,False,blocked because MP4 replacement missing,mp4 missing
/mnt/spirit-8tb/media/yes/.face-review/enrollment/enrollment_candidates.json,Stranger.mkv,,False,False,blocked because MP4 replacement missing,mp4 missing
/mnt/spirit-8tb/media/yes/.face-review/enrollment/enrollment_candidates.json,Stranger.mkv,,False,False,blocked because MP4 replacement missing,mp4 missing
/mnt/spirit-8tb/media/yes/.face-review/enrollment/enrollment_candidates.json,Stranger.mkv,,False,False,blocked because MP4 replacement missing,mp4 missing
/mnt/spirit-8tb/media/yes/.face-review/enrollment/enrollment_candidates.json,Stranger.mkv,,False,False,blocked because MP4 replacement missing,mp4 missing
/mnt/spirit-8tb/media/yes/.face-review/enrollment/enrollment_candidates.json,Stranger.mkv,,False,False,blocked because MP4 replacement missing,mp4 missing
/mnt/spirit-8tb/media/yes/.face-review/enrollment/enrollment_candidates.json,Stranger.mkv,,False,False,blocked because MP4 replacement missing,mp4 missing
/mnt/spirit-8tb/media/yes/.face-review/enrollment/enrollment_candidates.json,Stranger.mkv,,False,False,blocked because MP4 replacement missing,mp4 missing
/mnt/spirit-8tb/media/yes/.face-review/enrollment/enrollment_candidates.json,Stranger.mkv,,False,False,blocked because MP4 replacement missing,mp4 missing
/mnt/spirit-8tb/media/yes/.face-review/enrollment/enrollment_candidates.json,Stranger.mkv,,False,False,blocked because MP4 replacement missing,mp4 missing
/mnt/spirit-8tb/media/yes/.face-review/enrollment/enrollment_candidates.json,Stranger.mkv,,False,False,blocked because MP4 replacement missing,mp4 missing
/mnt/spirit-8tb/media/yes/.face-review/enrollment/enrollment_candidates.json,Stranger.mkv,,False,False,blocked because MP4 replacement missing,mp4 missing
/mnt/spirit-8tb/media/yes/.face-review/enrollment/enrollment_candidates.json,Stranger.mkv,,False,False,blocked because MP4 replacement missing,mp4 missing
/mnt/spirit-8tb/media/yes/.face-review/enrollment/enrollment_candidates.json,Stranger.mkv,,False,False,blocked because MP4 replacement missing,mp4 missing
/mnt/spirit-8tb/media/yes/.face-review/enrollment/enrollment_candidates.json,Stranger.mkv,,False,False,blocked because MP4 replacement missing,mp4 missing
/mnt/spirit-8tb/media/yes/.face-review/enrollment/enrollment_candidates.json,Stranger.mkv,,False,False,blocked because MP4 replacement missing,mp4 missing
/mnt/spirit-8tb/media/yes/.face-review/enrollment/enrollment_candidates.json,Stranger.mkv,,False,False,blocked because MP4 replacement missing,mp4 missing
/mnt/spirit-8tb/media/yes/.face-review/enrollment/enrollment_candidates.json,Stranger.mkv,,False,False,blocked because MP4 replacement missing,mp4 missing
/mnt/spirit-8tb/media/yes/.face-review/enrollment/enrollment_candidates.json,Stranger.mkv,,False,False,blocked because MP4 replacement missing,mp4 missing
/mnt/spirit-8tb/media/yes/.face-review/enrollment/enrollment_candidates.json,10859483.mkv,,False,False,blocked because MP4 replacement missing,mp4 missing
/mnt/spirit-8tb/media/yes/.face-review/enrollment/enrollment_candidates.json,10859483.mkv,,False,False,blocked because MP4 replacement missing,mp4 missing
/mnt/spirit-8tb/media/yes/.face-review/enrollment/enrollment_candidates.json,12558863.mkv,,False,False,blocked because MP4 replacement missing,mp4 missing
/mnt/spirit-8tb/media/yes/.face-review/enrollment/enrollment_candidates.json,12558863.mkv,,False,False,blocked because MP4 replacement missing,mp4 missing
/mnt/spirit-8tb/media/yes/.face-review/enrollment/enrollment_candidates.json,12726049.mkv,,False,False,blocked because MP4 replacement missing,mp4 missing
/mnt/spirit-8tb/media/yes/.face-review/enrollment/enrollment_candidates.json,12726049.mkv,,False,False,blocked because MP4 replacement missing,mp4 missing
/mnt/spirit-8tb/media/yes/.face-review/enrollment/enrollment_candidates.json,10859483.mkv,,False,False,blocked because MP4 replacement missing,mp4 missing
/mnt/spirit-8tb/media/yes/.face-review/enrollment/enrollment_candidates.json,10859483.mkv,,False,False,blocked because MP4 replacement missing,mp4 missing
/mnt/spirit-8tb/media/yes/.face-review/enrollment/enrollment_candidates.json,10859483.mkv,,False,False,blocked because MP4 replacement missing,mp4 missing
/mnt/spirit-8tb/media/yes/.face-review/enrollment/enrollment_candidates.json,10859483.mkv,,False,False,blocked because MP4 replacement missing,mp4 missing
/mnt/spirit-8tb/media/yes/.face-review/enrollment/enrollment_candidates.json,10859483.mkv,,False,False,blocked because MP4 replacement missing,mp4 missing
/mnt/spirit-8tb/media/yes/.face-review/enrollment/enrollment_candidates.json,10859483.mkv,,False,False,blocked because MP4 replacement missing,mp4 missing
/mnt/spirit-8tb/media/yes/.face-review/enrollment/enrollment_candidates.json,12558863.mkv,,False,False,blocked because MP4 replacement missing,mp4 missing
/mnt/spirit-8tb/media/yes/.face-review/enrollment/enrollment_candidates.json,12558863.mkv,,False,False,blocked because MP4 replacement missing,mp4 missing
/mnt/spirit-8tb/media/yes/.face-review/enrollment/enrollment_candidates.json,12558863.mkv,,False,False,blocked because MP4 replacement missing,mp4 missing
/mnt/spirit-8tb/media/yes/.face-review/enrollment/enrollment_candidates.json,12558863.mkv,,False,False,blocked because MP4 replacement missing,mp4 missing
/mnt/spirit-8tb/media/yes/.face-review/enrollment/enrollment_candidates.json,12558863.mkv,,False,False,blocked because MP4 replacement missing,mp4 missing
/mnt/spirit-8tb/media/yes/.face-review/enrollment/enrollment_candidates.json,12558863.mkv,,False,False,blocked because MP4 replacement missing,mp4 missing
/mnt/spirit-8tb/media/yes/.face-review/enrollment/enrollment_candidates.json,12558863.mkv,,False,False,blocked because MP4 replacement missing,mp4 missing
/mnt/spirit-8tb/media/yes/.face-review/enrollment/enrollment_candidates.json,12558863.mkv,,False,False,blocked because MP4 replacement missing,mp4 missing
/mnt/spirit-8tb/media/yes/.face-review/enrollment/enrollment_candidates.json,12558863.mkv,,False,False,blocked because MP4 replacement missing,mp4 missing
/mnt/spirit-8tb/media/yes/.face-review/enrollment/enrollment_candidates.json,12558863.mkv,,False,False,blocked because MP4 replacement missing,mp4 missing
/mnt/spirit-8tb/media/yes/.face-review/enrollment/enrollment_candidates.json,12726049.mkv,,False,False,blocked because MP4 replacement missing,mp4 missing
/mnt/spirit-8tb/media/yes/.face-review/enrollment/enrollment_candidates.json,12726049.mkv,,False,False,blocked because MP4 replacement missing,mp4 missing
/mnt/spirit-8tb/media/yes/.face-review/enrollment/enrollment_candidates.json,12726049.mkv,,False,False,blocked because MP4 replacement missing,mp4 missing
/mnt/spirit-8tb/media/yes/.face-review/enrollment/enrollment_candidates.json,12726049.mkv,,False,False,blocked because MP4 replacement missing,mp4 missing
/mnt/spirit-8tb/media/yes/.face-review/enrollment/enrollment_candidates.json,12726049.mkv,,False,False,blocked because MP4 replacement missing,mp4 missing
/mnt/spirit-8tb/media/yes/.face-review/enrollment/enrollment_candidates.json,12726049.mkv,,False,False,blocked because MP4 replacement missing,mp4 missing
/mnt/spirit-8tb/media/yes/.face-review/enrollment/enrollment_candidates.json,12726049.mkv,,False,False,blocked because MP4 replacement missing,mp4 missing
/mnt/spirit-8tb/media/yes/.face-review/enrollment/enrollment_candidates.json,12726049.mkv,,False,False,blocked because MP4 replacement missing,mp4 missing
/mnt/spirit-8tb/media/yes/.face-review/enrollment/enrollment_candidates.json,12726049.mkv,,False,False,blocked because MP4 replacement missing,mp4 missing
/mnt/spirit-8tb/media/yes/.face-review/enrollment/enrollment_candidates.json,12726049.mkv,,False,False,blocked because MP4 replacement missing,mp4 missing
/mnt/spirit-8tb/media/yes/.face-review/enrollment/enrollment_candidates.json,10859483.mkv,,False,False,blocked because MP4 replacement missing,mp4 missing
/mnt/spirit-8tb/media/yes/.face-review/enrollment/enrollment_candidates.json,12558863.mkv,,False,False,blocked because MP4 replacement missing,mp4 missing
/mnt/spirit-8tb/media/yes/.face-review/enrollment/enrollment_candidates.json,12726049.mkv,,False,False,blocked because MP4 replacement missing,mp4 missing
/mnt/spirit-8tb/media/yes/.face-review/enrollment/enrollment_candidates.json,10859483.mkv,,False,False,blocked because MP4 replacement missing,mp4 missing
/mnt/spirit-8tb/media/yes/.face-review/enrollment/enrollment_candidates.json,10859483.mkv,,False,False,blocked because MP4 replacement missing,mp4 missing
/mnt/spirit-8tb/media/yes/.face-review/enrollment/enrollment_candidates.json,12558863.mkv,,False,False,blocked because MP4 replacement missing,mp4 missing
/mnt/spirit-8tb/media/yes/.face-review/enrollment/enrollment_candidates.json,12558863.mkv,,False,False,blocked because MP4 replacement missing,mp4 missing
/mnt/spirit-8tb/media/yes/.face-review/enrollment/enrollment_candidates.json,12726049.mkv,,False,False,blocked because MP4 replacement missing,mp4 missing
/mnt/spirit-8tb/media/yes/.face-review/enrollment/enrollment_candidates.json,12726049.mkv,,False,False,blocked because MP4 replacement missing,mp4 missing
/mnt/spirit-8tb/media/yes/.face-review/enrollment/enrollment_candidates.json,Onlyfans.mkv,,False,False,blocked because MP4 replacement missing,mp4 missing
/mnt/spirit-8tb/media/yes/.face-review/enrollment/enrollment_candidates.json,Onlyfans.mkv,,False,False,blocked because MP4 replacement missing,mp4 missing
/mnt/spirit-8tb/media/yes/.face-review/enrollment/enrollment_candidates.json,Onlyfans.mkv,,False,False,blocked because MP4 replacement missing,mp4 missing
/mnt/spirit-8tb/media/yes/.face-review/enrollment/enrollment_candidates.json,Onlyfans.mkv,,False,False,blocked because MP4 replacement missing,mp4 missing
/mnt/spirit-8tb/media/yes/.face-review/enrollment/enrollment_candidates.json,Onlyfans.mkv,,False,False,blocked because MP4 replacement missing,mp4 missing
/mnt/spirit-8tb/media/yes/.face-review/enrollment/enrollment_candidates.json,Onlyfans.mkv,,False,False,blocked because MP4 replacement missing,mp4 missing
/mnt/spirit-8tb/media/yes/.face-review/enrollment/enrollment_candidates.json,Onlyfans.mkv,,False,False,blocked because MP4 replacement missing,mp4 missing
/mnt/spirit-8tb/media/yes/.face-review/enrollment/enrollment_candidates.json,Onlyfans.mkv,,False,False,blocked because MP4 replacement missing,mp4 missing
/mnt/spirit-8tb/media/yes/.face-review/enrollment/enrollment_candidates.json,Onlyfans.mkv,,False,False,blocked because MP4 replacement missing,mp4 missing
/mnt/spirit-8tb/media/yes/.face-review/enrollment/enrollment_candidates.json,Onlyfans.mkv,,False,False,blocked because MP4 replacement missing,mp4 missing
/mnt/spirit-8tb/media/yes/.face-review/enrollment/enrollment_candidates.json,Onlyfans.mkv,,False,False,blocked because MP4 replacement missing,mp4 missing
/mnt/spirit-8tb/media/yes/.face-review/enrollment/enrollment_candidates.json,Onlyfans.mkv,,False,False,blocked because MP4 replacement missing,mp4 missing
/mnt/spirit-8tb/media/yes/.face-review/enrollment/enrollment_candidates.json,Onlyfans.mkv,,False,False,blocked because MP4 replacement missing,mp4 missing
/mnt/spirit-8tb/media/yes/.face-review/enrollment/enrollment_candidates.json,Onlyfans.mkv,,False,False,blocked because MP4 replacement missing,mp4 missing
/mnt/spirit-8tb/media/yes/.face-review/enrollment/enrollment_candidates.json,Onlyfans.mkv,,False,False,blocked because MP4 replacement missing,mp4 missing
/mnt/spirit-8tb/media/yes/.face-review/enrollment/enrollment_candidates.json,Onlyfans.mkv,,False,False,blocked because MP4 replacement missing,mp4 missing
/mnt/spirit-8tb/media/yes/.face-review/enrollment/enrollment_candidates.json,Onlyfans.mkv,,False,False,blocked because MP4 replacement missing,mp4 missing
/mnt/spirit-8tb/media/yes/.face-review/enrollment/enrollment_candidates.json,Onlyfans.mkv,,False,False,blocked because MP4 replacement missing,mp4 missing
/mnt/spirit-8tb/media/yes/.face-review/enrollment/enrollment_candidates.json,Onlyfans.mkv,,False,False,blocked because MP4 replacement missing,mp4 missing
/mnt/spirit-8tb/media/yes/.face-review/enrollment/enrollment_candidates.json,Onlyfans.mkv,,False,False,blocked because MP4 replacement missing,mp4 missing
/mnt/spirit-8tb/media/yes/.face-review/enrollment/enrollment_candidates.json,Onlyfans.mkv,,False,False,blocked because MP4 replacement missing,mp4 missing
/mnt/spirit-8tb/media/yes/.face-review/enrollment/enrollment_candidates.json,Onlyfans.mkv,,False,False,blocked because MP4 replacement missing,mp4 missing
/mnt/spirit-8tb/media/yes/.face-review/enrollment/enrollment_candidates.json,Onlyfans.mkv,,False,False,blocked because MP4 replacement missing,mp4 missing
/mnt/spirit-8tb/media/yes/.face-review/enrollment/enrollment_candidates.json,Onlyfans.mkv,,False,False,blocked because MP4 replacement missing,mp4 missing
/mnt/spirit-8tb/media/yes/.face-review/enrollment/enrollment_candidates.json,Onlyfans.mkv,,False,False,blocked because MP4 replacement missing,mp4 missing
/mnt/spirit-8tb/media/yes/.face-review/enrollment/enrollment_candidates.json,Onlyfans.mkv,,False,False,blocked because MP4 replacement missing,mp4 missing
/mnt/spirit-8tb/media/yes/.face-review/enrollment/enrollment_candidates.json,Onlyfans.mkv,,False,False,blocked because MP4 replacement missing,mp4 missing
/mnt/spirit-8tb/media/yes/.face-review/enrollment/enrollment_candidates.json,Onlyfans.mkv,,False,False,blocked because MP4 replacement missing,mp4 missing
/mnt/spirit-8tb/media/yes/.face-review/enrollment/enrollment_candidates.json,Onlyfans.mkv,,False,False,blocked because MP4 replacement missing,mp4 missing
/mnt/spirit-8tb/media/yes/.face-review/enrollment/enrollment_candidates.json,Onlyfans.mkv,,False,False,blocked because MP4 replacement missing,mp4 missing
/mnt/spirit-8tb/media/yes/.face-review/enrollment/enrollment_candidates.json,Onlyfans.mkv,,False,False,blocked because MP4 replacement missing,mp4 missing
/mnt/spirit-8tb/media/yes/.face-review/enrollment/enrollment_candidates.json,Onlyfans.mkv,,False,False,blocked because MP4 replacement missing,mp4 missing
/mnt/spirit-8tb/media/yes/.face-review/enrollment/enrollment_candidates.json,Onlyfans.mkv,,False,False,blocked because MP4 replacement missing,mp4 missing
/mnt/spirit-8tb/media/yes/.face-review/enrollment/enrollment_candidates.json,Onlyfans.mkv,,False,False,blocked because MP4 replacement missing,mp4 missing
/mnt/spirit-8tb/media/yes/.face-review/enrollment/enrollment_candidates.json,Onlyfans.mkv,,False,False,blocked because MP4 replacement missing,mp4 missing
/mnt/spirit-8tb/media/yes/.face-review/enrollment/enrollment_candidates.json,Fapptime.mkv,,False,False,blocked because MP4 replacement missing,mp4 missing
/mnt/spirit-8tb/media/yes/.face-review/enrollment/enrollment_candidates.json,Fapptime.mkv,,False,False,blocked because MP4 replacement missing,mp4 missing
/mnt/spirit-8tb/media/yes/.face-review/enrollment/enrollment_candidates.json,Fapptime.mkv,,False,False,blocked because MP4 replacement missing,mp4 missing
/mnt/spirit-8tb/media/yes/.face-review/enrollment/enrollment_candidates.json,Fapptime.mkv,,False,False,blocked because MP4 replacement missing,mp4 missing
/mnt/spirit-8tb/media/yes/.face-review/enrollment/enrollment_candidates.json,14318872.mkv,,False,False,blocked because MP4 replacement missing,mp4 missing
/mnt/spirit-8tb/media/yes/.face-review/enrollment/enrollment_candidates.json,14318872.mkv,,False,False,blocked because MP4 replacement missing,mp4 missing
/mnt/spirit-8tb/media/yes/.face-review/enrollment/enrollment_candidates.json,14318872.mkv,,False,False,blocked because MP4 replacement missing,mp4 missing
/mnt/spirit-8tb/media/yes/.face-review/enrollment/enrollment_candidates.json,14318872.mkv,,False,False,blocked because MP4 replacement missing,mp4 missing
/mnt/spirit-8tb/media/yes/.face-review/enrollment/enrollment_candidates.json,14318872.mkv,,False,False,blocked because MP4 replacement missing,mp4 missing
/mnt/spirit-8tb/media/yes/.face-review/enrollment/enrollment_candidates.json,14318872.mkv,,False,False,blocked because MP4 replacement missing,mp4 missing
/mnt/spirit-8tb/media/yes/.face-review/enrollment/enrollment_candidates.json,14318872.mkv,,False,False,blocked because MP4 replacement missing,mp4 missing
/mnt/spirit-8tb/media/yes/.face-review/enrollment/enrollment_candidates.json,14318872.mkv,,False,False,blocked because MP4 replacement missing,mp4 missing
/mnt/spirit-8tb/media/yes/.face-review/enrollment/enrollment_candidates.json,14318872.mkv,,False,False,blocked because MP4 replacement missing,mp4 missing
/mnt/spirit-8tb/media/yes/.face-review/enrollment/enrollment_candidates.json,Onlyfans.mkv,,False,False,blocked because MP4 replacement missing,mp4 missing
/mnt/spirit-8tb/media/yes/.face-review/enrollment/enrollment_candidates.json,Onlyfans.mkv,,False,False,blocked because MP4 replacement missing,mp4 missing
/mnt/spirit-8tb/media/yes/.face-review/enrollment/enrollment_candidates.json,Onlyfans.mkv,,False,False,blocked because MP4 replacement missing,mp4 missing
/mnt/spirit-8tb/media/yes/.face-review/enrollment/enrollment_candidates.json,Onlyfans.mkv,,False,False,blocked because MP4 replacement missing,mp4 missing
/mnt/spirit-8tb/media/yes/.face-review/enrollment/enrollment_candidates.json,Onlyfans.mkv,,False,False,blocked because MP4 replacement missing,mp4 missing
/mnt/spirit-8tb/media/yes/.face-review/enrollment/enrollment_candidates.json,Onlyfans.mkv,,False,False,blocked because MP4 replacement missing,mp4 missing
/mnt/spirit-8tb/media/yes/.face-review/enrollment/enrollment_candidates.json,Onlyfans.mkv,,False,False,blocked because MP4 replacement missing,mp4 missing
/mnt/spirit-8tb/media/yes/.face-review/enrollment/enrollment_candidates.json,Onlyfans.mkv,,False,False,blocked because MP4 replacement missing,mp4 missing
/mnt/spirit-8tb/media/yes/.face-review/enrollment/enrollment_candidates.json,Onlyfans.mkv,,False,False,blocked because MP4 replacement missing,mp4 missing
/mnt/spirit-8tb/media/yes/.face-review/enrollment/enrollment_candidates.json,Onlyfans.mkv,,False,False,blocked because MP4 replacement missing,mp4 missing
/mnt/spirit-8tb/media/yes/.face-review/enrollment/enrollment_candidates.json,Onlyfans.mkv,,False,False,blocked because MP4 replacement missing,mp4 missing
/mnt/spirit-8tb/media/yes/.face-review/enrollment/enrollment_candidates.json,Onlyfans.mkv,,False,False,blocked because MP4 replacement missing,mp4 missing
/mnt/spirit-8tb/media/yes/.face-review/enrollment/enrollment_candidates.json,Onlyfans.mkv,,False,False,blocked because MP4 replacement missing,mp4 missing
/mnt/spirit-8tb/media/yes/.face-review/enrollment/enrollment_candidates.json,Onlyfans.mkv,,False,False,blocked because MP4 replacement missing,mp4 missing
/mnt/spirit-8tb/media/yes/.face-review/enrollment/enrollment_candidates.json,Onlyfans.mkv,,False,False,blocked because MP4 replacement missing,mp4 missing
/mnt/spirit-8tb/media/yes/.face-review/enrollment/enrollment_candidates.json,sextape.mkv,,False,False,blocked because MP4 replacement missing,mp4 missing
/mnt/spirit-8tb/media/yes/.face-review/enrollment/enrollment_candidates.json,sextape.mkv,,False,False,blocked because MP4 replacement missing,mp4 missing
/mnt/spirit-8tb/media/yes/.face-review/enrollment/enrollment_candidates.json,023.mp4.mkv,,False,False,blocked because MP4 replacement missing,mp4 missing
/mnt/spirit-8tb/media/yes/.face-review/enrollment/enrollment_candidates.json,023.mp4.mkv,,False,False,blocked because MP4 replacement missing,mp4 missing
/mnt/spirit-8tb/media/yes/.face-review/enrollment/enrollment_candidates.json,024.mp4.mkv,,False,False,blocked because MP4 replacement missing,mp4 missing
/mnt/spirit-8tb/media/yes/.face-review/enrollment/enrollment_candidates.json,024.mp4.mkv,,False,False,blocked because MP4 replacement missing,mp4 missing
/mnt/spirit-8tb/media/yes/.face-review/enrollment/enrollment_candidates.json,025.mp4.mkv,,False,False,blocked because MP4 replacement missing,mp4 missing
/mnt/spirit-8tb/media/yes/.face-review/enrollment/enrollment_candidates.json,025.mp4.mkv,,False,False,blocked because MP4 replacement missing,mp4 missing
/mnt/spirit-8tb/media/yes/.face-review/enrollment/enrollment_candidates.json,023.mp4.mkv,,False,False,blocked because MP4 replacement missing,mp4 missing
/mnt/spirit-8tb/media/yes/.face-review/enrollment/enrollment_candidates.json,023.mp4.mkv,,False,False,blocked because MP4 replacement missing,mp4 missing
/mnt/spirit-8tb/media/yes/.face-review/enrollment/enrollment_candidates.json,023.mp4.mkv,,False,False,blocked because MP4 replacement missing,mp4 missing
/mnt/spirit-8tb/media/yes/.face-review/enrollment/enrollment_candidates.json,023.mp4.mkv,,False,False,blocked because MP4 replacement missing,mp4 missing
/mnt/spirit-8tb/media/yes/.face-review/enrollment/enrollment_candidates.json,023.mp4.mkv,,False,False,blocked because MP4 replacement missing,mp4 missing
/mnt/spirit-8tb/media/yes/.face-review/enrollment/enrollment_candidates.json,023.mp4.mkv,,False,False,blocked because MP4 replacement missing,mp4 missing
/mnt/spirit-8tb/media/yes/.face-review/enrollment/enrollment_candidates.json,023.mp4.mkv,,False,False,blocked because MP4 replacement missing,mp4 missing
/mnt/spirit-8tb/media/yes/.face-review/enrollment/enrollment_candidates.json,023.mp4.mkv,,False,False,blocked because MP4 replacement missing,mp4 missing
/mnt/spirit-8tb/media/yes/.face-review/enrollment/enrollment_candidates.json,023.mp4.mkv,,False,False,blocked because MP4 replacement missing,mp4 missing
/mnt/spirit-8tb/media/yes/.face-review/enrollment/enrollment_candidates.json,023.mp4.mkv,,False,False,blocked because MP4 replacement missing,mp4 missing
/mnt/spirit-8tb/media/yes/.face-review/enrollment/enrollment_candidates.json,024.mp4.mkv,,False,False,blocked because MP4 replacement missing,mp4 missing
/mnt/spirit-8tb/media/yes/.face-review/enrollment/enrollment_candidates.json,024.mp4.mkv,,False,False,blocked because MP4 replacement missing,mp4 missing
/mnt/spirit-8tb/media/yes/.face-review/enrollment/enrollment_candidates.json,024.mp4.mkv,,False,False,blocked because MP4 replacement missing,mp4 missing
/mnt/spirit-8tb/media/yes/.face-review/enrollment/enrollment_candidates.json,024.mp4.mkv,,False,False,blocked because MP4 replacement missing,mp4 missing
/mnt/spirit-8tb/media/yes/.face-review/enrollment/enrollment_candidates.json,024.mp4.mkv,,False,False,blocked because MP4 replacement missing,mp4 missing
/mnt/spirit-8tb/media/yes/.face-review/enrollment/enrollment_candidates.json,024.mp4.mkv,,False,False,blocked because MP4 replacement missing,mp4 missing
/mnt/spirit-8tb/media/yes/.face-review/enrollment/enrollment_candidates.json,024.mp4.mkv,,False,False,blocked because MP4 replacement missing,mp4 missing
/mnt/spirit-8tb/media/yes/.face-review/enrollment/enrollment_candidates.json,024.mp4.mkv,,False,False,blocked because MP4 replacement missing,mp4 missing
/mnt/spirit-8tb/media/yes/.face-review/enrollment/enrollment_candidates.json,024.mp4.mkv,,False,False,blocked because MP4 replacement missing,mp4 missing
/mnt/spirit-8tb/media/yes/.face-review/enrollment/enrollment_candidates.json,024.mp4.mkv,,False,False,blocked because MP4 replacement missing,mp4 missing
/mnt/spirit-8tb/media/yes/.face-review/enrollment/enrollment_candidates.json,025.mp4.mkv,,False,False,blocked because MP4 replacement missing,mp4 missing
/mnt/spirit-8tb/media/yes/.face-review/enrollment/enrollment_candidates.json,025.mp4.mkv,,False,False,blocked because MP4 replacement missing,mp4 missing
/mnt/spirit-8tb/media/yes/.face-review/enrollment/enrollment_candidates.json,025.mp4.mkv,,False,False,blocked because MP4 replacement missing,mp4 missing
/mnt/spirit-8tb/media/yes/.face-review/enrollment/enrollment_candidates.json,025.mp4.mkv,,False,False,blocked because MP4 replacement missing,mp4 missing
/mnt/spirit-8tb/media/yes/.face-review/enrollment/enrollment_candidates.json,025.mp4.mkv,,False,False,blocked because MP4 replacement missing,mp4 missing
/mnt/spirit-8tb/media/yes/.face-review/enrollment/enrollment_candidates.json,025.mp4.mkv,,False,False,blocked because MP4 replacement missing,mp4 missing
/mnt/spirit-8tb/media/yes/.face-review/enrollment/enrollment_candidates.json,025.mp4.mkv,,False,False,blocked because MP4 replacement missing,mp4 missing
/mnt/spirit-8tb/media/yes/.face-review/enrollment/enrollment_candidates.json,025.mp4.mkv,,False,False,blocked because MP4 replacement missing,mp4 missing
/mnt/spirit-8tb/media/yes/.face-review/enrollment/enrollment_candidates.json,025.mp4.mkv,,False,False,blocked because MP4 replacement missing,mp4 missing
/mnt/spirit-8tb/media/yes/.face-review/enrollment/enrollment_candidates.json,025.mp4.mkv,,False,False,blocked because MP4 replacement missing,mp4 missing
/mnt/spirit-8tb/media/yes/.face-review/enrollment/enrollment_candidates.json,023.mp4.mkv,,False,False,blocked because MP4 replacement missing,mp4 missing
/mnt/spirit-8tb/media/yes/.face-review/enrollment/enrollment_candidates.json,024.mp4.mkv,,False,False,blocked because MP4 replacement missing,mp4 missing
/mnt/spirit-8tb/media/yes/.face-review/enrollment/enrollment_candidates.json,025.mp4.mkv,,False,False,blocked because MP4 replacement missing,mp4 missing
/mnt/spirit-8tb/media/yes/.face-review/enrollment/enrollment_candidates.json,023.mp4.mkv,,False,False,blocked because MP4 replacement missing,mp4 missing
/mnt/spirit-8tb/media/yes/.face-review/enrollment/enrollment_candidates.json,023.mp4.mkv,,False,False,blocked because MP4 replacement missing,mp4 missing
/mnt/spirit-8tb/media/yes/.face-review/enrollment/enrollment_candidates.json,024.mp4.mkv,,False,False,blocked because MP4 replacement missing,mp4 missing
/mnt/spirit-8tb/media/yes/.face-review/enrollment/enrollment_candidates.json,024.mp4.mkv,,False,False,blocked because MP4 replacement missing,mp4 missing
/mnt/spirit-8tb/media/yes/.face-review/enrollment/enrollment_candidates.json,025.mp4.mkv,,False,False,blocked because MP4 replacement missing,mp4 missing
/mnt/spirit-8tb/media/yes/.face-review/enrollment/enrollment_candidates.json,025.mp4.mkv,,False,False,blocked because MP4 replacement missing,mp4 missing
/mnt/spirit-8tb/media/yes/.face-review/enrollment/enrollment_candidates.json,Sextape.mkv,,False,False,blocked because MP4 replacement missing,mp4 missing
/mnt/spirit-8tb/media/yes/.face-review/enrollment/enrollment_candidates.json,Sextape.mkv,,False,False,blocked because MP4 replacement missing,mp4 missing
/mnt/spirit-8tb/media/yes/.face-review/enrollment/enrollment_candidates.json,Sextape.mkv,,False,False,blocked because MP4 replacement missing,mp4 missing
/mnt/spirit-8tb/media/yes/.face-review/enrollment/enrollment_candidates.json,Sextape.mkv,,False,False,blocked because MP4 replacement missing,mp4 missing
/mnt/spirit-8tb/media/yes/.face-review/enrollment/enrollment_candidates.json,Sextape.mkv,,False,False,blocked because MP4 replacement missing,mp4 missing
/mnt/spirit-8tb/media/yes/.face-review/enrollment/enrollment_candidates.json,Sextape.mkv,,False,False,blocked because MP4 replacement missing,mp4 missing
/mnt/spirit-8tb/media/yes/.face-review/enrollment/enrollment_candidates.json,Sextape.mkv,,False,False,blocked because MP4 replacement missing,mp4 missing
/mnt/spirit-8tb/media/yes/.face-review/enrollment/enrollment_candidates.json,Sextape.mkv,,False,False,blocked because MP4 replacement missing,mp4 missing
/mnt/spirit-8tb/media/yes/.face-review/enrollment/enrollment_candidates.json,Sextape.mkv,,False,False,blocked because MP4 replacement missing,mp4 missing
/mnt/spirit-8tb/media/yes/.face-review/enrollment/enrollment_candidates.json,Sextape.mkv,,False,False,blocked because MP4 replacement missing,mp4 missing
/mnt/spirit-8tb/media/yes/.face-review/enrollment/enrollment_candidates.json,Sextape.mkv,,False,False,blocked because MP4 replacement missing,mp4 missing
/mnt/spirit-8tb/media/yes/.face-review/enrollment/enrollment_candidates.json,Sextape.mkv,,False,False,blocked because MP4 replacement missing,mp4 missing
/mnt/spirit-8tb/media/yes/.face-review/enrollment/enrollment_candidates.json,Sextape.mkv,,False,False,blocked because MP4 replacement missing,mp4 missing
/mnt/spirit-8tb/media/yes/.face-review/enrollment/enrollment_candidates.json,Sextape.mkv,,False,False,blocked because MP4 replacement missing,mp4 missing
/mnt/spirit-8tb/media/yes/.face-review/enrollment/enrollment_candidates.json,Sextape.mkv,,False,False,blocked because MP4 replacement missing,mp4 missing
/mnt/spirit-8tb/media/yes/.face-review/enrollment/enrollment_candidates.json,Sextape.mkv,,False,False,blocked because MP4 replacement missing,mp4 missing
/mnt/spirit-8tb/media/yes/.face-review/enrollment/enrollment_candidates.json,Sextape.mkv,,False,False,blocked because MP4 replacement missing,mp4 missing
/mnt/spirit-8tb/media/yes/.face-review/enrollment/enrollment_candidates.json,Sextape.mkv,,False,False,blocked because MP4 replacement missing,mp4 missing
/mnt/spirit-8tb/media/yes/.face-review/enrollment/enrollment_candidates.json,Sextape.mkv,,False,False,blocked because MP4 replacement missing,mp4 missing
/mnt/spirit-8tb/media/yes/.face-review/enrollment/enrollment_candidates.json,Sextape.mkv,,False,False,blocked because MP4 replacement missing,mp4 missing
/mnt/spirit-8tb/media/yes/.face-review/enrollment/enrollment_candidates.json,Sextape.mkv,,False,False,blocked because MP4 replacement missing,mp4 missing
/mnt/spirit-8tb/media/yes/.face-review/enrollment/enrollment_candidates.json,Sextape.mkv,,False,False,blocked because MP4 replacement missing,mp4 missing
/mnt/spirit-8tb/media/yes/.face-review/enrollment/enrollment_candidates.json,Sextape.mkv,,False,False,blocked because MP4 replacement missing,mp4 missing
/mnt/spirit-8tb/media/yes/.face-review/enrollment/enrollment_candidates.json,Sextape.mkv,,False,False,blocked because MP4 replacement missing,mp4 missing
/mnt/spirit-8tb/media/yes/.face-review/enrollment/enrollment_candidates.json,Sextape.mkv,,False,False,blocked because MP4 replacement missing,mp4 missing
/mnt/spirit-8tb/media/yes/.face-review/enrollment/enrollment_candidates.json,334120.mkv,,False,False,blocked because MP4 replacement missing,mp4 missing
/mnt/spirit-8tb/media/yes/.face-review/enrollment/enrollment_candidates.json,334120.mkv,,False,False,blocked because MP4 replacement missing,mp4 missing
/mnt/spirit-8tb/media/yes/.face-review/enrollment/enrollment_candidates.json,334120.mkv,,False,False,blocked because MP4 replacement missing,mp4 missing
/mnt/spirit-8tb/media/yes/.face-review/enrollment/enrollment_candidates.json,334120.mkv,,False,False,blocked because MP4 replacement missing,mp4 missing
/mnt/spirit-8tb/media/yes/.face-review/enrollment/enrollment_candidates.json,334120.mkv,,False,False,blocked because MP4 replacement missing,mp4 missing
/mnt/spirit-8tb/media/yes/.face-review/enrollment/enrollment_candidates.json,334120.mkv,,False,False,blocked because MP4 replacement missing,mp4 missing
/mnt/spirit-8tb/media/yes/.face-review/enrollment/enrollment_candidates.json,334120.mkv,,False,False,blocked because MP4 replacement missing,mp4 missing
/mnt/spirit-8tb/media/yes/.face-review/enrollment/enrollment_candidates.json,Leaked.mkv,,False,False,blocked because MP4 replacement missing,mp4 missing
/mnt/spirit-8tb/media/yes/.face-review/enrollment/enrollment_candidates.json,Leaked.mkv,,False,False,blocked because MP4 replacement missing,mp4 missing
/mnt/spirit-8tb/media/yes/.face-review/enrollment/enrollment_candidates.json,Leaked.mkv,,False,False,blocked because MP4 replacement missing,mp4 missing
/mnt/spirit-8tb/media/yes/.face-review/enrollment/enrollment_candidates.json,Leaked.mkv,,False,False,blocked because MP4 replacement missing,mp4 missing
/mnt/spirit-8tb/media/yes/.face-review/enrollment/enrollment_candidates.json,Leaked.mkv,,False,False,blocked because MP4 replacement missing,mp4 missing
/mnt/spirit-8tb/media/yes/.face-review/enrollment/enrollment_candidates.json,Leaked.mkv,,False,False,blocked because MP4 replacement missing,mp4 missing
/mnt/spirit-8tb/media/yes/.face-review/enrollment/enrollment_candidates.json,Leaked.mkv,,False,False,blocked because MP4 replacement missing,mp4 missing
/mnt/spirit-8tb/media/yes/.face-review/enrollment/enrollment_candidates.json,Leaked.mkv,,False,False,blocked because MP4 replacement missing,mp4 missing
/mnt/spirit-8tb/media/yes/.face-review/enrollment/enrollment_candidates.json,Leaked.mkv,,False,False,blocked because MP4 replacement missing,mp4 missing
/mnt/spirit-8tb/media/yes/.face-review/enrollment/enrollment_candidates.json,Leaked.mkv,,False,False,blocked because MP4 replacement missing,mp4 missing
/mnt/spirit-8tb/media/yes/.face-review/enrollment/enrollment_candidates.json,Leaked.mkv,,False,False,blocked because MP4 replacement missing,mp4 missing
/mnt/spirit-8tb/media/yes/.face-review/enrollment/enrollment_candidates.json,Leaked.mkv,,False,False,blocked because MP4 replacement missing,mp4 missing
/mnt/spirit-8tb/media/yes/.face-review/enrollment/enrollment_candidates.json,Leaked.mkv,,False,False,blocked because MP4 replacement missing,mp4 missing
/mnt/spirit-8tb/media/yes/.face-review/enrollment/enrollment_candidates.json,Leaked.mkv,,False,False,blocked because MP4 replacement missing,mp4 missing
/mnt/spirit-8tb/media/yes/.face-review/enrollment/enrollment_candidates.json,Leaked.mkv,,False,False,blocked because MP4 replacement missing,mp4 missing
/mnt/spirit-8tb/media/yes/.face-review/enrollment/enrollment_candidates.json,Sounds.mkv,,False,False,blocked because MP4 replacement missing,mp4 missing
/mnt/spirit-8tb/media/yes/.face-review/enrollment/enrollment_candidates.json,Sounds.mkv,,False,False,blocked because MP4 replacement missing,mp4 missing
/mnt/spirit-8tb/media/yes/.face-review/enrollment/enrollment_candidates.json,Sounds.mkv,,False,False,blocked because MP4 replacement missing,mp4 missing
/mnt/spirit-8tb/media/yes/.face-review/enrollment/enrollment_candidates.json,Sounds.mkv,,False,False,blocked because MP4 replacement missing,mp4 missing
/mnt/spirit-8tb/media/yes/.face-review/enrollment/enrollment_candidates.json,Sounds.mkv,,False,False,blocked because MP4 replacement missing,mp4 missing
/mnt/spirit-8tb/media/yes/.face-review/enrollment/enrollment_candidates.json,Sounds.mkv,,False,False,blocked because MP4 replacement missing,mp4 missing
/mnt/spirit-8tb/media/yes/.face-review/enrollment/enrollment_candidates.json,Sounds.mkv,,False,False,blocked because MP4 replacement missing,mp4 missing
/mnt/spirit-8tb/media/yes/.face-review/enrollment/enrollment_candidates.json,Sounds.mkv,,False,False,blocked because MP4 replacement missing,mp4 missing
/mnt/spirit-8tb/media/yes/.face-review/enrollment/enrollment_candidates.json,Sounds.mkv,,False,False,blocked because MP4 replacement missing,mp4 missing
/mnt/spirit-8tb/media/yes/.face-review/enrollment/enrollment_candidates.json,Sounds.mkv,,False,False,blocked because MP4 replacement missing,mp4 missing
/mnt/spirit-8tb/media/yes/.face-review/enrollment/enrollment_candidates.json,Sounds.mkv,,False,False,blocked because MP4 replacement missing,mp4 missing
/mnt/spirit-8tb/media/yes/.face-review/enrollment/enrollment_candidates.json,Sounds.mkv,,False,False,blocked because MP4 replacement missing,mp4 missing
/mnt/spirit-8tb/media/yes/.face-review/enrollment/enrollment_candidates.json,Sounds.mkv,,False,False,blocked because MP4 replacement missing,mp4 missing
/mnt/spirit-8tb/media/yes/.face-review/enrollment/enrollment_candidates.json,Sounds.mkv,,False,False,blocked because MP4 replacement missing,mp4 missing
/mnt/spirit-8tb/media/yes/.face-review/enrollment/enrollment_candidates.json,Sounds.mkv,,False,False,blocked because MP4 replacement missing,mp4 missing
/mnt/spirit-8tb/media/yes/.face-review/enrollment/enrollment_candidates.json,107774.mkv,,False,False,blocked because MP4 replacement missing,mp4 missing
/mnt/spirit-8tb/media/yes/.face-review/enrollment/enrollment_candidates.json,107774.mkv,,False,False,blocked because MP4 replacement missing,mp4 missing
/mnt/spirit-8tb/media/yes/.face-review/enrollment/enrollment_candidates.json,107774.mkv,,False,False,blocked because MP4 replacement missing,mp4 missing
/mnt/spirit-8tb/media/yes/.face-review/enrollment/enrollment_candidates.json,107774.mkv,,False,False,blocked because MP4 replacement missing,mp4 missing
/mnt/spirit-8tb/media/yes/.face-review/enrollment/enrollment_candidates.json,107774.mkv,,False,False,blocked because MP4 replacement missing,mp4 missing
/mnt/spirit-8tb/media/yes/.face-review/enrollment/enrollment_candidates.json,107774.mkv,,False,False,blocked because MP4 replacement missing,mp4 missing
/mnt/spirit-8tb/media/yes/.face-review/enrollment/enrollment_candidates.json,107774.mkv,,False,False,blocked because MP4 replacement missing,mp4 missing
/mnt/spirit-8tb/media/yes/.face-review/enrollment/enrollment_candidates.json,107774.mkv,,False,False,blocked because MP4 replacement missing,mp4 missing
/mnt/spirit-8tb/media/yes/.face-review/enrollment/enrollment_candidates.json,107774.mkv,,False,False,blocked because MP4 replacement missing,mp4 missing
/mnt/spirit-8tb/media/yes/.face-review/enrollment/enrollment_candidates.json,107774.mkv,,False,False,blocked because MP4 replacement missing,mp4 missing
/mnt/spirit-8tb/media/yes/.face-review/enrollment/enrollment_candidates.json,107774.mkv,,False,False,blocked because MP4 replacement missing,mp4 missing
/mnt/spirit-8tb/media/yes/.face-review/enrollment/enrollment_candidates.json,Leaked.mkv,,False,False,blocked because MP4 replacement missing,mp4 missing
/mnt/spirit-8tb/media/yes/.face-review/enrollment/enrollment_candidates.json,Leaked.mkv,,False,False,blocked because MP4 replacement missing,mp4 missing
/mnt/spirit-8tb/media/yes/.face-review/enrollment/enrollment_candidates.json,Leaked.mkv,,False,False,blocked because MP4 replacement missing,mp4 missing
/mnt/spirit-8tb/media/yes/.face-review/enrollment/enrollment_candidates.json,Leaked.mkv,,False,False,blocked because MP4 replacement missing,mp4 missing
/mnt/spirit-8tb/media/yes/.face-review/enrollment/enrollment_candidates.json,Leaked.mkv,,False,False,blocked because MP4 replacement missing,mp4 missing
/mnt/spirit-8tb/media/yes/.face-review/enrollment/enrollment_candidates.json,Leaked.mkv,,False,False,blocked because MP4 replacement missing,mp4 missing
/mnt/spirit-8tb/media/yes/.face-review/enrollment/enrollment_candidates.json,Leaked.mkv,,False,False,blocked because MP4 replacement missing,mp4 missing
/mnt/spirit-8tb/media/yes/.face-review/enrollment/enrollment_candidates.json,Leaked.mkv,,False,False,blocked because MP4 replacement missing,mp4 missing
/mnt/spirit-8tb/media/yes/.face-review/enrollment/enrollment_candidates.json,Leaked.mkv,,False,False,blocked because MP4 replacement missing,mp4 missing
/mnt/spirit-8tb/media/yes/.face-review/enrollment/enrollment_candidates.json,Leaked.mkv,,False,False,blocked because MP4 replacement missing,mp4 missing
/mnt/spirit-8tb/media/yes/.face-review/enrollment/enrollment_candidates.json,Leaked.mkv,,False,False,blocked because MP4 replacement missing,mp4 missing
/mnt/spirit-8tb/media/yes/.face-review/enrollment/enrollment_candidates.json,Leaked.mkv,,False,False,blocked because MP4 replacement missing,mp4 missing
/mnt/spirit-8tb/media/yes/.face-review/enrollment/enrollment_candidates.json,Leaked.mkv,,False,False,blocked because MP4 replacement missing,mp4 missing
/mnt/spirit-8tb/media/yes/.face-review/enrollment/enrollment_candidates.json,Leaked.mkv,,False,False,blocked because MP4 replacement missing,mp4 missing
/mnt/spirit-8tb/media/yes/.face-review/enrollment/enrollment_candidates.json,Leaked.mkv,,False,False,blocked because MP4 replacement missing,mp4 missing
/mnt/spirit-8tb/media/yes/.face-review/enrollment/enrollment_candidates.json,Leaked.mkv,,False,False,blocked because MP4 replacement missing,mp4 missing
/mnt/spirit-8tb/media/yes/.face-review/enrollment/enrollment_candidates.json,Leaked.mkv,,False,False,blocked because MP4 replacement missing,mp4 missing
/mnt/spirit-8tb/media/yes/.face-review/enrollment/enrollment_candidates.json,Curves.mkv,,False,False,blocked because MP4 replacement missing,mp4 missing
/mnt/spirit-8tb/media/yes/.face-review/enrollment/enrollment_candidates.json,176349.mkv,,False,False,blocked because MP4 replacement missing,mp4 missing
/mnt/spirit-8tb/media/yes/.face-review/enrollment/enrollment_candidates.json,176349.mkv,,False,False,blocked because MP4 replacement missing,mp4 missing
/mnt/spirit-8tb/media/yes/.face-review/enrollment/enrollment_candidates.json,176349.mkv,,False,False,blocked because MP4 replacement missing,mp4 missing
/mnt/spirit-8tb/media/yes/.face-review/enrollment/enrollment_candidates.json,176349.mkv,,False,False,blocked because MP4 replacement missing,mp4 missing
/mnt/spirit-8tb/media/yes/.face-review/enrollment/enrollment_candidates.json,176349.mkv,,False,False,blocked because MP4 replacement missing,mp4 missing
/mnt/spirit-8tb/media/yes/.face-review/enrollment/enrollment_candidates.json,176349.mkv,,False,False,blocked because MP4 replacement missing,mp4 missing
/mnt/spirit-8tb/media/yes/.face-review/enrollment/enrollment_candidates.json,176349.mkv,,False,False,blocked because MP4 replacement missing,mp4 missing
/mnt/spirit-8tb/media/yes/.face-review/enrollment/enrollment_candidates.json,176349.mkv,,False,False,blocked because MP4 replacement missing,mp4 missing
/mnt/spirit-8tb/media/yes/.face-review/enrollment/enrollment_candidates.json,176349.mkv,,False,False,blocked because MP4 replacement missing,mp4 missing
/mnt/spirit-8tb/media/yes/.face-review/enrollment/enrollment_candidates.json,176349.mkv,,False,False,blocked because MP4 replacement missing,mp4 missing
/mnt/spirit-8tb/media/yes/.face-review/enrollment/enrollment_candidates.json,176349.mkv,,False,False,blocked because MP4 replacement missing,mp4 missing
/mnt/spirit-8tb/media/yes/.face-review/enrollment/enrollment_candidates.json,176349.mkv,,False,False,blocked because MP4 replacement missing,mp4 missing
/mnt/spirit-8tb/media/yes/.face-review/enrollment/enrollment_candidates.json,176349.mkv,,False,False,blocked because MP4 replacement missing,mp4 missing
/mnt/spirit-8tb/media/yes/.face-review/enrollment/enrollment_candidates.json,05135.mkv,,False,False,blocked because MP4 replacement missing,mp4 missing
/mnt/spirit-8tb/media/yes/.face-review/enrollment/enrollment_candidates.json,04419.mkv,,False,False,blocked because MP4 replacement missing,mp4 missing
/mnt/spirit-8tb/media/yes/.face-review/enrollment/enrollment_candidates.json,05135.mkv,,False,False,blocked because MP4 replacement missing,mp4 missing
/mnt/spirit-8tb/media/yes/.face-review/enrollment/enrollment_candidates.json,04419.mkv,,False,False,blocked because MP4 replacement missing,mp4 missing
/mnt/spirit-8tb/media/yes/.face-review/enrollment/enrollment_candidates.json,(218).mkv,,False,False,blocked because MP4 replacement missing,mp4 missing
/mnt/spirit-8tb/media/yes/.face-review/enrollment/enrollment_candidates.json,(218).mkv,,False,False,blocked because MP4 replacement missing,mp4 missing
/mnt/spirit-8tb/media/yes/.face-review/enrollment/enrollment_candidates.json,(218).mkv,,False,False,blocked because MP4 replacement missing,mp4 missing
/mnt/spirit-8tb/media/yes/.face-review/enrollment/enrollment_candidates.json,(283).mkv,,False,False,blocked because MP4 replacement missing,mp4 missing
/mnt/spirit-8tb/media/yes/.face-review/enrollment/enrollment_candidates.json,(218).mkv,,False,False,blocked because MP4 replacement missing,mp4 missing
/mnt/spirit-8tb/media/yes/.face-review/enrollment/enrollment_candidates.json,(283).mkv,,False,False,blocked because MP4 replacement missing,mp4 missing
/mnt/spirit-8tb/media/yes/.face-review/enrollment/enrollment_candidates.json,Panty.mkv,,False,False,blocked because MP4 replacement missing,mp4 missing
/mnt/spirit-8tb/media/yes/.face-review/enrollment/enrollment_candidates.json,Jeans.mkv,,False,False,blocked because MP4 replacement missing,mp4 missing
/mnt/spirit-8tb/media/yes/.face-review/enrollment/enrollment_candidates.json,OnlyF.mkv,,False,False,blocked because MP4 replacement missing,mp4 missing
/mnt/spirit-8tb/media/yes/.face-review/enrollment/enrollment_candidates.json,Jeans.mkv,,False,False,blocked because MP4 replacement missing,mp4 missing
/mnt/spirit-8tb/media/yes/.face-review/enrollment/enrollment_candidates.json,OnlyF.mkv,,False,False,blocked because MP4 replacement missing,mp4 missing
/mnt/spirit-8tb/media/yes/.face-review/enrollment/enrollment_candidates.json,Jeans.mkv,,False,False,blocked because MP4 replacement missing,mp4 missing
/mnt/spirit-8tb/media/yes/.face-review/enrollment/enrollment_candidates.json,Jeans.mkv,,False,False,blocked because MP4 replacement missing,mp4 missing
/mnt/spirit-8tb/media/yes/.face-review/enrollment/enrollment_candidates.json,OnlyF.mkv,,False,False,blocked because MP4 replacement missing,mp4 missing
/mnt/spirit-8tb/media/yes/.face-review/enrollment/enrollment_candidates.json,OnlyF.mkv,,False,False,blocked because MP4 replacement missing,mp4 missing
/mnt/spirit-8tb/media/yes/.face-review/enrollment/enrollment_candidates.json,Jeans.mkv,,False,False,blocked because MP4 replacement missing,mp4 missing
/mnt/spirit-8tb/media/yes/.face-review/enrollment/enrollment_candidates.json,Jeans.mkv,,False,False,blocked because MP4 replacement missing,mp4 missing
/mnt/spirit-8tb/media/yes/.face-review/enrollment/enrollment_candidates.json,Jeans.mkv,,False,False,blocked because MP4 replacement missing,mp4 missing
/mnt/spirit-8tb/media/yes/.face-review/enrollment/enrollment_candidates.json,Jeans.mkv,,False,False,blocked because MP4 replacement missing,mp4 missing
/mnt/spirit-8tb/media/yes/.face-review/enrollment/enrollment_candidates.json,Jeans.mkv,,False,False,blocked because MP4 replacement missing,mp4 missing
/mnt/spirit-8tb/media/yes/.face-review/enrollment/enrollment_candidates.json,Jeans.mkv,,False,False,blocked because MP4 replacement missing,mp4 missing
/mnt/spirit-8tb/media/yes/.face-review/enrollment/enrollment_candidates.json,Jeans.mkv,,False,False,blocked because MP4 replacement missing,mp4 missing
/mnt/spirit-8tb/media/yes/.face-review/enrollment/enrollment_candidates.json,Jeans.mkv,,False,False,blocked because MP4 replacement missing,mp4 missing
/mnt/spirit-8tb/media/yes/.face-review/enrollment/enrollment_candidates.json,Jeans.mkv,,False,False,blocked because MP4 replacement missing,mp4 missing
/mnt/spirit-8tb/media/yes/.face-review/enrollment/enrollment_candidates.json,Jeans.mkv,,False,False,blocked because MP4 replacement missing,mp4 missing
/mnt/spirit-8tb/media/yes/.face-review/enrollment/enrollment_candidates.json,Jeans.mkv,,False,False,blocked because MP4 replacement missing,mp4 missing
/mnt/spirit-8tb/media/yes/.face-review/enrollment/enrollment_candidates.json,Jeans.mkv,,False,False,blocked because MP4 replacement missing,mp4 missing
/mnt/spirit-8tb/media/yes/.face-review/enrollment/enrollment_candidates.json,Jeans.mkv,,False,False,blocked because MP4 replacement missing,mp4 missing
/mnt/spirit-8tb/media/yes/.face-review/enrollment/enrollment_candidates.json,Jeans.mkv,,False,False,blocked because MP4 replacement missing,mp4 missing
/mnt/spirit-8tb/media/yes/.face-review/enrollment/enrollment_candidates.json,Jeans.mkv,,False,False,blocked because MP4 replacement missing,mp4 missing
/mnt/spirit-8tb/media/yes/.face-review/enrollment/enrollment_candidates.json,Jeans.mkv,,False,False,blocked because MP4 replacement missing,mp4 missing
/mnt/spirit-8tb/media/yes/.face-review/enrollment/enrollment_candidates.json,OnlyF.mkv,,False,False,blocked because MP4 replacement missing,mp4 missing
/mnt/spirit-8tb/media/yes/.face-review/enrollment/enrollment_candidates.json,OnlyF.mkv,,False,False,blocked because MP4 replacement missing,mp4 missing
/mnt/spirit-8tb/media/yes/.face-review/enrollment/enrollment_candidates.json,OnlyF.mkv,,False,False,blocked because MP4 replacement missing,mp4 missing
/mnt/spirit-8tb/media/yes/.face-review/enrollment/enrollment_candidates.json,OnlyF.mkv,,False,False,blocked because MP4 replacement missing,mp4 missing
/mnt/spirit-8tb/media/yes/.face-review/enrollment/enrollment_candidates.json,OnlyF.mkv,,False,False,blocked because MP4 replacement missing,mp4 missing
/mnt/spirit-8tb/media/yes/.face-review/enrollment/enrollment_candidates.json,OnlyF.mkv,,False,False,blocked because MP4 replacement missing,mp4 missing
/mnt/spirit-8tb/media/yes/.face-review/enrollment/enrollment_candidates.json,OnlyF.mkv,,False,False,blocked because MP4 replacement missing,mp4 missing
/mnt/spirit-8tb/media/yes/.face-review/enrollment/enrollment_candidates.json,OnlyF.mkv,,False,False,blocked because MP4 replacement missing,mp4 missing
/mnt/spirit-8tb/media/yes/.face-review/enrollment/enrollment_candidates.json,OnlyF.mkv,,False,False,blocked because MP4 replacement missing,mp4 missing
/mnt/spirit-8tb/media/yes/.face-review/enrollment/enrollment_candidates.json,OnlyF.mkv,,False,False,blocked because MP4 replacement missing,mp4 missing
/mnt/spirit-8tb/media/yes/.face-review/enrollment/enrollment_candidates.json,Jeans.mkv,,False,False,blocked because MP4 replacement missing,mp4 missing
/mnt/spirit-8tb/media/yes/.face-review/enrollment/enrollment_candidates.json,OnlyF.mkv,,False,False,blocked because MP4 replacement missing,mp4 missing
/mnt/spirit-8tb/media/yes/.face-review/enrollment/enrollment_candidates.json,Jeans.mkv,,False,False,blocked because MP4 replacement missing,mp4 missing
/mnt/spirit-8tb/media/yes/.face-review/enrollment/enrollment_candidates.json,Jeans.mkv,,False,False,blocked because MP4 replacement missing,mp4 missing
/mnt/spirit-8tb/media/yes/.face-review/enrollment/enrollment_candidates.json,OnlyF.mkv,,False,False,blocked because MP4 replacement missing,mp4 missing
/mnt/spirit-8tb/media/yes/.face-review/enrollment/enrollment_candidates.json,OnlyF.mkv,,False,False,blocked because MP4 replacement missing,mp4 missing
/mnt/spirit-8tb/media/yes/.face-review/enrollment/enrollment_candidates.json,Video.mkv,,False,False,blocked because MP4 replacement missing,mp4 missing
/mnt/spirit-8tb/media/yes/.face-review/enrollment/enrollment_candidates.json,Video.mkv,,False,False,blocked because MP4 replacement missing,mp4 missing
/mnt/spirit-8tb/media/yes/.face-review/enrollment/enrollment_candidates.json,Video.mkv,,False,False,blocked because MP4 replacement missing,mp4 missing
/mnt/spirit-8tb/media/yes/.face-review/enrollment/enrollment_candidates.json,Video.mkv,,False,False,blocked because MP4 replacement missing,mp4 missing
/mnt/spirit-8tb/media/yes/.face-review/enrollment/enrollment_candidates.json,Video.mkv,,False,False,blocked because MP4 replacement missing,mp4 missing
/mnt/spirit-8tb/media/yes/.face-review/enrollment/enrollment_candidates.json,Video.mkv,,False,False,blocked because MP4 replacement missing,mp4 missing
/mnt/spirit-8tb/media/yes/.face-review/enrollment/enrollment_candidates.json,Video.mkv,,False,False,blocked because MP4 replacement missing,mp4 missing
/mnt/spirit-8tb/media/yes/.face-review/enrollment/enrollment_candidates.json,Video.mkv,,False,False,blocked because MP4 replacement missing,mp4 missing
/mnt/spirit-8tb/media/yes/.face-review/enrollment/enrollment_candidates.json,Video.mkv,,False,False,blocked because MP4 replacement missing,mp4 missing
/mnt/spirit-8tb/media/yes/.face-review/enrollment/enrollment_candidates.json,Video.mkv,,False,False,blocked because MP4 replacement missing,mp4 missing
/mnt/spirit-8tb/media/yes/.face-review/enrollment/enrollment_candidates.json,Video.mkv,,False,False,blocked because MP4 replacement missing,mp4 missing
/mnt/spirit-8tb/media/yes/.face-review/enrollment/enrollment_candidates.json,Video.mkv,,False,False,blocked because MP4 replacement missing,mp4 missing
/mnt/spirit-8tb/media/yes/.face-review/enrollment/enrollment_candidates.json,Video.mkv,,False,False,blocked because MP4 replacement missing,mp4 missing
/mnt/spirit-8tb/media/yes/.face-review/enrollment/enrollment_candidates.json,Video.mkv,,False,False,blocked because MP4 replacement missing,mp4 missing
/mnt/spirit-8tb/media/yes/.face-review/enrollment/enrollment_candidates.json,Video.mkv,,False,False,blocked because MP4 replacement missing,mp4 missing
/mnt/spirit-8tb/media/yes/.face-review/enrollment/enrollment_candidates.json,(198).mkv,,False,False,blocked because MP4 replacement missing,mp4 missing
/mnt/spirit-8tb/media/yes/.face-review/enrollment/enrollment_candidates.json,(224).mkv,,False,False,blocked because MP4 replacement missing,mp4 missing
/mnt/spirit-8tb/media/yes/.face-review/enrollment/enrollment_candidates.json,(198).mkv,,False,False,blocked because MP4 replacement missing,mp4 missing
/mnt/spirit-8tb/media/yes/.face-review/enrollment/enrollment_candidates.json,(224).mkv,,False,False,blocked because MP4 replacement missing,mp4 missing
/mnt/spirit-8tb/media/yes/.face-review/enrollment/enrollment_candidates.json,43619.mkv,,False,False,blocked because MP4 replacement missing,mp4 missing
/mnt/spirit-8tb/media/yes/.face-review/enrollment/enrollment_candidates.json,43619.mkv,,False,False,blocked because MP4 replacement missing,mp4 missing
/mnt/spirit-8tb/media/yes/.face-review/enrollment/enrollment_candidates.json,43619.mkv,,False,False,blocked because MP4 replacement missing,mp4 missing
/mnt/spirit-8tb/media/yes/.face-review/enrollment/enrollment_candidates.json,43619.mkv,,False,False,blocked because MP4 replacement missing,mp4 missing
/mnt/spirit-8tb/media/yes/.face-review/enrollment/enrollment_candidates.json,43619.mkv,,False,False,blocked because MP4 replacement missing,mp4 missing
/mnt/spirit-8tb/media/yes/.face-review/enrollment/enrollment_candidates.json,43619.mkv,,False,False,blocked because MP4 replacement missing,mp4 missing
/mnt/spirit-8tb/media/yes/.face-review/enrollment/enrollment_candidates.json,43619.mkv,,False,False,blocked because MP4 replacement missing,mp4 missing
/mnt/spirit-8tb/media/yes/.face-review/enrollment/enrollment_candidates.json,43619.mkv,,False,False,blocked because MP4 replacement missing,mp4 missing
/mnt/spirit-8tb/media/yes/.face-review/enrollment/enrollment_candidates.json,43619.mkv,,False,False,blocked because MP4 replacement missing,mp4 missing
/mnt/spirit-8tb/media/yes/.face-review/enrollment/enrollment_candidates.json,43619.mkv,,False,False,blocked because MP4 replacement missing,mp4 missing
/mnt/spirit-8tb/media/yes/.face-review/enrollment/enrollment_candidates.json,43619.mkv,,False,False,blocked because MP4 replacement missing,mp4 missing
/mnt/spirit-8tb/media/yes/.face-review/enrollment/enrollment_candidates.json,Beeg.mkv,,False,False,blocked because MP4 replacement missing,mp4 missing
/mnt/spirit-8tb/media/yes/.face-review/enrollment/enrollment_candidates.json,Beeg.mkv,,False,False,blocked because MP4 replacement missing,mp4 missing
/mnt/spirit-8tb/media/yes/.face-review/enrollment/enrollment_candidates.json,Beeg.mkv,,False,False,blocked because MP4 replacement missing,mp4 missing
/mnt/spirit-8tb/media/yes/.face-review/enrollment/enrollment_candidates.json,Beeg.mkv,,False,False,blocked because MP4 replacement missing,mp4 missing
/mnt/spirit-8tb/media/yes/.face-review/enrollment/enrollment_candidates.json,Beeg.mkv,,False,False,blocked because MP4 replacement missing,mp4 missing
/mnt/spirit-8tb/media/yes/.face-review/enrollment/enrollment_candidates.json,Beeg.mkv,,False,False,blocked because MP4 replacement missing,mp4 missing
/mnt/spirit-8tb/media/yes/.face-review/enrollment/enrollment_candidates.json,Beeg.mkv,,False,False,blocked because MP4 replacement missing,mp4 missing
/mnt/spirit-8tb/media/yes/.face-review/enrollment/enrollment_candidates.json,Beeg.mkv,,False,False,blocked because MP4 replacement missing,mp4 missing
/mnt/spirit-8tb/media/yes/.face-review/enrollment/enrollment_candidates.json,Beeg.mkv,,False,False,blocked because MP4 replacement missing,mp4 missing
/mnt/spirit-8tb/media/yes/.face-review/enrollment/enrollment_candidates.json,Beeg.mkv,,False,False,blocked because MP4 replacement missing,mp4 missing
/mnt/spirit-8tb/media/yes/.face-review/enrollment/enrollment_candidates.json,Beeg.mkv,,False,False,blocked because MP4 replacement missing,mp4 missing
/mnt/spirit-8tb/media/yes/.face-review/enrollment/enrollment_candidates.json,Beeg.mkv,,False,False,blocked because MP4 replacement missing,mp4 missing
/mnt/spirit-8tb/media/yes/.face-review/enrollment/enrollment_candidates.json,Beeg.mkv,,False,False,blocked because MP4 replacement missing,mp4 missing
/mnt/spirit-8tb/media/yes/.face-review/enrollment/enrollment_candidates.json,(39).mkv,,False,False,blocked because MP4 replacement missing,mp4 missing
/mnt/spirit-8tb/media/yes/.face-review/enrollment/enrollment_candidates.json,(39).mkv,,False,False,blocked because MP4 replacement missing,mp4 missing
/mnt/spirit-8tb/media/yes/.face-review/enrollment/enrollment_candidates.json,(43).mkv,,False,False,blocked because MP4 replacement missing,mp4 missing
/mnt/spirit-8tb/media/yes/.face-review/enrollment/enrollment_candidates.json,(43).mkv,,False,False,blocked because MP4 replacement missing,mp4 missing
/mnt/spirit-8tb/media/yes/.face-review/enrollment/enrollment_candidates.json,(50).mkv,,False,False,blocked because MP4 replacement missing,mp4 missing
/mnt/spirit-8tb/media/yes/.face-review/enrollment/enrollment_candidates.json,(50).mkv,,False,False,blocked because MP4 replacement missing,mp4 missing
/mnt/spirit-8tb/media/yes/.face-review/enrollment/enrollment_candidates.json,(43).mkv,,False,False,blocked because MP4 replacement missing,mp4 missing
/mnt/spirit-8tb/media/yes/.face-review/enrollment/enrollment_candidates.json,(43).mkv,,False,False,blocked because MP4 replacement missing,mp4 missing
/mnt/spirit-8tb/media/yes/.face-review/enrollment/enrollment_candidates.json,(50).mkv,,False,False,blocked because MP4 replacement missing,mp4 missing
/mnt/spirit-8tb/media/yes/.face-review/enrollment/enrollment_candidates.json,(50).mkv,,False,False,blocked because MP4 replacement missing,mp4 missing
/mnt/spirit-8tb/media/yes/.face-review/enrollment/enrollment_candidates.json,(43).mkv,,False,False,blocked because MP4 replacement missing,mp4 missing
/mnt/spirit-8tb/media/yes/.face-review/enrollment/enrollment_candidates.json,(43).mkv,,False,False,blocked because MP4 replacement missing,mp4 missing
/mnt/spirit-8tb/media/yes/.face-review/enrollment/enrollment_candidates.json,(50).mkv,,False,False,blocked because MP4 replacement missing,mp4 missing
/mnt/spirit-8tb/media/yes/.face-review/enrollment/enrollment_candidates.json,(50).mkv,,False,False,blocked because MP4 replacement missing,mp4 missing
/mnt/spirit-8tb/media/yes/.face-review/enrollment/enrollment_candidates.json,(43).mkv,,False,False,blocked because MP4 replacement missing,mp4 missing
/mnt/spirit-8tb/media/yes/.face-review/enrollment/enrollment_candidates.json,(43).mkv,,False,False,blocked because MP4 replacement missing,mp4 missing
/mnt/spirit-8tb/media/yes/.face-review/enrollment/enrollment_candidates.json,(50).mkv,,False,False,blocked because MP4 replacement missing,mp4 missing
/mnt/spirit-8tb/media/yes/.face-review/enrollment/enrollment_candidates.json,(50).mkv,,False,False,blocked because MP4 replacement missing,mp4 missing
/mnt/spirit-8tb/media/yes/.face-review/enrollment/enrollment_candidates.json,(43).mkv,,False,False,blocked because MP4 replacement missing,mp4 missing
/mnt/spirit-8tb/media/yes/.face-review/enrollment/enrollment_candidates.json,(43).mkv,,False,False,blocked because MP4 replacement missing,mp4 missing
/mnt/spirit-8tb/media/yes/.face-review/enrollment/enrollment_candidates.json,(50).mkv,,False,False,blocked because MP4 replacement missing,mp4 missing
/mnt/spirit-8tb/media/yes/.face-review/enrollment/enrollment_candidates.json,(50).mkv,,False,False,blocked because MP4 replacement missing,mp4 missing
/mnt/spirit-8tb/media/yes/.face-review/enrollment/enrollment_candidates.json,(43).mkv,,False,False,blocked because MP4 replacement missing,mp4 missing
/mnt/spirit-8tb/media/yes/.face-review/enrollment/enrollment_candidates.json,(43).mkv,,False,False,blocked because MP4 replacement missing,mp4 missing
/mnt/spirit-8tb/media/yes/.face-review/enrollment/enrollment_candidates.json,(50).mkv,,False,False,blocked because MP4 replacement missing,mp4 missing
/mnt/spirit-8tb/media/yes/.face-review/enrollment/enrollment_candidates.json,(50).mkv,,False,False,blocked because MP4 replacement missing,mp4 missing
/mnt/spirit-8tb/media/yes/.face-review/enrollment/enrollment_candidates.json,(39).mkv,,False,False,blocked because MP4 replacement missing,mp4 missing
/mnt/spirit-8tb/media/yes/.face-review/enrollment/enrollment_candidates.json,(39).mkv,,False,False,blocked because MP4 replacement missing,mp4 missing
/mnt/spirit-8tb/media/yes/.face-review/enrollment/enrollment_candidates.json,(39).mkv,,False,False,blocked because MP4 replacement missing,mp4 missing
/mnt/spirit-8tb/media/yes/.face-review/enrollment/enrollment_candidates.json,(39).mkv,,False,False,blocked because MP4 replacement missing,mp4 missing
/mnt/spirit-8tb/media/yes/.face-review/enrollment/enrollment_candidates.json,(39).mkv,,False,False,blocked because MP4 replacement missing,mp4 missing
/mnt/spirit-8tb/media/yes/.face-review/enrollment/enrollment_candidates.json,(39).mkv,,False,False,blocked because MP4 replacement missing,mp4 missing
/mnt/spirit-8tb/media/yes/.face-review/enrollment/enrollment_candidates.json,(39).mkv,,False,False,blocked because MP4 replacement missing,mp4 missing
/mnt/spirit-8tb/media/yes/.face-review/enrollment/enrollment_candidates.json,(39).mkv,,False,False,blocked because MP4 replacement missing,mp4 missing
/mnt/spirit-8tb/media/yes/.face-review/enrollment/enrollment_candidates.json,(39).mkv,,False,False,blocked because MP4 replacement missing,mp4 missing
/mnt/spirit-8tb/media/yes/.face-review/enrollment/enrollment_candidates.json,(39).mkv,,False,False,blocked because MP4 replacement missing,mp4 missing
/mnt/spirit-8tb/media/yes/.face-review/enrollment/enrollment_candidates.json,(43).mkv,,False,False,blocked because MP4 replacement missing,mp4 missing
/mnt/spirit-8tb/media/yes/.face-review/enrollment/enrollment_candidates.json,(43).mkv,,False,False,blocked because MP4 replacement missing,mp4 missing
/mnt/spirit-8tb/media/yes/.face-review/enrollment/enrollment_candidates.json,(43).mkv,,False,False,blocked because MP4 replacement missing,mp4 missing
/mnt/spirit-8tb/media/yes/.face-review/enrollment/enrollment_candidates.json,(43).mkv,,False,False,blocked because MP4 replacement missing,mp4 missing
/mnt/spirit-8tb/media/yes/.face-review/enrollment/enrollment_candidates.json,(43).mkv,,False,False,blocked because MP4 replacement missing,mp4 missing
/mnt/spirit-8tb/media/yes/.face-review/enrollment/enrollment_candidates.json,(43).mkv,,False,False,blocked because MP4 replacement missing,mp4 missing
/mnt/spirit-8tb/media/yes/.face-review/enrollment/enrollment_candidates.json,(43).mkv,,False,False,blocked because MP4 replacement missing,mp4 missing
/mnt/spirit-8tb/media/yes/.face-review/enrollment/enrollment_candidates.json,(43).mkv,,False,False,blocked because MP4 replacement missing,mp4 missing
/mnt/spirit-8tb/media/yes/.face-review/enrollment/enrollment_candidates.json,(43).mkv,,False,False,blocked because MP4 replacement missing,mp4 missing
/mnt/spirit-8tb/media/yes/.face-review/enrollment/enrollment_candidates.json,(43).mkv,,False,False,blocked because MP4 replacement missing,mp4 missing
/mnt/spirit-8tb/media/yes/.face-review/enrollment/enrollment_candidates.json,(50).mkv,,False,False,blocked because MP4 replacement missing,mp4 missing
/mnt/spirit-8tb/media/yes/.face-review/enrollment/enrollment_candidates.json,(50).mkv,,False,False,blocked because MP4 replacement missing,mp4 missing
/mnt/spirit-8tb/media/yes/.face-review/enrollment/enrollment_candidates.json,(50).mkv,,False,False,blocked because MP4 replacement missing,mp4 missing
/mnt/spirit-8tb/media/yes/.face-review/enrollment/enrollment_candidates.json,(50).mkv,,False,False,blocked because MP4 replacement missing,mp4 missing
/mnt/spirit-8tb/media/yes/.face-review/enrollment/enrollment_candidates.json,(50).mkv,,False,False,blocked because MP4 replacement missing,mp4 missing
/mnt/spirit-8tb/media/yes/.face-review/enrollment/enrollment_candidates.json,(50).mkv,,False,False,blocked because MP4 replacement missing,mp4 missing
/mnt/spirit-8tb/media/yes/.face-review/enrollment/enrollment_candidates.json,(50).mkv,,False,False,blocked because MP4 replacement missing,mp4 missing
/mnt/spirit-8tb/media/yes/.face-review/enrollment/enrollment_candidates.json,(50).mkv,,False,False,blocked because MP4 replacement missing,mp4 missing
/mnt/spirit-8tb/media/yes/.face-review/enrollment/enrollment_candidates.json,(50).mkv,,False,False,blocked because MP4 replacement missing,mp4 missing
/mnt/spirit-8tb/media/yes/.face-review/enrollment/enrollment_candidates.json,(50).mkv,,False,False,blocked because MP4 replacement missing,mp4 missing
/mnt/spirit-8tb/media/yes/.face-review/enrollment/enrollment_candidates.json,(39).mkv,,False,False,blocked because MP4 replacement missing,mp4 missing
/mnt/spirit-8tb/media/yes/.face-review/enrollment/enrollment_candidates.json,(43).mkv,,False,False,blocked because MP4 replacement missing,mp4 missing
/mnt/spirit-8tb/media/yes/.face-review/enrollment/enrollment_candidates.json,(50).mkv,,False,False,blocked because MP4 replacement missing,mp4 missing
/mnt/spirit-8tb/media/yes/.face-review/enrollment/enrollment_candidates.json,(39).mkv,,False,False,blocked because MP4 replacement missing,mp4 missing
/mnt/spirit-8tb/media/yes/.face-review/enrollment/enrollment_candidates.json,(39).mkv,,False,False,blocked because MP4 replacement missing,mp4 missing
/mnt/spirit-8tb/media/yes/.face-review/enrollment/enrollment_candidates.json,(43).mkv,,False,False,blocked because MP4 replacement missing,mp4 missing
/mnt/spirit-8tb/media/yes/.face-review/enrollment/enrollment_candidates.json,(43).mkv,,False,False,blocked because MP4 replacement missing,mp4 missing
/mnt/spirit-8tb/media/yes/.face-review/enrollment/enrollment_candidates.json,(50).mkv,,False,False,blocked because MP4 replacement missing,mp4 missing
/mnt/spirit-8tb/media/yes/.face-review/enrollment/enrollment_candidates.json,(50).mkv,,False,False,blocked because MP4 replacement missing,mp4 missing
/mnt/spirit-8tb/media/yes/.face-review/enrollment/enrollment_candidates.json,date.mkv,,False,False,blocked because MP4 replacement missing,mp4 missing
/mnt/spirit-8tb/media/yes/.face-review/enrollment/enrollment_candidates.json,date.mkv,,False,False,blocked because MP4 replacement missing,mp4 missing
/mnt/spirit-8tb/media/yes/.face-review/enrollment/enrollment_candidates.json,date.mkv,,False,False,blocked because MP4 replacement missing,mp4 missing
/mnt/spirit-8tb/media/yes/.face-review/enrollment/enrollment_candidates.json,date.mkv,,False,False,blocked because MP4 replacement missing,mp4 missing
/mnt/spirit-8tb/media/yes/.face-review/enrollment/enrollment_candidates.json,date.mkv,,False,False,blocked because MP4 replacement missing,mp4 missing
/mnt/spirit-8tb/media/yes/.face-review/enrollment/enrollment_candidates.json,date.mkv,,False,False,blocked because MP4 replacement missing,mp4 missing
/mnt/spirit-8tb/media/yes/.face-review/enrollment/enrollment_candidates.json,date.mkv,,False,False,blocked because MP4 replacement missing,mp4 missing
/mnt/spirit-8tb/media/yes/.face-review/enrollment/enrollment_candidates.json,date.mkv,,False,False,blocked because MP4 replacement missing,mp4 missing
/mnt/spirit-8tb/media/yes/.face-review/enrollment/enrollment_candidates.json,date.mkv,,False,False,blocked because MP4 replacement missing,mp4 missing
/mnt/spirit-8tb/media/yes/.face-review/enrollment/enrollment_candidates.json,date.mkv,,False,False,blocked because MP4 replacement missing,mp4 missing
/mnt/spirit-8tb/media/yes/.face-review/enrollment/enrollment_candidates.json,date.mkv,,False,False,blocked because MP4 replacement missing,mp4 missing
/mnt/spirit-8tb/media/yes/.face-review/enrollment/enrollment_candidates.json,date.mkv,,False,False,blocked because MP4 replacement missing,mp4 missing
/mnt/spirit-8tb/media/yes/.face-review/enrollment/enrollment_candidates.json,date.mkv,,False,False,blocked because MP4 replacement missing,mp4 missing
/mnt/spirit-8tb/media/yes/.face-review/enrollment/enrollment_candidates.json,date.mkv,,False,False,blocked because MP4 replacement missing,mp4 missing
/mnt/spirit-8tb/media/yes/.face-review/enrollment/enrollment_candidates.json,date.mkv,,False,False,blocked because MP4 replacement missing,mp4 missing
/mnt/spirit-8tb/media/yes/.face-review/enrollment/enrollment_candidates.json,date.mkv,,False,False,blocked because MP4 replacement missing,mp4 missing
/mnt/spirit-8tb/media/yes/.face-review/enrollment/enrollment_candidates.json,date.mkv,,False,False,blocked because MP4 replacement missing,mp4 missing
/mnt/spirit-8tb/media/yes/.face-review/enrollment/enrollment_candidates.json,dick.mkv,,False,False,blocked because MP4 replacement missing,mp4 missing
/mnt/spirit-8tb/media/yes/.face-review/enrollment/enrollment_candidates.json,dick.mkv,,False,False,blocked because MP4 replacement missing,mp4 missing
/mnt/spirit-8tb/media/yes/.face-review/enrollment/enrollment_candidates.json,dick.mkv,,False,False,blocked because MP4 replacement missing,mp4 missing
/mnt/spirit-8tb/media/yes/.face-review/enrollment/enrollment_candidates.json,dick.mkv,,False,False,blocked because MP4 replacement missing,mp4 missing
/mnt/spirit-8tb/media/yes/.face-review/enrollment/enrollment_candidates.json,dick.mkv,,False,False,blocked because MP4 replacement missing,mp4 missing
/mnt/spirit-8tb/media/yes/.face-review/enrollment/enrollment_candidates.json,dick.mkv,,False,False,blocked because MP4 replacement missing,mp4 missing
/mnt/spirit-8tb/media/yes/.face-review/enrollment/enrollment_candidates.json,dick.mkv,,False,False,blocked because MP4 replacement missing,mp4 missing
/mnt/spirit-8tb/media/yes/.face-review/enrollment/enrollment_candidates.json,dick.mkv,,False,False,blocked because MP4 replacement missing,mp4 missing
/mnt/spirit-8tb/media/yes/.face-review/enrollment/enrollment_candidates.json,dick.mkv,,False,False,blocked because MP4 replacement missing,mp4 missing
/mnt/spirit-8tb/media/yes/.face-review/enrollment/enrollment_candidates.json,dick.mkv,,False,False,blocked because MP4 replacement missing,mp4 missing
/mnt/spirit-8tb/media/yes/.face-review/enrollment/enrollment_candidates.json,dick.mkv,,False,False,blocked because MP4 replacement missing,mp4 missing
/mnt/spirit-8tb/media/yes/.face-review/enrollment/enrollment_candidates.json,dick.mkv,,False,False,blocked because MP4 replacement missing,mp4 missing
/mnt/spirit-8tb/media/yes/.face-review/enrollment/enrollment_candidates.json,dick.mkv,,False,False,blocked because MP4 replacement missing,mp4 missing
/mnt/spirit-8tb/media/yes/.face-review/enrollment/enrollment_candidates.json,dick.mkv,,False,False,blocked because MP4 replacement missing,mp4 missing
/mnt/spirit-8tb/media/yes/.face-review/enrollment/enrollment_candidates.json,dick.mkv,,False,False,blocked because MP4 replacement missing,mp4 missing
/mnt/spirit-8tb/media/yes/.face-review/enrollment/enrollment_candidates.json,dick.mkv,,False,False,blocked because MP4 replacement missing,mp4 missing
/mnt/spirit-8tb/media/yes/.face-review/enrollment/enrollment_candidates.json,dick.mkv,,False,False,blocked because MP4 replacement missing,mp4 missing
/mnt/spirit-8tb/media/yes/.face-review/enrollment/enrollment_candidates.json,dick.mkv,,False,False,blocked because MP4 replacement missing,mp4 missing
/mnt/spirit-8tb/media/yes/.face-review/enrollment/enrollment_candidates.json,dick.mkv,,False,False,blocked because MP4 replacement missing,mp4 missing
/mnt/spirit-8tb/media/yes/.face-review/enrollment/enrollment_candidates.json,dick.mkv,,False,False,blocked because MP4 replacement missing,mp4 missing
/mnt/spirit-8tb/media/yes/.face-review/enrollment/enrollment_candidates.json,dick.mkv,,False,False,blocked because MP4 replacement missing,mp4 missing
/mnt/spirit-8tb/media/yes/.face-review/enrollment/enrollment_candidates.json,dick.mkv,,False,False,blocked because MP4 replacement missing,mp4 missing
/mnt/spirit-8tb/media/yes/.face-review/enrollment/enrollment_candidates.json,dick.mkv,,False,False,blocked because MP4 replacement missing,mp4 missing
/mnt/spirit-8tb/media/yes/.face-review/enrollment/enrollment_candidates.json,dick.mkv,,False,False,blocked because MP4 replacement missing,mp4 missing
/mnt/spirit-8tb/media/yes/.face-review/enrollment/enrollment_candidates.json,dick.mkv,,False,False,blocked because MP4 replacement missing,mp4 missing
/mnt/spirit-8tb/media/yes/.face-review/enrollment/enrollment_candidates.json,dick.mkv,,False,False,blocked because MP4 replacement missing,mp4 missing
/mnt/spirit-8tb/media/yes/.face-review/enrollment/enrollment_candidates.json,Cock.mkv,,False,False,blocked because MP4 replacement missing,mp4 missing
/mnt/spirit-8tb/media/yes/.face-review/enrollment/enrollment_candidates.json,Cock.mkv,,False,False,blocked because MP4 replacement missing,mp4 missing
/mnt/spirit-8tb/media/yes/.face-review/enrollment/enrollment_candidates.json,Cock.mkv,,False,False,blocked because MP4 replacement missing,mp4 missing
/mnt/spirit-8tb/media/yes/.face-review/enrollment/enrollment_candidates.json,Cock.mkv,,False,False,blocked because MP4 replacement missing,mp4 missing
/mnt/spirit-8tb/media/yes/.face-review/enrollment/enrollment_candidates.json,Cock.mkv,,False,False,blocked because MP4 replacement missing,mp4 missing
/mnt/spirit-8tb/media/yes/.face-review/enrollment/enrollment_candidates.json,Cock.mkv,,False,False,blocked because MP4 replacement missing,mp4 missing
/mnt/spirit-8tb/media/yes/.face-review/enrollment/enrollment_candidates.json,Cock.mkv,,False,False,blocked because MP4 replacement missing,mp4 missing
/mnt/spirit-8tb/media/yes/.face-review/enrollment/enrollment_candidates.json,Cock.mkv,,False,False,blocked because MP4 replacement missing,mp4 missing
/mnt/spirit-8tb/media/yes/.face-review/enrollment/enrollment_candidates.json,Cock.mkv,,False,False,blocked because MP4 replacement missing,mp4 missing
/mnt/spirit-8tb/media/yes/.face-review/enrollment/enrollment_candidates.json,Cock.mkv,,False,False,blocked because MP4 replacement missing,mp4 missing
/mnt/spirit-8tb/media/yes/.face-review/enrollment/enrollment_candidates.json,Cock.mkv,,False,False,blocked because MP4 replacement missing,mp4 missing
/mnt/spirit-8tb/media/yes/.face-review/enrollment/enrollment_candidates.json,Cock.mkv,,False,False,blocked because MP4 replacement missing,mp4 missing
/mnt/spirit-8tb/media/yes/.face-review/enrollment/enrollment_candidates.json,Cock.mkv,,False,False,blocked because MP4 replacement missing,mp4 missing
/mnt/spirit-8tb/media/yes/.face-review/enrollment/enrollment_candidates.json,Cock.mkv,,False,False,blocked because MP4 replacement missing,mp4 missing
/mnt/spirit-8tb/media/yes/.face-review/enrollment/enrollment_candidates.json,Cock.mkv,,False,False,blocked because MP4 replacement missing,mp4 missing
/mnt/spirit-8tb/media/yes/.face-review/enrollment/enrollment_candidates.json,Cock.mkv,,False,False,blocked because MP4 replacement missing,mp4 missing
/mnt/spirit-8tb/media/yes/.face-review/enrollment/enrollment_candidates.json,Cock.mkv,,False,False,blocked because MP4 replacement missing,mp4 missing
/mnt/spirit-8tb/media/yes/.face-review/enrollment/enrollment_candidates.json,Cock.mkv,,False,False,blocked because MP4 replacement missing,mp4 missing
/mnt/spirit-8tb/media/yes/.face-review/enrollment/enrollment_candidates.json,Cock.mkv,,False,False,blocked because MP4 replacement missing,mp4 missing
/mnt/spirit-8tb/media/yes/.face-review/enrollment/enrollment_candidates.json,Cock.mkv,,False,False,blocked because MP4 replacement missing,mp4 missing
/mnt/spirit-8tb/media/yes/.face-review/enrollment/enrollment_candidates.json,Cock.mkv,,False,False,blocked because MP4 replacement missing,mp4 missing
/mnt/spirit-8tb/media/yes/.face-review/enrollment/enrollment_candidates.json,Cock.mkv,,False,False,blocked because MP4 replacement missing,mp4 missing
/mnt/spirit-8tb/media/yes/.face-review/enrollment/enrollment_candidates.json,Cock.mkv,,False,False,blocked because MP4 replacement missing,mp4 missing
/mnt/spirit-8tb/media/yes/.face-review/enrollment/enrollment_candidates.json,Cake.mkv,,False,False,blocked because MP4 replacement missing,mp4 missing
/mnt/spirit-8tb/media/yes/.face-review/enrollment/enrollment_candidates.json,Leak.mkv,,False,False,blocked because MP4 replacement missing,mp4 missing
/mnt/spirit-8tb/media/yes/.face-review/enrollment/enrollment_candidates.json,Leak.mkv,,False,False,blocked because MP4 replacement missing,mp4 missing
/mnt/spirit-8tb/media/yes/.face-review/enrollment/enrollment_candidates.json,Leak.mkv,,False,False,blocked because MP4 replacement missing,mp4 missing
/mnt/spirit-8tb/media/yes/.face-review/enrollment/enrollment_candidates.json,Leak.mkv,,False,False,blocked because MP4 replacement missing,mp4 missing
/mnt/spirit-8tb/media/yes/.face-review/enrollment/enrollment_candidates.json,Leak.mkv,,False,False,blocked because MP4 replacement missing,mp4 missing
/mnt/spirit-8tb/media/yes/.face-review/enrollment/enrollment_candidates.json,Leak.mkv,,False,False,blocked because MP4 replacement missing,mp4 missing
/mnt/spirit-8tb/media/yes/.face-review/enrollment/enrollment_candidates.json,Leak.mkv,,False,False,blocked because MP4 replacement missing,mp4 missing
/mnt/spirit-8tb/media/yes/.face-review/enrollment/enrollment_candidates.json,Leak.mkv,,False,False,blocked because MP4 replacement missing,mp4 missing
/mnt/spirit-8tb/media/yes/.face-review/enrollment/enrollment_candidates.json,Leak.mkv,,False,False,blocked because MP4 replacement missing,mp4 missing
/mnt/spirit-8tb/media/yes/.face-review/enrollment/enrollment_candidates.json,Leak.mkv,,False,False,blocked because MP4 replacement missing,mp4 missing
/mnt/spirit-8tb/media/yes/.face-review/enrollment/enrollment_candidates.json,Leak.mkv,,False,False,blocked because MP4 replacement missing,mp4 missing
/mnt/spirit-8tb/media/yes/.face-review/enrollment/enrollment_candidates.json,Leak.mkv,,False,False,blocked because MP4 replacement missing,mp4 missing
/mnt/spirit-8tb/media/yes/.face-review/enrollment/enrollment_candidates.json,Leak.mkv,,False,False,blocked because MP4 replacement missing,mp4 missing
/mnt/spirit-8tb/media/yes/.face-review/enrollment/enrollment_candidates.json,Leak.mkv,,False,False,blocked because MP4 replacement missing,mp4 missing
/mnt/spirit-8tb/media/yes/.face-review/enrollment/enrollment_candidates.json,Leak.mkv,,False,False,blocked because MP4 replacement missing,mp4 missing
/mnt/spirit-8tb/media/yes/.face-review/enrollment/enrollment_candidates.json,Leak.mkv,,False,False,blocked because MP4 replacement missing,mp4 missing
/mnt/spirit-8tb/media/yes/.face-review/enrollment/enrollment_candidates.json,Leak.mkv,,False,False,blocked because MP4 replacement missing,mp4 missing
/mnt/spirit-8tb/media/yes/.face-review/enrollment/enrollment_candidates.json,Rena.mkv,,False,False,blocked because MP4 replacement missing,mp4 missing
/mnt/spirit-8tb/media/yes/.face-review/enrollment/enrollment_candidates.json,Rena.mkv,,False,False,blocked because MP4 replacement missing,mp4 missing
/mnt/spirit-8tb/media/yes/.face-review/enrollment/enrollment_candidates.json,(28).mkv,,False,False,blocked because MP4 replacement missing,mp4 missing
/mnt/spirit-8tb/media/yes/.face-review/enrollment/enrollment_candidates.json,(28).mkv,,False,False,blocked because MP4 replacement missing,mp4 missing
/mnt/spirit-8tb/media/yes/.face-review/enrollment/enrollment_candidates.json,130.mkv,,False,False,blocked because MP4 replacement missing,mp4 missing
/mnt/spirit-8tb/media/yes/.face-review/enrollment/enrollment_candidates.json,130.mkv,,False,False,blocked because MP4 replacement missing,mp4 missing
/mnt/spirit-8tb/media/yes/.face-review/enrollment/enrollment_candidates.json,130.mkv,,False,False,blocked because MP4 replacement missing,mp4 missing
/mnt/spirit-8tb/media/yes/.face-review/enrollment/enrollment_candidates.json,537.mkv,,False,False,blocked because MP4 replacement missing,mp4 missing
/mnt/spirit-8tb/media/yes/.face-review/enrollment/enrollment_candidates.json,558.mkv,,False,False,blocked because MP4 replacement missing,mp4 missing
/mnt/spirit-8tb/media/yes/.face-review/enrollment/enrollment_candidates.json,793.mkv,,False,False,blocked because MP4 replacement missing,mp4 missing
/mnt/spirit-8tb/media/yes/.face-review/enrollment/enrollment_candidates.json,870.mkv,,False,False,blocked because MP4 replacement missing,mp4 missing
/mnt/spirit-8tb/media/yes/.face-review/enrollment/enrollment_candidates.json,959.mkv,,False,False,blocked because MP4 replacement missing,mp4 missing
/mnt/spirit-8tb/media/yes/.face-review/enrollment/enrollment_candidates.json,537.mkv,,False,False,blocked because MP4 replacement missing,mp4 missing
/mnt/spirit-8tb/media/yes/.face-review/enrollment/enrollment_candidates.json,558.mkv,,False,False,blocked because MP4 replacement missing,mp4 missing
/mnt/spirit-8tb/media/yes/.face-review/enrollment/enrollment_candidates.json,793.mkv,,False,False,blocked because MP4 replacement missing,mp4 missing
/mnt/spirit-8tb/media/yes/.face-review/enrollment/enrollment_candidates.json,870.mkv,,False,False,blocked because MP4 replacement missing,mp4 missing
/mnt/spirit-8tb/media/yes/.face-review/enrollment/enrollment_candidates.json,959.mkv,,False,False,blocked because MP4 replacement missing,mp4 missing
/mnt/spirit-8tb/media/yes/.face-review/enrollment/enrollment_candidates.json,Her.mkv,,False,False,blocked because MP4 replacement missing,mp4 missing
/mnt/spirit-8tb/media/yes/.face-review/enrollment/enrollment_candidates.json,Her.mkv,,False,False,blocked because MP4 replacement missing,mp4 missing
/mnt/spirit-8tb/media/yes/.face-review/enrollment/enrollment_candidates.json,Her.mkv,,False,False,blocked because MP4 replacement missing,mp4 missing
/mnt/spirit-8tb/media/yes/.face-review/enrollment/enrollment_candidates.json,Her.mkv,,False,False,blocked because MP4 replacement missing,mp4 missing
/mnt/spirit-8tb/media/yes/.face-review/enrollment/enrollment_candidates.json,Her.mkv,,False,False,blocked because MP4 replacement missing,mp4 missing
/mnt/spirit-8tb/media/yes/.face-review/enrollment/enrollment_candidates.json,Her.mkv,,False,False,blocked because MP4 replacement missing,mp4 missing
/mnt/spirit-8tb/media/yes/.face-review/enrollment/enrollment_candidates.json,Her.mkv,,False,False,blocked because MP4 replacement missing,mp4 missing
/mnt/spirit-8tb/media/yes/.face-review/enrollment/enrollment_candidates.json,Her.mkv,,False,False,blocked because MP4 replacement missing,mp4 missing
/mnt/spirit-8tb/media/yes/.face-review/enrollment/enrollment_candidates.json,Her.mkv,,False,False,blocked because MP4 replacement missing,mp4 missing
/mnt/spirit-8tb/media/yes/.face-review/enrollment/enrollment_candidates.json,Her.mkv,,False,False,blocked because MP4 replacement missing,mp4 missing
/mnt/spirit-8tb/media/yes/.face-review/enrollment/enrollment_candidates.json,Her.mkv,,False,False,blocked because MP4 replacement missing,mp4 missing
/mnt/spirit-8tb/media/yes/.face-review/enrollment/enrollment_candidates.json,Her.mkv,,False,False,blocked because MP4 replacement missing,mp4 missing
/mnt/spirit-8tb/media/yes/.face-review/enrollment/enrollment_candidates.json,Her.mkv,,False,False,blocked because MP4 replacement missing,mp4 missing
/mnt/spirit-8tb/media/yes/.face-review/enrollment/enrollment_candidates.json,Her.mkv,,False,False,blocked because MP4 replacement missing,mp4 missing
/mnt/spirit-8tb/media/yes/.face-review/enrollment/enrollment_candidates.json,Her.mkv,,False,False,blocked because MP4 replacement missing,mp4 missing
/mnt/spirit-8tb/media/yes/.face-review/enrollment/enrollment_candidates.json,Her.mkv,,False,False,blocked because MP4 replacement missing,mp4 missing
/mnt/spirit-8tb/media/yes/.face-review/enrollment/enrollment_candidates.json,Her.mkv,,False,False,blocked because MP4 replacement missing,mp4 missing
/mnt/spirit-8tb/media/yes/.face-review/enrollment/enrollment_candidates.json,Her.mkv,,False,False,blocked because MP4 replacement missing,mp4 missing
/mnt/spirit-8tb/media/yes/.face-review/enrollment/enrollment_candidates.json,Her.mkv,,False,False,blocked because MP4 replacement missing,mp4 missing
/mnt/spirit-8tb/media/yes/.face-review/enrollment/enrollment_candidates.json,Her.mkv,,False,False,blocked because MP4 replacement missing,mp4 missing
/mnt/spirit-8tb/media/yes/.face-review/enrollment/enrollment_candidates.json,Her.mkv,,False,False,blocked because MP4 replacement missing,mp4 missing
/mnt/spirit-8tb/media/yes/.face-review/enrollment/enrollment_candidates.json,Her.mkv,,False,False,blocked because MP4 replacement missing,mp4 missing
/mnt/spirit-8tb/media/yes/.face-review/enrollment/enrollment_candidates.json,Her.mkv,,False,False,blocked because MP4 replacement missing,mp4 missing
/mnt/spirit-8tb/media/yes/.face-review/enrollment/enrollment_candidates.json,Her.mkv,,False,False,blocked because MP4 replacement missing,mp4 missing
/mnt/spirit-8tb/media/yes/.face-review/enrollment/enrollment_candidates.json,Her.mkv,,False,False,blocked because MP4 replacement missing,mp4 missing
/mnt/spirit-8tb/media/yes/.face-review/enrollment/enrollment_candidates.json,(8).mkv,,False,False,blocked because MP4 replacement missing,mp4 missing
/mnt/spirit-8tb/media/yes/.face-review/enrollment/enrollment_candidates.json,(8).mkv,,False,False,blocked because MP4 replacement missing,mp4 missing
/mnt/spirit-8tb/media/yes/.face-review/enrollment/enrollment_candidates.json,(8).mkv,,False,False,blocked because MP4 replacement missing,mp4 missing
/mnt/spirit-8tb/media/yes/.face-review/enrollment/enrollment_candidates.json,(8).mkv,,False,False,blocked because MP4 replacement missing,mp4 missing
/mnt/spirit-8tb/media/yes/.face-review/enrollment/enrollment_candidates.json,(8).mkv,,False,False,blocked because MP4 replacement missing,mp4 missing
/mnt/spirit-8tb/media/yes/.face-review/enrollment/enrollment_candidates.json,(8).mkv,,False,False,blocked because MP4 replacement missing,mp4 missing
/mnt/spirit-8tb/media/yes/.face-review/enrollment/enrollment_candidates.json,(8).mkv,,False,False,blocked because MP4 replacement missing,mp4 missing
/mnt/spirit-8tb/media/yes/.face-review/enrollment/enrollment_candidates.json,(8).mkv,,False,False,blocked because MP4 replacement missing,mp4 missing
/mnt/spirit-8tb/media/yes/.face-review/enrollment/enrollment_candidates.json,(8).mkv,,False,False,blocked because MP4 replacement missing,mp4 missing
/mnt/spirit-8tb/media/yes/.face-review/enrollment/enrollment_candidates.json,(8).mkv,,False,False,blocked because MP4 replacement missing,mp4 missing
/mnt/spirit-8tb/media/yes/.face-review/enrollment/enrollment_candidates.json,(8).mkv,,False,False,blocked because MP4 replacement missing,mp4 missing
/mnt/spirit-8tb/media/yes/.face-review/enrollment/enrollment_candidates.json,(8).mkv,,False,False,blocked because MP4 replacement missing,mp4 missing
/mnt/spirit-8tb/media/yes/.face-review/enrollment/enrollment_candidates.json,(8).mkv,,False,False,blocked because MP4 replacement missing,mp4 missing
/mnt/spirit-8tb/media/yes/.face-review/enrollment/enrollment_candidates.json,(8).mkv,,False,False,blocked because MP4 replacement missing,mp4 missing
/mnt/spirit-8tb/media/yes/.face-review/enrollment/enrollment_candidates.json,(8).mkv,,False,False,blocked because MP4 replacement missing,mp4 missing
/mnt/spirit-8tb/media/yes/.face-review/enrollment/enrollment_candidates.json,(8).mkv,,False,False,blocked because MP4 replacement missing,mp4 missing
/mnt/spirit-8tb/media/yes/.face-review/enrollment/enrollment_candidates.json,(8).mkv,,False,False,blocked because MP4 replacement missing,mp4 missing
/mnt/spirit-8tb/media/yes/.face-review/enrollment/enrollment_candidates.json,(8).mkv,,False,False,blocked because MP4 replacement missing,mp4 missing
/mnt/spirit-8tb/media/yes/.face-review/enrollment/enrollment_candidates.json,(8).mkv,,False,False,blocked because MP4 replacement missing,mp4 missing
/mnt/spirit-8tb/media/yes/.face-review/enrollment/enrollment_candidates.json,(8).mkv,,False,False,blocked because MP4 replacement missing,mp4 missing
/mnt/spirit-8tb/media/yes/.face-review/enrollment/enrollment_candidates.json,(8).mkv,,False,False,blocked because MP4 replacement missing,mp4 missing
/mnt/spirit-8tb/media/yes/.face-review/enrollment/enrollment_candidates.json,(8).mkv,,False,False,blocked because MP4 replacement missing,mp4 missing
/mnt/spirit-8tb/media/yes/.face-review/enrollment/enrollment_candidates.json,(8).mkv,,False,False,blocked because MP4 replacement missing,mp4 missing
/mnt/spirit-8tb/media/yes/.face-review/enrollment/enrollment_candidates.json,(8).mkv,,False,False,blocked because MP4 replacement missing,mp4 missing
/mnt/spirit-8tb/media/yes/.face-review/enrollment/enrollment_candidates.json,(8).mkv,,False,False,blocked because MP4 replacement missing,mp4 missing
/mnt/spirit-8tb/media/yes/.face-review/enrollment/enrollment_candidates.json,(8).mkv,,False,False,blocked because MP4 replacement missing,mp4 missing
/mnt/spirit-8tb/media/yes/.face-review/enrollment/enrollment_candidates.json,(8).mkv,,False,False,blocked because MP4 replacement missing,mp4 missing
/mnt/spirit-8tb/media/yes/.face-review/enrollment/enrollment_candidates.json,(8).mkv,,False,False,blocked because MP4 replacement missing,mp4 missing
/mnt/spirit-8tb/media/yes/.face-review/enrollment/enrollment_candidates.json,(8).mkv,,False,False,blocked because MP4 replacement missing,mp4 missing
/mnt/spirit-8tb/media/yes/.face-review/enrollment/enrollment_candidates.json,(8).mkv,,False,False,blocked because MP4 replacement missing,mp4 missing
/mnt/spirit-8tb/media/yes/.face-review/enrollment/enrollment_candidates.json,Ass.mkv,,False,False,blocked because MP4 replacement missing,mp4 missing
/mnt/spirit-8tb/media/yes/.face-review/enrollment/enrollment_candidates.json,Ass.mkv,,False,False,blocked because MP4 replacement missing,mp4 missing
/mnt/spirit-8tb/media/yes/.face-review/enrollment/enrollment_candidates.json,(1).mkv,,False,False,blocked because MP4 replacement missing,mp4 missing
/mnt/spirit-8tb/media/yes/.face-review/enrollment/enrollment_candidates.json,(5).mkv,,False,False,blocked because MP4 replacement missing,mp4 missing
/mnt/spirit-8tb/media/yes/.face-review/enrollment/enrollment_candidates.json,(7).mkv,,False,False,blocked because MP4 replacement missing,mp4 missing
/mnt/spirit-8tb/media/yes/.face-review/enrollment/enrollment_candidates.json,(1).mkv,,False,False,blocked because MP4 replacement missing,mp4 missing
/mnt/spirit-8tb/media/yes/.face-review/enrollment/enrollment_candidates.json,(5).mkv,,False,False,blocked because MP4 replacement missing,mp4 missing
/mnt/spirit-8tb/media/yes/.face-review/enrollment/enrollment_candidates.json,(7).mkv,,False,False,blocked because MP4 replacement missing,mp4 missing
/mnt/spirit-8tb/media/yes/.face-review/enrollment/enrollment_candidates.json,Sex.mkv,,False,False,blocked because MP4 replacement missing,mp4 missing
/mnt/spirit-8tb/media/yes/.face-review/enrollment/enrollment_candidates.json,Sex.mkv,,False,False,blocked because MP4 replacement missing,mp4 missing
/mnt/spirit-8tb/media/yes/.face-review/enrollment/enrollment_candidates.json,Sex.mkv,,False,False,blocked because MP4 replacement missing,mp4 missing
/mnt/spirit-8tb/media/yes/.face-review/enrollment/enrollment_candidates.json,Sex.mkv,,False,False,blocked because MP4 replacement missing,mp4 missing
/mnt/spirit-8tb/media/yes/.face-review/enrollment/enrollment_candidates.json,Sex.mkv,,False,False,blocked because MP4 replacement missing,mp4 missing
/mnt/spirit-8tb/media/yes/.face-review/enrollment/enrollment_candidates.json,Sex.mkv,,False,False,blocked because MP4 replacement missing,mp4 missing
/mnt/spirit-8tb/media/yes/.face-review/enrollment/enrollment_candidates.json,Sex.mkv,,False,False,blocked because MP4 replacement missing,mp4 missing
/mnt/spirit-8tb/media/yes/.face-review/enrollment/enrollment_candidates.json,Sex.mkv,,False,False,blocked because MP4 replacement missing,mp4 missing
/mnt/spirit-8tb/media/yes/.face-review/enrollment/enrollment_candidates.json,Sex.mkv,,False,False,blocked because MP4 replacement missing,mp4 missing
/mnt/spirit-8tb/media/yes/.face-review/enrollment/enrollment_candidates.json,Sex.mkv,,False,False,blocked because MP4 replacement missing,mp4 missing
/mnt/spirit-8tb/media/yes/.face-review/enrollment/enrollment_candidates.json,Sex.mkv,,False,False,blocked because MP4 replacement missing,mp4 missing
/mnt/spirit-8tb/media/yes/.face-review/enrollment/enrollment_candidates.json,Sex.mkv,,False,False,blocked because MP4 replacement missing,mp4 missing
/mnt/spirit-8tb/media/yes/.face-review/enrollment/enrollment_candidates.json,Sex.mkv,,False,False,blocked because MP4 replacement missing,mp4 missing
/mnt/spirit-8tb/media/yes/.face-review/enrollment/enrollment_candidates.json,Sex.mkv,,False,False,blocked because MP4 replacement missing,mp4 missing
/mnt/spirit-8tb/media/yes/.face-review/enrollment/enrollment_candidates.json,Sex.mkv,,False,False,blocked because MP4 replacement missing,mp4 missing
/mnt/spirit-8tb/media/yes/.face-review/enrollment/enrollment_candidates.json,Sex.mkv,,False,False,blocked because MP4 replacement missing,mp4 missing
/mnt/spirit-8tb/media/yes/.face-review/enrollment/enrollment_candidates.json,Sex.mkv,,False,False,blocked because MP4 replacement missing,mp4 missing
/mnt/spirit-8tb/media/yes/.face-review/enrollment/enrollment_candidates.json,Sex.mkv,,False,False,blocked because MP4 replacement missing,mp4 missing
/mnt/spirit-8tb/media/yes/.face-review/enrollment/enrollment_candidates.json,Sex.mkv,,False,False,blocked because MP4 replacement missing,mp4 missing
/mnt/spirit-8tb/media/yes/.face-review/enrollment/enrollment_candidates.json,184.mkv,,False,False,blocked because MP4 replacement missing,mp4 missing
/mnt/spirit-8tb/media/yes/.face-review/enrollment/enrollment_candidates.json,233.mkv,,False,False,blocked because MP4 replacement missing,mp4 missing
/mnt/spirit-8tb/media/yes/.face-review/enrollment/enrollment_candidates.json,184.mkv,,False,False,blocked because MP4 replacement missing,mp4 missing
/mnt/spirit-8tb/media/yes/.face-review/enrollment/enrollment_candidates.json,233.mkv,,False,False,blocked because MP4 replacement missing,mp4 missing
/mnt/spirit-8tb/media/yes/.face-review/enrollment/enrollment_candidates.json,40.mkv,,False,False,blocked because MP4 replacement missing,mp4 missing
/mnt/spirit-8tb/media/yes/.face-review/enrollment/enrollment_candidates.json,40.mkv,,False,False,blocked because MP4 replacement missing,mp4 missing
/mnt/spirit-8tb/media/yes/.face-review/enrollment/enrollment_candidates.json,40.mkv,,False,False,blocked because MP4 replacement missing,mp4 missing
/mnt/spirit-8tb/media/yes/.face-review/enrollment/enrollment_candidates.json,25.mkv,,False,False,blocked because MP4 replacement missing,mp4 missing
/mnt/spirit-8tb/media/yes/.face-review/enrollment/enrollment_candidates.json,25.mkv,,False,False,blocked because MP4 replacement missing,mp4 missing
/mnt/spirit-8tb/media/yes/.face-review/enrollment/enrollment_candidates.json,61.mkv,,False,False,blocked because MP4 replacement missing,mp4 missing
/mnt/spirit-8tb/media/yes/.face-review/enrollment/enrollment_candidates.json,61.mkv,,False,False,blocked because MP4 replacement missing,mp4 missing
/mnt/spirit-8tb/media/yes/.face-review/enrollment/enrollment_candidates.json,25.mkv,,False,False,blocked because MP4 replacement missing,mp4 missing
/mnt/spirit-8tb/media/yes/.face-review/enrollment/enrollment_candidates.json,25.mkv,,False,False,blocked because MP4 replacement missing,mp4 missing
/mnt/spirit-8tb/media/yes/.face-review/enrollment/enrollment_candidates.json,61.mkv,,False,False,blocked because MP4 replacement missing,mp4 missing
/mnt/spirit-8tb/media/yes/.face-review/enrollment/enrollment_candidates.json,61.mkv,,False,False,blocked because MP4 replacement missing,mp4 missing
/mnt/spirit-8tb/media/yes/.face-review/enrollment/enrollment_candidates.json,25.mkv,,False,False,blocked because MP4 replacement missing,mp4 missing
/mnt/spirit-8tb/media/yes/.face-review/enrollment/enrollment_candidates.json,25.mkv,,False,False,blocked because MP4 replacement missing,mp4 missing
/mnt/spirit-8tb/media/yes/.face-review/enrollment/enrollment_candidates.json,61.mkv,,False,False,blocked because MP4 replacement missing,mp4 missing
/mnt/spirit-8tb/media/yes/.face-review/enrollment/enrollment_candidates.json,61.mkv,,False,False,blocked because MP4 replacement missing,mp4 missing
/mnt/spirit-8tb/media/yes/.face-review/enrollment/enrollment_candidates.json,25.mkv,,False,False,blocked because MP4 replacement missing,mp4 missing
/mnt/spirit-8tb/media/yes/.face-review/enrollment/enrollment_candidates.json,25.mkv,,False,False,blocked because MP4 replacement missing,mp4 missing
/mnt/spirit-8tb/media/yes/.face-review/enrollment/enrollment_candidates.json,61.mkv,,False,False,blocked because MP4 replacement missing,mp4 missing
/mnt/spirit-8tb/media/yes/.face-review/enrollment/enrollment_candidates.json,61.mkv,,False,False,blocked because MP4 replacement missing,mp4 missing
/mnt/spirit-8tb/media/yes/.face-review/enrollment/enrollment_candidates.json,25.mkv,,False,False,blocked because MP4 replacement missing,mp4 missing
/mnt/spirit-8tb/media/yes/.face-review/enrollment/enrollment_candidates.json,25.mkv,,False,False,blocked because MP4 replacement missing,mp4 missing
/mnt/spirit-8tb/media/yes/.face-review/enrollment/enrollment_candidates.json,25.mkv,,False,False,blocked because MP4 replacement missing,mp4 missing
/mnt/spirit-8tb/media/yes/.face-review/enrollment/enrollment_candidates.json,25.mkv,,False,False,blocked because MP4 replacement missing,mp4 missing
/mnt/spirit-8tb/media/yes/.face-review/enrollment/enrollment_candidates.json,25.mkv,,False,False,blocked because MP4 replacement missing,mp4 missing
/mnt/spirit-8tb/media/yes/.face-review/enrollment/enrollment_candidates.json,25.mkv,,False,False,blocked because MP4 replacement missing,mp4 missing
/mnt/spirit-8tb/media/yes/.face-review/enrollment/enrollment_candidates.json,25.mkv,,False,False,blocked because MP4 replacement missing,mp4 missing
/mnt/spirit-8tb/media/yes/.face-review/enrollment/enrollment_candidates.json,25.mkv,,False,False,blocked because MP4 replacement missing,mp4 missing
/mnt/spirit-8tb/media/yes/.face-review/enrollment/enrollment_candidates.json,25.mkv,,False,False,blocked because MP4 replacement missing,mp4 missing
/mnt/spirit-8tb/media/yes/.face-review/enrollment/enrollment_candidates.json,25.mkv,,False,False,blocked because MP4 replacement missing,mp4 missing
/mnt/spirit-8tb/media/yes/.face-review/enrollment/enrollment_candidates.json,61.mkv,,False,False,blocked because MP4 replacement missing,mp4 missing
/mnt/spirit-8tb/media/yes/.face-review/enrollment/enrollment_candidates.json,61.mkv,,False,False,blocked because MP4 replacement missing,mp4 missing
/mnt/spirit-8tb/media/yes/.face-review/enrollment/enrollment_candidates.json,61.mkv,,False,False,blocked because MP4 replacement missing,mp4 missing
/mnt/spirit-8tb/media/yes/.face-review/enrollment/enrollment_candidates.json,61.mkv,,False,False,blocked because MP4 replacement missing,mp4 missing
/mnt/spirit-8tb/media/yes/.face-review/enrollment/enrollment_candidates.json,61.mkv,,False,False,blocked because MP4 replacement missing,mp4 missing
/mnt/spirit-8tb/media/yes/.face-review/enrollment/enrollment_candidates.json,61.mkv,,False,False,blocked because MP4 replacement missing,mp4 missing
/mnt/spirit-8tb/media/yes/.face-review/enrollment/enrollment_candidates.json,61.mkv,,False,False,blocked because MP4 replacement missing,mp4 missing
/mnt/spirit-8tb/media/yes/.face-review/enrollment/enrollment_candidates.json,61.mkv,,False,False,blocked because MP4 replacement missing,mp4 missing
/mnt/spirit-8tb/media/yes/.face-review/enrollment/enrollment_candidates.json,61.mkv,,False,False,blocked because MP4 replacement missing,mp4 missing
/mnt/spirit-8tb/media/yes/.face-review/enrollment/enrollment_candidates.json,61.mkv,,False,False,blocked because MP4 replacement missing,mp4 missing
/mnt/spirit-8tb/media/yes/.face-review/enrollment/enrollment_candidates.json,25.mkv,,False,False,blocked because MP4 replacement missing,mp4 missing
/mnt/spirit-8tb/media/yes/.face-review/enrollment/enrollment_candidates.json,61.mkv,,False,False,blocked because MP4 replacement missing,mp4 missing
/mnt/spirit-8tb/media/yes/.face-review/enrollment/enrollment_candidates.json,25.mkv,,False,False,blocked because MP4 replacement missing,mp4 missing
/mnt/spirit-8tb/media/yes/.face-review/enrollment/enrollment_candidates.json,25.mkv,,False,False,blocked because MP4 replacement missing,mp4 missing
/mnt/spirit-8tb/media/yes/.face-review/enrollment/enrollment_candidates.json,61.mkv,,False,False,blocked because MP4 replacement missing,mp4 missing
/mnt/spirit-8tb/media/yes/.face-review/enrollment/enrollment_candidates.json,61.mkv,,False,False,blocked because MP4 replacement missing,mp4 missing
/mnt/spirit-8tb/media/yes/.face-review/enrollment/enrollment_candidates.json,96.mkv,,False,False,blocked because MP4 replacement missing,mp4 missing
/mnt/spirit-8tb/media/yes/.face-review/enrollment/enrollment_candidates.json,96.mkv,,False,False,blocked because MP4 replacement missing,mp4 missing
/mnt/spirit-8tb/media/yes/.face-review/enrollment/enrollment_candidates.json,96.mkv,,False,False,blocked because MP4 replacement missing,mp4 missing
/mnt/spirit-8tb/media/yes/.face-review/enrollment/enrollment_candidates.json,96.mkv,,False,False,blocked because MP4 replacement missing,mp4 missing
/mnt/spirit-8tb/media/yes/.face-review/enrollment/enrollment_candidates.json,96.mkv,,False,False,blocked because MP4 replacement missing,mp4 missing
/mnt/spirit-8tb/media/yes/.face-review/enrollment/enrollment_candidates.json,96.mkv,,False,False,blocked because MP4 replacement missing,mp4 missing
/mnt/spirit-8tb/media/yes/.face-review/enrollment/enrollment_candidates.json,96.mkv,,False,False,blocked because MP4 replacement missing,mp4 missing
/mnt/spirit-8tb/media/yes/.face-review/enrollment/enrollment_candidates.json,96.mkv,,False,False,blocked because MP4 replacement missing,mp4 missing
/mnt/spirit-8tb/media/yes/.face-review/enrollment/enrollment_candidates.json,96.mkv,,False,False,blocked because MP4 replacement missing,mp4 missing
/mnt/spirit-8tb/media/yes/.face-review/enrollment/enrollment_candidates.json,96.mkv,,False,False,blocked because MP4 replacement missing,mp4 missing
/mnt/spirit-8tb/media/yes/.face-review/enrollment/enrollment_candidates.json,96.mkv,,False,False,blocked because MP4 replacement missing,mp4 missing
/mnt/spirit-8tb/media/yes/.face-review/enrollment/enrollment_candidates.json,Th.mkv,,False,False,blocked because MP4 replacement missing,mp4 missing
/mnt/spirit-8tb/media/yes/.face-review/enrollment/enrollment_candidates.json,Th.mkv,,False,False,blocked because MP4 replacement missing,mp4 missing
/mnt/spirit-8tb/media/yes/.face-review/enrollment/enrollment_candidates.json,Th.mkv,,False,False,blocked because MP4 replacement missing,mp4 missing
/mnt/spirit-8tb/media/yes/.face-review/enrollment/enrollment_candidates.json,Th.mkv,,False,False,blocked because MP4 replacement missing,mp4 missing
/mnt/spirit-8tb/media/yes/.face-review/enrollment/enrollment_candidates.json,Th.mkv,,False,False,blocked because MP4 replacement missing,mp4 missing
/mnt/spirit-8tb/media/yes/.face-review/enrollment/enrollment_candidates.json,Th.mkv,,False,False,blocked because MP4 replacement missing,mp4 missing
/mnt/spirit-8tb/media/yes/.face-review/enrollment/enrollment_candidates.json,Th.mkv,,False,False,blocked because MP4 replacement missing,mp4 missing
/mnt/spirit-8tb/media/yes/.face-review/enrollment/enrollment_candidates.json,Th.mkv,,False,False,blocked because MP4 replacement missing,mp4 missing
/mnt/spirit-8tb/media/yes/.face-review/enrollment/enrollment_candidates.json,Th.mkv,,False,False,blocked because MP4 replacement missing,mp4 missing
/mnt/spirit-8tb/media/yes/.face-review/enrollment/enrollment_candidates.json,Th.mkv,,False,False,blocked because MP4 replacement missing,mp4 missing
/mnt/spirit-8tb/media/yes/.face-review/enrollment/enrollment_candidates.json,Th.mkv,,False,False,blocked because MP4 replacement missing,mp4 missing
/mnt/spirit-8tb/media/yes/.face-review/enrollment/enrollment_candidates.json,Th.mkv,,False,False,blocked because MP4 replacement missing,mp4 missing
/mnt/spirit-8tb/media/yes/.face-review/enrollment/enrollment_candidates.json,Th.mkv,,False,False,blocked because MP4 replacement missing,mp4 missing
/mnt/spirit-8tb/media/yes/.face-review/enrollment/enrollment_candidates.json,Th.mkv,,False,False,blocked because MP4 replacement missing,mp4 missing
/mnt/spirit-8tb/media/yes/.face-review/enrollment/enrollment_candidates.json,Th.mkv,,False,False,blocked because MP4 replacement missing,mp4 missing
/mnt/spirit-8tb/media/yes/.face-review/enrollment/enrollment_candidates.json,Th.mkv,,False,False,blocked because MP4 replacement missing,mp4 missing
/mnt/spirit-8tb/media/yes/.face-review/enrollment/enrollment_candidates.json,Th.mkv,,False,False,blocked because MP4 replacement missing,mp4 missing
/mnt/spirit-8tb/media/yes/.face-review/enrollment/enrollment_candidates.json,Th.mkv,,False,False,blocked because MP4 replacement missing,mp4 missing
/mnt/spirit-8tb/media/yes/.face-review/enrollment/enrollment_candidates.json,64.mkv,,False,False,blocked because MP4 replacement missing,mp4 missing
/mnt/spirit-8tb/media/yes/.face-review/enrollment/enrollment_candidates.json,64.mkv,,False,False,blocked because MP4 replacement missing,mp4 missing
/mnt/spirit-8tb/media/yes/.face-review/enrollment/enrollment_candidates.json,5.mkv,,False,False,blocked because MP4 replacement missing,mp4 missing
/mnt/spirit-8tb/media/yes/.face-review/enrollment/enrollment_candidates.json,5.mkv,,False,False,blocked because MP4 replacement missing,mp4 missing
/mnt/spirit-8tb/media/yes/.face-review/enrollment/enrollment_candidates.json,5.mkv,,False,False,blocked because MP4 replacement missing,mp4 missing
/mnt/spirit-8tb/media/yes/.face-review/enrollment/enrollment_candidates.json,2.mkv,,False,False,blocked because MP4 replacement missing,mp4 missing
/mnt/spirit-8tb/media/yes/.face-review/enrollment/enrollment_candidates.json,2.mkv,,False,False,blocked because MP4 replacement missing,mp4 missing
/mnt/spirit-8tb/media/yes/.face-review/enrollment/enrollment_candidates.json,S.mkv,,False,False,blocked because MP4 replacement missing,mp4 missing
/mnt/spirit-8tb/media/yes/.face-review/enrollment/enrollment_candidates.json,S.mkv,,False,False,blocked because MP4 replacement missing,mp4 missing
/mnt/spirit-8tb/media/yes/.face-review/enrollment/enrollment_candidates.json,3.mkv,,False,False,blocked because MP4 replacement missing,mp4 missing
/mnt/spirit-8tb/media/yes/.face-review/enrollment/enrollment_candidates.json,3.mkv,,False,False,blocked because MP4 replacement missing,mp4 missing
/mnt/spirit-8tb/media/yes/.face-review/enrollment/enrollment_candidates.json,4.mkv,,False,False,blocked because MP4 replacement missing,mp4 missing
/mnt/spirit-8tb/media/yes/.face-review/enrollment/enrollment_candidates.json,4.mkv,,False,False,blocked because MP4 replacement missing,mp4 missing
/mnt/spirit-8tb/media/yes/.face-review/enrollment/enrollment_candidates.json,3.mkv,,False,False,blocked because MP4 replacement missing,mp4 missing
/mnt/spirit-8tb/media/yes/.face-review/enrollment/enrollment_candidates.json,4.mkv,,False,False,blocked because MP4 replacement missing,mp4 missing
/mnt/spirit-8tb/media/yes/unknown/OF4LM.COM is our home__400.mp4.media-ingest.json,home__400.mkv,,False,False,blocked because MP4 replacement missing,mp4 missing
/mnt/spirit-8tb/media/yes/unknown/407017_720p.mp4.face-meta.json,/DATA/yes/unknown/407017_720p.mkv.face-meta.json,/DATA/yes/unknown/407017_720p.mp4.face-meta.json,True,True,safe exact path migration,
/mnt/spirit-8tb/media/yes/unknown/407017_720p.mp4.face-meta.json,/DATA/yes/unknown/407017_720p.mkv.face-meta.json,/DATA/yes/unknown/407017_720p.mp4.face-meta.json,True,True,safe exact path migration,
/mnt/spirit-8tb/media/yes/unknown/407017_720p.mp4.face-meta.json,/DATA/yes/unknown/407017_720p.mkv,/DATA/yes/unknown/407017_720p.mp4,True,True,safe exact path migration,
/mnt/spirit-8tb/media/yes/unknown/407017_720p.mp4.face-meta.json,/DATA/yes/unknown/407017_720p.mkv,/DATA/yes/unknown/407017_720p.mp4,True,True,safe exact path migration,
/mnt/spirit-8tb/media/yes/unknown/407017_720p.mp4.face-meta.json,/DATA/yes/unknown/407017_720p.mkv,/DATA/yes/unknown/407017_720p.mp4,True,True,safe exact path migration,
/mnt/spirit-8tb/media/yes/unknown/407017_720p.mp4.face-meta.json,/DATA/yes/unknown/407017_720p.mkv,/DATA/yes/unknown/407017_720p.mp4,True,True,safe exact path migration,
/mnt/spirit-8tb/media/yes/unknown/407017_720p.mp4.face-meta.json,/DATA/yes/unknown/407017_720p.mkv,/DATA/yes/unknown/407017_720p.mp4,True,True,safe exact path migration,
/mnt/spirit-8tb/media/yes/unknown/407017_720p.mp4.face-meta.json,/DATA/yes/unknown/407017_720p.mkv,/DATA/yes/unknown/407017_720p.mp4,True,True,safe exact path migration,
/mnt/spirit-8tb/media/yes/unknown/407017_720p.mp4.face-meta.json,/DATA/yes/unknown/407017_720p.mkv,/DATA/yes/unknown/407017_720p.mp4,True,True,safe exact path migration,
/mnt/spirit-8tb/media/yes/unknown/407017_720p.mp4.face-meta.json,/DATA/yes/unknown/407017_720p.mkv,/DATA/yes/unknown/407017_720p.mp4,True,True,safe exact path migration,
/mnt/spirit-8tb/media/yes/unknown/407017_720p.mp4.face-meta.json,/DATA/yes/unknown/407017_720p.mkv,/DATA/yes/unknown/407017_720p.mp4,True,True,safe exact path migration,
/mnt/spirit-8tb/media/yes/unknown/407017_720p.mp4.face-meta.json,/DATA/yes/unknown/407017_720p.mkv,/DATA/yes/unknown/407017_720p.mp4,True,True,safe exact path migration,
/mnt/spirit-8tb/media/yes/unknown/407017_720p.mp4.face-meta.json,/DATA/yes/unknown/407017_720p.mkv,/DATA/yes/unknown/407017_720p.mp4,True,True,safe exact path migration,
/mnt/spirit-8tb/media/yes/unknown/407017_720p.mp4.face-meta.json,407017_720p.mkv,407017_720p.mp4,True,True,safe basename migration,
/mnt/spirit-8tb/media/yes/unknown/JoinUs @RisqueMega 233.mp4.media-ingest.json,233.mkv,,False,False,blocked because MP4 replacement missing,mp4 missing
/mnt/spirit-8tb/media/yes/unknown/107016.mp4.media-ingest.json,/mnt/spirit-8tb/media/yes/unknown/107016.mkv,/mnt/spirit-8tb/media/yes/unknown/107016.mp4,True,True,safe exact path migration,
/mnt/spirit-8tb/media/yes/unknown/ScreenRecording_05-20-2026 23-18-19_1.mp4.face-meta.json,23-18-19_1.mkv.face-meta.json,,False,False,blocked because MP4 replacement missing,mp4 missing
/mnt/spirit-8tb/media/yes/unknown/ScreenRecording_05-20-2026 23-18-19_1.mp4.face-meta.json,23-18-19_1.mkv.face-meta.json,,False,False,blocked because MP4 replacement missing,mp4 missing
/mnt/spirit-8tb/media/yes/unknown/ScreenRecording_05-20-2026 23-18-19_1.mp4.face-meta.json,23-18-19_1.mkv,,False,False,blocked because MP4 replacement missing,mp4 missing
/mnt/spirit-8tb/media/yes/unknown/ScreenRecording_05-20-2026 23-18-19_1.mp4.face-meta.json,23-18-19_1.mkv,,False,False,blocked because MP4 replacement missing,mp4 missing
/mnt/spirit-8tb/media/yes/unknown/ScreenRecording_05-20-2026 23-18-19_1.mp4.face-meta.json,23-18-19_1.mkv,,False,False,blocked because MP4 replacement missing,mp4 missing
/mnt/spirit-8tb/media/yes/unknown/ScreenRecording_05-20-2026 23-18-19_1.mp4.face-meta.json,23-18-19_1.mkv,,False,False,blocked because MP4 replacement missing,mp4 missing
/mnt/spirit-8tb/media/yes/unknown/ScreenRecording_05-20-2026 23-18-19_1.mp4.face-meta.json,23-18-19_1.mkv,,False,False,blocked because MP4 replacement missing,mp4 missing
/mnt/spirit-8tb/media/yes/unknown/ScreenRecording_05-20-2026 23-18-19_1.mp4.face-meta.json,23-18-19_1.mkv,,False,False,blocked because MP4 replacement missing,mp4 missing
/mnt/spirit-8tb/media/yes/unknown/97970164000c08f0fef549c141e1af0d5c2b4510c51.mp4.face-meta.json,/DATA/yes/unknown/97970164000c08f0fef549c141e1af0d5c2b4510c51.mkv.face-meta.json,/DATA/yes/unknown/97970164000c08f0fef549c141e1af0d5c2b4510c51.mp4.face-meta.json,True,True,safe exact path migration,
/mnt/spirit-8tb/media/yes/unknown/97970164000c08f0fef549c141e1af0d5c2b4510c51.mp4.face-meta.json,/DATA/yes/unknown/97970164000c08f0fef549c141e1af0d5c2b4510c51.mkv.face-meta.json,/DATA/yes/unknown/97970164000c08f0fef549c141e1af0d5c2b4510c51.mp4.face-meta.json,True,True,safe exact path migration,
/mnt/spirit-8tb/media/yes/unknown/97970164000c08f0fef549c141e1af0d5c2b4510c51.mp4.face-meta.json,/DATA/yes/unknown/97970164000c08f0fef549c141e1af0d5c2b4510c51.mkv,/DATA/yes/unknown/97970164000c08f0fef549c141e1af0d5c2b4510c51.mp4,True,True,safe exact path migration,
/mnt/spirit-8tb/media/yes/unknown/97970164000c08f0fef549c141e1af0d5c2b4510c51.mp4.face-meta.json,/DATA/yes/unknown/97970164000c08f0fef549c141e1af0d5c2b4510c51.mkv,/DATA/yes/unknown/97970164000c08f0fef549c141e1af0d5c2b4510c51.mp4,True,True,safe exact path migration,
/mnt/spirit-8tb/media/yes/unknown/97970164000c08f0fef549c141e1af0d5c2b4510c51.mp4.face-meta.json,/DATA/yes/unknown/97970164000c08f0fef549c141e1af0d5c2b4510c51.mkv,/DATA/yes/unknown/97970164000c08f0fef549c141e1af0d5c2b4510c51.mp4,True,True,safe exact path migration,
/mnt/spirit-8tb/media/yes/unknown/97970164000c08f0fef549c141e1af0d5c2b4510c51.mp4.face-meta.json,/DATA/yes/unknown/97970164000c08f0fef549c141e1af0d5c2b4510c51.mkv,/DATA/yes/unknown/97970164000c08f0fef549c141e1af0d5c2b4510c51.mp4,True,True,safe exact path migration,
/mnt/spirit-8tb/media/yes/unknown/97970164000c08f0fef549c141e1af0d5c2b4510c51.mp4.face-meta.json,/DATA/yes/unknown/97970164000c08f0fef549c141e1af0d5c2b4510c51.mkv,/DATA/yes/unknown/97970164000c08f0fef549c141e1af0d5c2b4510c51.mp4,True,True,safe exact path migration,
/mnt/spirit-8tb/media/yes/unknown/97970164000c08f0fef549c141e1af0d5c2b4510c51.mp4.face-meta.json,/DATA/yes/unknown/97970164000c08f0fef549c141e1af0d5c2b4510c51.mkv,/DATA/yes/unknown/97970164000c08f0fef549c141e1af0d5c2b4510c51.mp4,True,True,safe exact path migration,
/mnt/spirit-8tb/media/yes/unknown/97970164000c08f0fef549c141e1af0d5c2b4510c51.mp4.face-meta.json,/DATA/yes/unknown/97970164000c08f0fef549c141e1af0d5c2b4510c51.mkv,/DATA/yes/unknown/97970164000c08f0fef549c141e1af0d5c2b4510c51.mp4,True,True,safe exact path migration,
/mnt/spirit-8tb/media/yes/unknown/97970164000c08f0fef549c141e1af0d5c2b4510c51.mp4.face-meta.json,/DATA/yes/unknown/97970164000c08f0fef549c141e1af0d5c2b4510c51.mkv,/DATA/yes/unknown/97970164000c08f0fef549c141e1af0d5c2b4510c51.mp4,True,True,safe exact path migration,
/mnt/spirit-8tb/media/yes/unknown/97970164000c08f0fef549c141e1af0d5c2b4510c51.mp4.face-meta.json,/DATA/yes/unknown/97970164000c08f0fef549c141e1af0d5c2b4510c51.mkv,/DATA/yes/unknown/97970164000c08f0fef549c141e1af0d5c2b4510c51.mp4,True,True,safe exact path migration,
/mnt/spirit-8tb/media/yes/unknown/97970164000c08f0fef549c141e1af0d5c2b4510c51.mp4.face-meta.json,/DATA/yes/unknown/97970164000c08f0fef549c141e1af0d5c2b4510c51.mkv,/DATA/yes/unknown/97970164000c08f0fef549c141e1af0d5c2b4510c51.mp4,True,True,safe exact path migration,
/mnt/spirit-8tb/media/yes/unknown/97970164000c08f0fef549c141e1af0d5c2b4510c51.mp4.face-meta.json,/DATA/yes/unknown/97970164000c08f0fef549c141e1af0d5c2b4510c51.mkv,/DATA/yes/unknown/97970164000c08f0fef549c141e1af0d5c2b4510c51.mp4,True,True,safe exact path migration,
/mnt/spirit-8tb/media/yes/unknown/97970164000c08f0fef549c141e1af0d5c2b4510c51.mp4.face-meta.json,97970164000c08f0fef549c141e1af0d5c2b4510c51.mkv,97970164000c08f0fef549c141e1af0d5c2b4510c51.mp4,True,True,safe basename migration,
/mnt/spirit-8tb/media/yes/unknown/407017_720p.mp4.media-ingest.json,/mnt/spirit-8tb/media/yes/unknown/407017_720p.mkv,/mnt/spirit-8tb/media/yes/unknown/407017_720p.mp4,True,True,safe exact path migration,
/mnt/spirit-8tb/media/yes/unknown/0nLf0hfdEcUrDyYt.mp4.media-ingest.json,/mnt/spirit-8tb/media/yes/unknown/0nLf0hfdEcUrDyYt.mkv,/mnt/spirit-8tb/media/yes/unknown/0nLf0hfdEcUrDyYt.mp4,True,True,safe exact path migration,
/mnt/spirit-8tb/media/yes/unknown/0nLf0hfdEcUrDyYt.mov.face-meta.json,/DATA/yes/unknown/0nLf0hfdEcUrDyYt.mkv,/DATA/yes/unknown/0nLf0hfdEcUrDyYt.mp4,True,True,safe exact path migration,
/mnt/spirit-8tb/media/yes/unknown/JoinUs @RisqueMega 184.mp4.face-meta.json,184.mkv.face-meta.json,,False,False,blocked because MP4 replacement missing,mp4 missing
/mnt/spirit-8tb/media/yes/unknown/JoinUs @RisqueMega 184.mp4.face-meta.json,184.mkv.face-meta.json,,False,False,blocked because MP4 replacement missing,mp4 missing
/mnt/spirit-8tb/media/yes/unknown/JoinUs @RisqueMega 184.mp4.face-meta.json,184.mkv,,False,False,blocked because MP4 replacement missing,mp4 missing
/mnt/spirit-8tb/media/yes/unknown/JoinUs @RisqueMega 184.mp4.face-meta.json,184.mkv,,False,False,blocked because MP4 replacement missing,mp4 missing
/mnt/spirit-8tb/media/yes/unknown/JoinUs @RisqueMega 184.mp4.face-meta.json,184.mkv,,False,False,blocked because MP4 replacement missing,mp4 missing
/mnt/spirit-8tb/media/yes/unknown/JoinUs @RisqueMega 184.mp4.face-meta.json,184.mkv,,False,False,blocked because MP4 replacement missing,mp4 missing
/mnt/spirit-8tb/media/yes/unknown/JoinUs @RisqueMega 184.mp4.face-meta.json,184.mkv,,False,False,blocked because MP4 replacement missing,mp4 missing
/mnt/spirit-8tb/media/yes/unknown/JoinUs @RisqueMega 184.mp4.face-meta.json,184.mkv,,False,False,blocked because MP4 replacement missing,mp4 missing
/mnt/spirit-8tb/media/yes/unknown/JoinUs @RisqueMega 184.mp4.face-meta.json,184.mkv,,False,False,blocked because MP4 replacement missing,mp4 missing
/mnt/spirit-8tb/media/yes/unknown/JoinUs @RisqueMega 184.mp4.face-meta.json,184.mkv,,False,False,blocked because MP4 replacement missing,mp4 missing
/mnt/spirit-8tb/media/yes/unknown/JoinUs @RisqueMega 184.mp4.face-meta.json,184.mkv,,False,False,blocked because MP4 replacement missing,mp4 missing
/mnt/spirit-8tb/media/yes/unknown/OF4LM.COM is our home__360.mp4.media-ingest.json,home__360.mkv,,False,False,blocked because MP4 replacement missing,mp4 missing
/mnt/spirit-8tb/media/yes/unknown/OF4LM.COM is our home__377.mp4.media-ingest.json,home__377.mkv,,False,False,blocked because MP4 replacement missing,mp4 missing
/mnt/spirit-8tb/media/yes/unknown/Visit onlyshare.io for MORE 130.mkv.media-ingest.json,130.mkv,,False,False,blocked because MP4 replacement missing,mp4 missing
/mnt/spirit-8tb/media/yes/unknown/3888823_hq.mp4.media-ingest.json,/mnt/spirit-8tb/media/yes/unknown/3888823_hq.mkv,/mnt/spirit-8tb/media/yes/unknown/3888823_hq.mp4,True,True,safe exact path migration,
/mnt/spirit-8tb/media/yes/unknown/JoinUs @RisqueMega 233.mp4.face-meta.json,233.mkv.face-meta.json,,False,False,blocked because MP4 replacement missing,mp4 missing
/mnt/spirit-8tb/media/yes/unknown/JoinUs @RisqueMega 233.mp4.face-meta.json,233.mkv.face-meta.json,,False,False,blocked because MP4 replacement missing,mp4 missing
/mnt/spirit-8tb/media/yes/unknown/JoinUs @RisqueMega 233.mp4.face-meta.json,233.mkv,,False,False,blocked because MP4 replacement missing,mp4 missing
/mnt/spirit-8tb/media/yes/unknown/JoinUs @RisqueMega 233.mp4.face-meta.json,233.mkv,,False,False,blocked because MP4 replacement missing,mp4 missing
/mnt/spirit-8tb/media/yes/unknown/JoinUs @RisqueMega 233.mp4.face-meta.json,233.mkv,,False,False,blocked because MP4 replacement missing,mp4 missing
/mnt/spirit-8tb/media/yes/unknown/JoinUs @RisqueMega 233.mp4.face-meta.json,233.mkv,,False,False,blocked because MP4 replacement missing,mp4 missing
/mnt/spirit-8tb/media/yes/unknown/JoinUs @RisqueMega 233.mp4.face-meta.json,233.mkv,,False,False,blocked because MP4 replacement missing,mp4 missing
/mnt/spirit-8tb/media/yes/unknown/JoinUs @RisqueMega 233.mp4.face-meta.json,233.mkv,,False,False,blocked because MP4 replacement missing,mp4 missing
/mnt/spirit-8tb/media/yes/unknown/OF4LM.COM is our home__406.mp4.face-meta.json,home__406.mkv.face-meta.json,,False,False,blocked because MP4 replacement missing,mp4 missing
/mnt/spirit-8tb/media/yes/unknown/OF4LM.COM is our home__406.mp4.face-meta.json,home__406.mkv,,False,False,blocked because MP4 replacement missing,mp4 missing
/mnt/spirit-8tb/media/yes/unknown/OF4LM.COM is our home__406.mp4.face-meta.json,home__406.mkv,,False,False,blocked because MP4 replacement missing,mp4 missing
/mnt/spirit-8tb/media/yes/unknown/OF4LM.COM is our home__406.mp4.face-meta.json,home__406.mkv,,False,False,blocked because MP4 replacement missing,mp4 missing
/mnt/spirit-8tb/media/yes/unknown/JoinUs @RisqueMega 64.mp4.face-meta.json,64.mkv.face-meta.json,,False,False,blocked because MP4 replacement missing,mp4 missing
/mnt/spirit-8tb/media/yes/unknown/JoinUs @RisqueMega 64.mp4.face-meta.json,64.mkv.face-meta.json,,False,False,blocked because MP4 replacement missing,mp4 missing
/mnt/spirit-8tb/media/yes/unknown/JoinUs @RisqueMega 64.mp4.face-meta.json,64.mkv,,False,False,blocked because MP4 replacement missing,mp4 missing
/mnt/spirit-8tb/media/yes/unknown/JoinUs @RisqueMega 64.mp4.face-meta.json,64.mkv,,False,False,blocked because MP4 replacement missing,mp4 missing
/mnt/spirit-8tb/media/yes/unknown/JoinUs @RisqueMega 64.mp4.face-meta.json,64.mkv,,False,False,blocked because MP4 replacement missing,mp4 missing
/mnt/spirit-8tb/media/yes/unknown/JoinUs @RisqueMega 64.mp4.face-meta.json,64.mkv,,False,False,blocked because MP4 replacement missing,mp4 missing
/mnt/spirit-8tb/media/yes/unknown/JoinUs @RisqueMega 64.mp4.face-meta.json,64.mkv,,False,False,blocked because MP4 replacement missing,mp4 missing
/mnt/spirit-8tb/media/yes/unknown/JoinUs @RisqueMega 64.mp4.face-meta.json,64.mkv,,False,False,blocked because MP4 replacement missing,mp4 missing
/mnt/spirit-8tb/media/yes/unknown/97970164000c08f0fef549c141e1af0d5c2b4510c51.mp4.media-ingest.json,/mnt/spirit-8tb/media/yes/unknown/97970164000c08f0fef549c141e1af0d5c2b4510c51.mkv,/mnt/spirit-8tb/media/yes/unknown/97970164000c08f0fef549c141e1af0d5c2b4510c51.mp4,True,True,safe exact path migration,
/mnt/spirit-8tb/media/yes/unknown/OF4LM.COM is our home__377.mp4.face-meta.json,home__377.mkv.face-meta.json,,False,False,blocked because MP4 replacement missing,mp4 missing
/mnt/spirit-8tb/media/yes/unknown/OF4LM.COM is our home__377.mp4.face-meta.json,home__377.mkv,,False,False,blocked because MP4 replacement missing,mp4 missing
/mnt/spirit-8tb/media/yes/unknown/OF4LM.COM is our home__377.mp4.face-meta.json,home__377.mkv,,False,False,blocked because MP4 replacement missing,mp4 missing
/mnt/spirit-8tb/media/yes/unknown/OF4LM.COM is our home__377.mp4.face-meta.json,home__377.mkv,,False,False,blocked because MP4 replacement missing,mp4 missing
/mnt/spirit-8tb/media/yes/unknown/107016.mp4.face-meta.json,/DATA/yes/unknown/107016.mkv,/DATA/yes/unknown/107016.mp4,True,True,safe exact path migration,
/mnt/spirit-8tb/media/yes/unknown/OF4LM.COM is our home__315.mp4.media-ingest.json,home__315.mkv,,False,False,blocked because MP4 replacement missing,mp4 missing
/mnt/spirit-8tb/media/yes/unknown/OF4LM.COM is our home__360.mp4.face-meta.json,home__360.mkv.face-meta.json,,False,False,blocked because MP4 replacement missing,mp4 missing
/mnt/spirit-8tb/media/yes/unknown/OF4LM.COM is our home__360.mp4.face-meta.json,home__360.mkv,,False,False,blocked because MP4 replacement missing,mp4 missing
/mnt/spirit-8tb/media/yes/unknown/OF4LM.COM is our home__360.mp4.face-meta.json,home__360.mkv,,False,False,blocked because MP4 replacement missing,mp4 missing
/mnt/spirit-8tb/media/yes/unknown/OF4LM.COM is our home__360.mp4.face-meta.json,home__360.mkv,,False,False,blocked because MP4 replacement missing,mp4 missing
/mnt/spirit-8tb/media/yes/unknown/JoinUs @RisqueMega 184.mp4.media-ingest.json,184.mkv,,False,False,blocked because MP4 replacement missing,mp4 missing
/mnt/spirit-8tb/media/yes/unknown/OF4LM.COM is our home__315.mp4.face-meta.json,home__315.mkv.face-meta.json,,False,False,blocked because MP4 replacement missing,mp4 missing
/mnt/spirit-8tb/media/yes/unknown/OF4LM.COM is our home__315.mp4.face-meta.json,home__315.mkv,,False,False,blocked because MP4 replacement missing,mp4 missing
/mnt/spirit-8tb/media/yes/unknown/OF4LM.COM is our home__315.mp4.face-meta.json,home__315.mkv,,False,False,blocked because MP4 replacement missing,mp4 missing
/mnt/spirit-8tb/media/yes/unknown/OF4LM.COM is our home__315.mp4.face-meta.json,home__315.mkv,,False,False,blocked because MP4 replacement missing,mp4 missing
/mnt/spirit-8tb/media/yes/unknown/3888823_hq.mp4.face-meta.json,/DATA/yes/unknown/3888823_hq.mkv.face-meta.json,/DATA/yes/unknown/3888823_hq.mp4.face-meta.json,True,True,safe exact path migration,
/mnt/spirit-8tb/media/yes/unknown/3888823_hq.mp4.face-meta.json,/DATA/yes/unknown/3888823_hq.mkv.face-meta.json,/DATA/yes/unknown/3888823_hq.mp4.face-meta.json,True,True,safe exact path migration,
/mnt/spirit-8tb/media/yes/unknown/3888823_hq.mp4.face-meta.json,/DATA/yes/unknown/3888823_hq.mkv,/DATA/yes/unknown/3888823_hq.mp4,True,True,safe exact path migration,
/mnt/spirit-8tb/media/yes/unknown/3888823_hq.mp4.face-meta.json,/DATA/yes/unknown/3888823_hq.mkv,/DATA/yes/unknown/3888823_hq.mp4,True,True,safe exact path migration,
/mnt/spirit-8tb/media/yes/unknown/3888823_hq.mp4.face-meta.json,/DATA/yes/unknown/3888823_hq.mkv,/DATA/yes/unknown/3888823_hq.mp4,True,True,safe exact path migration,
/mnt/spirit-8tb/media/yes/unknown/3888823_hq.mp4.face-meta.json,/DATA/yes/unknown/3888823_hq.mkv,/DATA/yes/unknown/3888823_hq.mp4,True,True,safe exact path migration,
/mnt/spirit-8tb/media/yes/unknown/3888823_hq.mp4.face-meta.json,/DATA/yes/unknown/3888823_hq.mkv,/DATA/yes/unknown/3888823_hq.mp4,True,True,safe exact path migration,
/mnt/spirit-8tb/media/yes/unknown/3888823_hq.mp4.face-meta.json,/DATA/yes/unknown/3888823_hq.mkv,/DATA/yes/unknown/3888823_hq.mp4,True,True,safe exact path migration,
/mnt/spirit-8tb/media/yes/unknown/3888823_hq.mp4.face-meta.json,/DATA/yes/unknown/3888823_hq.mkv,/DATA/yes/unknown/3888823_hq.mp4,True,True,safe exact path migration,
/mnt/spirit-8tb/media/yes/unknown/3888823_hq.mp4.face-meta.json,/DATA/yes/unknown/3888823_hq.mkv,/DATA/yes/unknown/3888823_hq.mp4,True,True,safe exact path migration,
/mnt/spirit-8tb/media/yes/unknown/3888823_hq.mp4.face-meta.json,/DATA/yes/unknown/3888823_hq.mkv,/DATA/yes/unknown/3888823_hq.mp4,True,True,safe exact path migration,
/mnt/spirit-8tb/media/yes/unknown/3888823_hq.mp4.face-meta.json,/DATA/yes/unknown/3888823_hq.mkv,/DATA/yes/unknown/3888823_hq.mp4,True,True,safe exact path migration,
/mnt/spirit-8tb/media/yes/unknown/3888823_hq.mp4.face-meta.json,/DATA/yes/unknown/3888823_hq.mkv,/DATA/yes/unknown/3888823_hq.mp4,True,True,safe exact path migration,
/mnt/spirit-8tb/media/yes/unknown/3888823_hq.mp4.face-meta.json,3888823_hq.mkv,3888823_hq.mp4,True,True,safe basename migration,
/mnt/spirit-8tb/media/yes/unknown/JoinUs @RisqueMega 64.mp4.media-ingest.json,64.mkv,,False,False,blocked because MP4 replacement missing,mp4 missing
/mnt/spirit-8tb/media/yes/unknown/ScreenRecording_05-20-2026 23-18-19_1.mp4.media-ingest.json,23-18-19_1.mkv,,False,False,blocked because MP4 replacement missing,mp4 missing
/mnt/spirit-8tb/media/yes/unknown/OF4LM.COM is our home__406.mp4.media-ingest.json,home__406.mkv,,False,False,blocked because MP4 replacement missing,mp4 missing
/mnt/spirit-8tb/media/yes/unknown/OF4LM.COM is our home__400.mp4.face-meta.json,home__400.mkv.face-meta.json,,False,False,blocked because MP4 replacement missing,mp4 missing
/mnt/spirit-8tb/media/yes/unknown/OF4LM.COM is our home__400.mp4.face-meta.json,home__400.mkv,,False,False,blocked because MP4 replacement missing,mp4 missing
/mnt/spirit-8tb/media/yes/unknown/OF4LM.COM is our home__400.mp4.face-meta.json,home__400.mkv,,False,False,blocked because MP4 replacement missing,mp4 missing
/mnt/spirit-8tb/media/yes/unknown/OF4LM.COM is our home__400.mp4.face-meta.json,home__400.mkv,,False,False,blocked because MP4 replacement missing,mp4 missing
/mnt/spirit-8tb/media/yes/mi-mpyvel2x-929d9042/spiritos-convert-test-375m.mp4.media-ingest.json,/mnt/spirit-8tb/media/yes/mi-mpyvel2x-929d9042/spiritos-convert-test-375m.mkv,/mnt/spirit-8tb/media/yes/mi-mpyvel2x-929d9042/spiritos-convert-test-375m.mp4,True,True,safe exact path migration,
/mnt/spirit-8tb/media/yes/mi-mpyvel2x-929d9042/spiritos-convert-test-375m.mp4.face-meta.json,/DATA/yes/mi-mpyvel2x-929d9042/spiritos-convert-test-375m.mkv,/DATA/yes/mi-mpyvel2x-929d9042/spiritos-convert-test-375m.mp4,True,True,safe exact path migration,
/mnt/spirit-8tb/media/yes/models/katievaynes/0c194b909a8200e58550eaff39154d1faaa821f417d6a10ca949c247c50fed94.mp4.media-ingest.json,/mnt/spirit-8tb/media/yes/models/katievaynes/0c194b909a8200e58550eaff39154d1faaa821f417d6a10ca949c247c50fed94.mkv,/mnt/spirit-8tb/media/yes/models/katievaynes/0c194b909a8200e58550eaff39154d1faaa821f417d6a10ca949c247c50fed94.mp4,True,True,safe exact path migration,
/mnt/spirit-8tb/media/yes/models/bearuby/400317_720p.mp4.media-ingest.json,/mnt/spirit-8tb/media/yes/models/bearuby/400317_720p.mkv,/mnt/spirit-8tb/media/yes/models/bearuby/400317_720p.mp4,True,True,safe exact path migration,
/mnt/spirit-8tb/media/yes/models/bearuby/398761_720p.mp4.media-ingest.json,/mnt/spirit-8tb/media/yes/models/bearuby/398761_720p.mkv,/mnt/spirit-8tb/media/yes/models/bearuby/398761_720p.mp4,True,True,safe exact path migration,
/mnt/spirit-8tb/media/yes/models/bearuby/442610_720p.mp4.media-ingest.json,/mnt/spirit-8tb/media/yes/models/bearuby/442610_720p.mkv,/mnt/spirit-8tb/media/yes/models/bearuby/442610_720p.mp4,True,True,safe exact path migration,
/mnt/spirit-8tb/media/yes/models/leighbunbun/Visit onlyshare.io FOR MORE (8).mp4.media-ingest.json,(8).mkv,,False,False,blocked because MP4 replacement missing,mp4 missing
/mnt/spirit-8tb/media/yes/models/sakhovanski/79568.mp4.media-ingest.json,/mnt/spirit-8tb/media/yes/models/sakhovanski/79568.mkv,/mnt/spirit-8tb/media/yes/models/sakhovanski/79568.mp4,True,True,safe exact path migration,
/mnt/spirit-8tb/media/yes/models/azilia-hadid/@boomboomhub TG (39).mp4.media-ingest.json,(39).mkv,,False,False,blocked because MP4 replacement missing,mp4 missing
/mnt/spirit-8tb/media/yes/models/azilia-hadid/@boomboomhub TG (50).mp4.media-ingest.json,(50).mkv,,False,False,blocked because MP4 replacement missing,mp4 missing
/mnt/spirit-8tb/media/yes/models/azilia-hadid/@boomboomhub TG (43).mp4.media-ingest.json,(43).mkv,,False,False,blocked because MP4 replacement missing,mp4 missing
/mnt/spirit-8tb/media/yes/models/lustcnotal/455505_720p.mp4.media-ingest.json,/mnt/spirit-8tb/media/yes/models/lustcnotal/455505_720p.mkv,/mnt/spirit-8tb/media/yes/models/lustcnotal/455505_720p.mp4,True,True,safe exact path migration,
/mnt/spirit-8tb/media/yes/models/ruth-lee/362027_720p.mp4.media-ingest.json,/mnt/spirit-8tb/media/yes/models/ruth-lee/362027_720p.mkv,/mnt/spirit-8tb/media/yes/models/ruth-lee/362027_720p.mp4,True,True,safe exact path migration,
/mnt/spirit-8tb/media/yes/models/ruth-lee/ruth-lee-after-gym-blowjob-titty-fuck-cumshot-video-leaked-480p.mp4.face-meta.json,/DATA/yes/models/ruth-lee/ruth-lee-after-gym-blowjob-titty-fuck-cumshot-video-leaked-480p.mkv.face-meta.json,/DATA/yes/models/ruth-lee/ruth-lee-after-gym-blowjob-titty-fuck-cumshot-video-leaked-480p.mp4.face-meta.json,True,True,safe exact path migration,
/mnt/spirit-8tb/media/yes/models/ruth-lee/ruth-lee-after-gym-blowjob-titty-fuck-cumshot-video-leaked-480p.mp4.face-meta.json,/DATA/yes/models/ruth-lee/ruth-lee-after-gym-blowjob-titty-fuck-cumshot-video-leaked-480p.mkv,/DATA/yes/models/ruth-lee/ruth-lee-after-gym-blowjob-titty-fuck-cumshot-video-leaked-480p.mp4,True,True,safe exact path migration,
/mnt/spirit-8tb/media/yes/models/ruth-lee/ruth-lee-after-gym-blowjob-titty-fuck-cumshot-video-leaked-480p.mp4.face-meta.json,/DATA/yes/models/ruth-lee/ruth-lee-after-gym-blowjob-titty-fuck-cumshot-video-leaked-480p.mkv,/DATA/yes/models/ruth-lee/ruth-lee-after-gym-blowjob-titty-fuck-cumshot-video-leaked-480p.mp4,True,True,safe exact path migration,
/mnt/spirit-8tb/media/yes/models/ruth-lee/ruth-lee-after-gym-blowjob-titty-fuck-cumshot-video-leaked-480p.mp4.face-meta.json,/DATA/yes/models/ruth-lee/ruth-lee-after-gym-blowjob-titty-fuck-cumshot-video-leaked-480p.mkv,/DATA/yes/models/ruth-lee/ruth-lee-after-gym-blowjob-titty-fuck-cumshot-video-leaked-480p.mp4,True,True,safe exact path migration,
/mnt/spirit-8tb/media/yes/models/ruth-lee/ruth-lee-after-gym-blowjob-titty-fuck-cumshot-video-leaked-480p.mp4.face-meta.json,/DATA/yes/ruth-lee-after-gym-blowjob-titty-fuck-cumshot-video-leaked-480p.mkv.face-meta.json,,False,False,blocked because MP4 replacement missing,mp4 missing
/mnt/spirit-8tb/media/yes/models/ruth-lee/ruth-lee-after-gym-blowjob-titty-fuck-cumshot-video-leaked-480p.mp4.face-meta.json,/DATA/yes/ruth-lee-after-gym-blowjob-titty-fuck-cumshot-video-leaked-480p.mkv.face-meta.json,,False,False,blocked because MP4 replacement missing,mp4 missing
/mnt/spirit-8tb/media/yes/models/ruth-lee/ruth-lee-after-gym-blowjob-titty-fuck-cumshot-video-leaked-480p.mp4.face-meta.json,/DATA/yes/ruth-lee-after-gym-blowjob-titty-fuck-cumshot-video-leaked-480p.mkv.face-meta.json,,False,False,blocked because MP4 replacement missing,mp4 missing
/mnt/spirit-8tb/media/yes/models/ruth-lee/ruth-lee-after-gym-blowjob-titty-fuck-cumshot-video-leaked-480p.mp4.face-meta.json,/DATA/yes/ruth-lee-after-gym-blowjob-titty-fuck-cumshot-video-leaked-480p.mkv,,False,False,blocked because MP4 replacement missing,mp4 missing
/mnt/spirit-8tb/media/yes/models/ruth-lee/ruth-lee-after-gym-blowjob-titty-fuck-cumshot-video-leaked-480p.mp4.face-meta.json,/DATA/yes/ruth-lee-after-gym-blowjob-titty-fuck-cumshot-video-leaked-480p.mkv,,False,False,blocked because MP4 replacement missing,mp4 missing
/mnt/spirit-8tb/media/yes/models/ruth-lee/ruth-lee-after-gym-blowjob-titty-fuck-cumshot-video-leaked-480p.mp4.face-meta.json,/DATA/yes/ruth-lee-after-gym-blowjob-titty-fuck-cumshot-video-leaked-480p.mkv,,False,False,blocked because MP4 replacement missing,mp4 missing
/mnt/spirit-8tb/media/yes/models/ruth-lee/ruth-lee-after-gym-blowjob-titty-fuck-cumshot-video-leaked-480p.mp4.face-meta.json,/DATA/yes/ruth-lee-after-gym-blowjob-titty-fuck-cumshot-video-leaked-480p.mkv,,False,False,blocked because MP4 replacement missing,mp4 missing
/mnt/spirit-8tb/media/yes/models/ruth-lee/ruth-lee-after-gym-blowjob-titty-fuck-cumshot-video-leaked-480p.mp4.face-meta.json,ruth-lee-after-gym-blowjob-titty-fuck-cumshot-video-leaked-480p.mkv,ruth-lee-after-gym-blowjob-titty-fuck-cumshot-video-leaked-480p.mp4,True,True,safe basename migration,
/mnt/spirit-8tb/media/yes/models/ruth-lee/ruth-lee-after-gym-blowjob-titty-fuck-cumshot-video-leaked-480p.mp4.media-ingest-skip.json,/mnt/spirit-8tb/media/yes/models/ruth-lee/ruth-lee-after-gym-blowjob-titty-fuck-cumshot-video-leaked-480p.mkv,/mnt/spirit-8tb/media/yes/models/ruth-lee/ruth-lee-after-gym-blowjob-titty-fuck-cumshot-video-leaked-480p.mp4,True,True,safe exact path migration,
/mnt/spirit-8tb/media/yes/models/haylee-love/71357paid.mp4.media-ingest.json,/mnt/spirit-8tb/media/yes/models/haylee-love/71357paid.mkv,/mnt/spirit-8tb/media/yes/models/haylee-love/71357paid.mp4,True,True,safe exact path migration,
/mnt/spirit-8tb/media/yes/models/haylee-love/HxtQnxktezuQzwketwMx.mp4.media-ingest.json,/mnt/spirit-8tb/media/yes/models/haylee-love/HxtQnxktezuQzwketwMx.mkv,/mnt/spirit-8tb/media/yes/models/haylee-love/HxtQnxktezuQzwketwMx.mp4,True,True,safe exact path migration,
/mnt/spirit-8tb/media/yes/models/sienna-ababi/@DailyLeaksMain_5a6152622c58eb1a882b28ad94a5b92dbafc2eaa155bb35c1ce00b835156eba3.mp4.media-ingest.json,/mnt/spirit-8tb/media/yes/models/sienna-ababi/@DailyLeaksMain_5a6152622c58eb1a882b28ad94a5b92dbafc2eaa155bb35c1ce00b835156eba3.mkv,/mnt/spirit-8tb/media/yes/models/sienna-ababi/@DailyLeaksMain_5a6152622c58eb1a882b28ad94a5b92dbafc2eaa155bb35c1ce00b835156eba3.mp4,True,True,safe exact path migration,
/mnt/spirit-8tb/media/yes/models/sienna-ababi/Visit onlyshare.io for MORE (7).mp4.media-ingest.json,(7).mkv,,False,False,blocked because MP4 replacement missing,mp4 missing
/mnt/spirit-8tb/media/yes/models/sienna-ababi/Visit onlyshare.io for MORE (28).mp4.media-ingest.json,(28).mkv,,False,False,blocked because MP4 replacement missing,mp4 missing
/mnt/spirit-8tb/media/yes/models/sienna-ababi/Visit onlyshare.io for MORE (5).mp4.media-ingest.json,(5).mkv,,False,False,blocked because MP4 replacement missing,mp4 missing
/mnt/spirit-8tb/media/yes/models/sienna-ababi/Visit onlyshare.io for MORE (1).mp4.media-ingest.json,(1).mkv,,False,False,blocked because MP4 replacement missing,mp4 missing
/mnt/spirit-8tb/media/yes/models/mulai/99022_720p.mp4.media-ingest.json,/mnt/spirit-8tb/media/yes/models/mulai/99022_720p.mkv,/mnt/spirit-8tb/media/yes/models/mulai/99022_720p.mp4,True,True,safe exact path migration,
/mnt/spirit-8tb/media/yes/models/katianakayfree/278848_720p.mp4.media-ingest.json,/mnt/spirit-8tb/media/yes/models/katianakayfree/278848_720p.mkv,/mnt/spirit-8tb/media/yes/models/katianakayfree/278848_720p.mp4,True,True,safe exact path migration,
/mnt/spirit-8tb/media/yes/models/cutefru/Visit onlyshare.io for MORE 04419.mp4.media-ingest.json,04419.mkv,,False,False,blocked because MP4 replacement missing,mp4 missing
/mnt/spirit-8tb/media/yes/models/izzy-green/Izzy Green Finger And Dildo Fuck Pussy Squirt Everywhere For Her.mp4.face-meta.json,Her.mkv.face-meta.json,,False,False,blocked because MP4 replacement missing,mp4 missing
/mnt/spirit-8tb/media/yes/models/izzy-green/Izzy Green Finger And Dildo Fuck Pussy Squirt Everywhere For Her.mp4.face-meta.json,Her.mkv.face-meta.json,,False,False,blocked because MP4 replacement missing,mp4 missing
/mnt/spirit-8tb/media/yes/models/izzy-green/Izzy Green Finger And Dildo Fuck Pussy Squirt Everywhere For Her.mp4.face-meta.json,Her.mkv.face-meta.json,,False,False,blocked because MP4 replacement missing,mp4 missing
/mnt/spirit-8tb/media/yes/models/izzy-green/Izzy Green Finger And Dildo Fuck Pussy Squirt Everywhere For Her.mp4.face-meta.json,Her.mkv.face-meta.json,,False,False,blocked because MP4 replacement missing,mp4 missing
/mnt/spirit-8tb/media/yes/models/izzy-green/Izzy Green Finger And Dildo Fuck Pussy Squirt Everywhere For Her.mp4.face-meta.json,Her.mkv,,False,False,blocked because MP4 replacement missing,mp4 missing
/mnt/spirit-8tb/media/yes/models/izzy-green/Izzy Green Finger And Dildo Fuck Pussy Squirt Everywhere For Her.mp4.face-meta.json,Her.mkv,,False,False,blocked because MP4 replacement missing,mp4 missing
/mnt/spirit-8tb/media/yes/models/izzy-green/Izzy Green Finger And Dildo Fuck Pussy Squirt Everywhere For Her.mp4.face-meta.json,Her.mkv,,False,False,blocked because MP4 replacement missing,mp4 missing
/mnt/spirit-8tb/media/yes/models/izzy-green/Izzy Green Finger And Dildo Fuck Pussy Squirt Everywhere For Her.mp4.face-meta.json,Her.mkv,,False,False,blocked because MP4 replacement missing,mp4 missing
/mnt/spirit-8tb/media/yes/models/izzy-green/Izzy Green Finger And Dildo Fuck Pussy Squirt Everywhere For Her.mp4.face-meta.json,Her.mkv,,False,False,blocked because MP4 replacement missing,mp4 missing
/mnt/spirit-8tb/media/yes/models/izzy-green/Izzy Green Finger And Dildo Fuck Pussy Squirt Everywhere For Her.mp4.face-meta.json,Her.mkv,,False,False,blocked because MP4 replacement missing,mp4 missing
/mnt/spirit-8tb/media/yes/models/izzy-green/Izzy Green Finger And Dildo Fuck Pussy Squirt Everywhere For Her.mp4.face-meta.json,Her.mkv,,False,False,blocked because MP4 replacement missing,mp4 missing
/mnt/spirit-8tb/media/yes/models/izzy-green/Izzy Green Finger And Dildo Fuck Pussy Squirt Everywhere For Her.mp4.face-meta.json,Her.mkv,,False,False,blocked because MP4 replacement missing,mp4 missing
/mnt/spirit-8tb/media/yes/models/izzy-green/Join ✨@ofxmega on [TELEGRAM] (283).mp4.media-ingest.json,(283).mkv,,False,False,blocked because MP4 replacement missing,mp4 missing
/mnt/spirit-8tb/media/yes/models/izzy-green/Izzy Green Squirt Compilation Leaked Sextape.mp4.face-meta.json,Sextape.mkv.face-meta.json,,False,False,blocked because MP4 replacement missing,mp4 missing
/mnt/spirit-8tb/media/yes/models/izzy-green/Izzy Green Squirt Compilation Leaked Sextape.mp4.face-meta.json,Sextape.mkv.face-meta.json,,False,False,blocked because MP4 replacement missing,mp4 missing
/mnt/spirit-8tb/media/yes/models/izzy-green/Izzy Green Squirt Compilation Leaked Sextape.mp4.face-meta.json,Sextape.mkv.face-meta.json,,False,False,blocked because MP4 replacement missing,mp4 missing
/mnt/spirit-8tb/media/yes/models/izzy-green/Izzy Green Squirt Compilation Leaked Sextape.mp4.face-meta.json,Sextape.mkv.face-meta.json,,False,False,blocked because MP4 replacement missing,mp4 missing
/mnt/spirit-8tb/media/yes/models/izzy-green/Izzy Green Squirt Compilation Leaked Sextape.mp4.face-meta.json,Sextape.mkv,,False,False,blocked because MP4 replacement missing,mp4 missing
/mnt/spirit-8tb/media/yes/models/izzy-green/Izzy Green Squirt Compilation Leaked Sextape.mp4.face-meta.json,Sextape.mkv,,False,False,blocked because MP4 replacement missing,mp4 missing
/mnt/spirit-8tb/media/yes/models/izzy-green/Izzy Green Squirt Compilation Leaked Sextape.mp4.face-meta.json,Sextape.mkv,,False,False,blocked because MP4 replacement missing,mp4 missing
/mnt/spirit-8tb/media/yes/models/izzy-green/Izzy Green Squirt Compilation Leaked Sextape.mp4.face-meta.json,Sextape.mkv,,False,False,blocked because MP4 replacement missing,mp4 missing
/mnt/spirit-8tb/media/yes/models/izzy-green/Izzy Green Squirt Compilation Leaked Sextape.mp4.face-meta.json,Sextape.mkv,,False,False,blocked because MP4 replacement missing,mp4 missing
/mnt/spirit-8tb/media/yes/models/izzy-green/Izzy Green Squirt Compilation Leaked Sextape.mp4.face-meta.json,Sextape.mkv,,False,False,blocked because MP4 replacement missing,mp4 missing
/mnt/spirit-8tb/media/yes/models/izzy-green/Izzy Green Squirt Compilation Leaked Sextape.mp4.face-meta.json,Sextape.mkv,,False,False,blocked because MP4 replacement missing,mp4 missing
/mnt/spirit-8tb/media/yes/models/izzy-green/Izzy Green Squirt Compilation Leaked Sextape.mp4.face-meta.json,Sextape.mkv,,False,False,blocked because MP4 replacement missing,mp4 missing
/mnt/spirit-8tb/media/yes/models/izzy-green/Izzy Green Finger And Dildo Fuck Pussy Squirt Everywhere For Her.mp4.media-ingest.json,Her.mkv,,False,False,blocked because MP4 replacement missing,mp4 missing
/mnt/spirit-8tb/media/yes/models/izzy-green/Izzy Green Finger And Dildo Fuck Pussy Squirt Everywhere For Her.mp4.media-ingest.json,Her.mkv,,False,False,blocked because MP4 replacement missing,mp4 missing
/mnt/spirit-8tb/media/yes/models/izzy-green/Join ✨@ofxmega on [TELEGRAM] (218).mp4.media-ingest.json,(218).mkv,,False,False,blocked because MP4 replacement missing,mp4 missing
/mnt/spirit-8tb/media/yes/models/izzy-green/Izzy Green Suck Till Mouth Got Filled With Cum Then Bounce On Th.mp4.media-ingest.json,Th.mkv,,False,False,blocked because MP4 replacement missing,mp4 missing
/mnt/spirit-8tb/media/yes/models/izzy-green/Izzy Green Suck Till Mouth Got Filled With Cum Then Bounce On Th.mp4.media-ingest.json,Th.mkv,,False,False,blocked because MP4 replacement missing,mp4 missing
/mnt/spirit-8tb/media/yes/models/izzy-green/Izzy Green Squirt Compilation Leaked Sextape.mp4.media-ingest.json,Sextape.mkv,,False,False,blocked because MP4 replacement missing,mp4 missing
/mnt/spirit-8tb/media/yes/models/izzy-green/Izzy Green Squirt Compilation Leaked Sextape.mp4.media-ingest.json,Sextape.mkv,,False,False,blocked because MP4 replacement missing,mp4 missing
/mnt/spirit-8tb/media/yes/models/izzy-green/Izzy Green Suck Till Mouth Got Filled With Cum Then Bounce On Th.mp4.face-meta.json,Th.mkv.face-meta.json,,False,False,blocked because MP4 replacement missing,mp4 missing
/mnt/spirit-8tb/media/yes/models/izzy-green/Izzy Green Suck Till Mouth Got Filled With Cum Then Bounce On Th.mp4.face-meta.json,Th.mkv.face-meta.json,,False,False,blocked because MP4 replacement missing,mp4 missing
/mnt/spirit-8tb/media/yes/models/izzy-green/Izzy Green Suck Till Mouth Got Filled With Cum Then Bounce On Th.mp4.face-meta.json,Th.mkv.face-meta.json,,False,False,blocked because MP4 replacement missing,mp4 missing
/mnt/spirit-8tb/media/yes/models/izzy-green/Izzy Green Suck Till Mouth Got Filled With Cum Then Bounce On Th.mp4.face-meta.json,Th.mkv.face-meta.json,,False,False,blocked because MP4 replacement missing,mp4 missing
/mnt/spirit-8tb/media/yes/models/izzy-green/Izzy Green Suck Till Mouth Got Filled With Cum Then Bounce On Th.mp4.face-meta.json,Th.mkv,,False,False,blocked because MP4 replacement missing,mp4 missing
/mnt/spirit-8tb/media/yes/models/izzy-green/Izzy Green Suck Till Mouth Got Filled With Cum Then Bounce On Th.mp4.face-meta.json,Th.mkv,,False,False,blocked because MP4 replacement missing,mp4 missing
/mnt/spirit-8tb/media/yes/models/izzy-green/Izzy Green Suck Till Mouth Got Filled With Cum Then Bounce On Th.mp4.face-meta.json,Th.mkv,,False,False,blocked because MP4 replacement missing,mp4 missing
/mnt/spirit-8tb/media/yes/models/izzy-green/Izzy Green Suck Till Mouth Got Filled With Cum Then Bounce On Th.mp4.face-meta.json,Th.mkv,,False,False,blocked because MP4 replacement missing,mp4 missing
/mnt/spirit-8tb/media/yes/models/izzy-green/Izzy Green Suck Till Mouth Got Filled With Cum Then Bounce On Th.mp4.face-meta.json,Th.mkv,,False,False,blocked because MP4 replacement missing,mp4 missing
/mnt/spirit-8tb/media/yes/models/izzy-green/Izzy Green Suck Till Mouth Got Filled With Cum Then Bounce On Th.mp4.face-meta.json,Th.mkv,,False,False,blocked because MP4 replacement missing,mp4 missing
/mnt/spirit-8tb/media/yes/models/izzy-green/Izzy Green Suck Till Mouth Got Filled With Cum Then Bounce On Th.mp4.face-meta.json,Th.mkv,,False,False,blocked because MP4 replacement missing,mp4 missing
/mnt/spirit-8tb/media/yes/models/izzy-green/Izzy Green Suck Till Mouth Got Filled With Cum Then Bounce On Th.mp4.face-meta.json,Th.mkv,,False,False,blocked because MP4 replacement missing,mp4 missing
/mnt/spirit-8tb/media/yes/models/izzy-green/ScreenRecording_05-20-2026 23-16-39_1.mp4.media-ingest.json,23-16-39_1.mkv,,False,False,blocked because MP4 replacement missing,mp4 missing
/mnt/spirit-8tb/media/yes/models/aaliyah-yasan/Visit onlyshare.io for MORE 62.mp4.face-meta.json,62.mkv.face-meta.json,,False,False,blocked because MP4 replacement missing,mp4 missing
/mnt/spirit-8tb/media/yes/models/aaliyah-yasan/Visit onlyshare.io for MORE 62.mp4.face-meta.json,62.mkv.face-meta.json,,False,False,blocked because MP4 replacement missing,mp4 missing
/mnt/spirit-8tb/media/yes/models/aaliyah-yasan/Visit onlyshare.io for MORE 62.mp4.face-meta.json,62.mkv.face-meta.json,,False,False,blocked because MP4 replacement missing,mp4 missing
/mnt/spirit-8tb/media/yes/models/aaliyah-yasan/Visit onlyshare.io for MORE 62.mp4.face-meta.json,62.mkv.face-meta.json,,False,False,blocked because MP4 replacement missing,mp4 missing
/mnt/spirit-8tb/media/yes/models/aaliyah-yasan/Visit onlyshare.io for MORE 62.mp4.face-meta.json,62.mkv,,False,False,blocked because MP4 replacement missing,mp4 missing
/mnt/spirit-8tb/media/yes/models/aaliyah-yasan/Visit onlyshare.io for MORE 62.mp4.face-meta.json,62.mkv,,False,False,blocked because MP4 replacement missing,mp4 missing
/mnt/spirit-8tb/media/yes/models/aaliyah-yasan/Visit onlyshare.io for MORE 62.mp4.face-meta.json,62.mkv,,False,False,blocked because MP4 replacement missing,mp4 missing
/mnt/spirit-8tb/media/yes/models/aaliyah-yasan/Visit onlyshare.io for MORE 62.mp4.face-meta.json,62.mkv,,False,False,blocked because MP4 replacement missing,mp4 missing
/mnt/spirit-8tb/media/yes/models/aaliyah-yasan/Visit onlyshare.io for MORE 62.mp4.face-meta.json,62.mkv,,False,False,blocked because MP4 replacement missing,mp4 missing
/mnt/spirit-8tb/media/yes/models/aaliyah-yasan/Visit onlyshare.io for MORE 62.mp4.face-meta.json,62.mkv,,False,False,blocked because MP4 replacement missing,mp4 missing
/mnt/spirit-8tb/media/yes/models/aaliyah-yasan/Visit onlyshare.io for MORE 62.mp4.face-meta.json,62.mkv,,False,False,blocked because MP4 replacement missing,mp4 missing
/mnt/spirit-8tb/media/yes/models/aaliyah-yasan/Visit onlyshare.io for MORE 62.mp4.face-meta.json,62.mkv,,False,False,blocked because MP4 replacement missing,mp4 missing
/mnt/spirit-8tb/media/yes/models/aaliyah-yasan/540598_720p.mp4.media-ingest.json,/mnt/spirit-8tb/media/yes/models/aaliyah-yasan/540598_720p.mkv,/mnt/spirit-8tb/media/yes/models/aaliyah-yasan/540598_720p.mp4,True,True,safe exact path migration,
/mnt/spirit-8tb/media/yes/models/aaliyah-yasan/HkkzMtwQexuQzwkQMekM.mp4.media-ingest.json,/mnt/spirit-8tb/media/yes/models/aaliyah-yasan/HkkzMtwQexuQzwkQMekM.mkv,/mnt/spirit-8tb/media/yes/models/aaliyah-yasan/HkkzMtwQexuQzwkQMekM.mp4,True,True,safe exact path migration,
/mnt/spirit-8tb/media/yes/models/aaliyah-yasan/Visit onlyshare.io for MORE 130.mp4.face-meta.json,130.mkv.face-meta.json,,False,False,blocked because MP4 replacement missing,mp4 missing
/mnt/spirit-8tb/media/yes/models/aaliyah-yasan/Visit onlyshare.io for MORE 130.mp4.face-meta.json,130.mkv,,False,False,blocked because MP4 replacement missing,mp4 missing
/mnt/spirit-8tb/media/yes/models/aaliyah-yasan/Visit onlyshare.io for MORE 130.mp4.face-meta.json,130.mkv,,False,False,blocked because MP4 replacement missing,mp4 missing
/mnt/spirit-8tb/media/yes/models/aaliyah-yasan/Visit onlyshare.io for MORE 40.mp4.media-ingest-skip.json,40.mkv,,False,False,blocked because MP4 replacement missing,mp4 missing
/mnt/spirit-8tb/media/yes/models/aaliyah-yasan/Visit onlyshare.io for MORE 62.mp4.media-ingest-skip.json,62.mkv,,False,False,blocked because MP4 replacement missing,mp4 missing
/mnt/spirit-8tb/media/yes/models/aaliyah-yasan/Visit onlyshare.io for MORE 40.mp4.face-meta.json,40.mkv.face-meta.json,,False,False,blocked because MP4 replacement missing,mp4 missing
/mnt/spirit-8tb/media/yes/models/aaliyah-yasan/Visit onlyshare.io for MORE 40.mp4.face-meta.json,40.mkv.face-meta.json,,False,False,blocked because MP4 replacement missing,mp4 missing
/mnt/spirit-8tb/media/yes/models/aaliyah-yasan/Visit onlyshare.io for MORE 40.mp4.face-meta.json,40.mkv.face-meta.json,,False,False,blocked because MP4 replacement missing,mp4 missing
/mnt/spirit-8tb/media/yes/models/aaliyah-yasan/Visit onlyshare.io for MORE 40.mp4.face-meta.json,40.mkv.face-meta.json,,False,False,blocked because MP4 replacement missing,mp4 missing
/mnt/spirit-8tb/media/yes/models/aaliyah-yasan/Visit onlyshare.io for MORE 40.mp4.face-meta.json,40.mkv,,False,False,blocked because MP4 replacement missing,mp4 missing
/mnt/spirit-8tb/media/yes/models/aaliyah-yasan/Visit onlyshare.io for MORE 40.mp4.face-meta.json,40.mkv,,False,False,blocked because MP4 replacement missing,mp4 missing
/mnt/spirit-8tb/media/yes/models/aaliyah-yasan/Visit onlyshare.io for MORE 40.mp4.face-meta.json,40.mkv,,False,False,blocked because MP4 replacement missing,mp4 missing
/mnt/spirit-8tb/media/yes/models/aaliyah-yasan/Visit onlyshare.io for MORE 40.mp4.face-meta.json,40.mkv,,False,False,blocked because MP4 replacement missing,mp4 missing
/mnt/spirit-8tb/media/yes/models/aaliyah-yasan/Visit onlyshare.io for MORE 40.mp4.face-meta.json,40.mkv,,False,False,blocked because MP4 replacement missing,mp4 missing
/mnt/spirit-8tb/media/yes/models/aaliyah-yasan/Visit onlyshare.io for MORE 40.mp4.face-meta.json,40.mkv,,False,False,blocked because MP4 replacement missing,mp4 missing
/mnt/spirit-8tb/media/yes/models/aaliyah-yasan/Visit onlyshare.io for MORE 40.mp4.face-meta.json,40.mkv,,False,False,blocked because MP4 replacement missing,mp4 missing
/mnt/spirit-8tb/media/yes/models/aaliyah-yasan/Visit onlyshare.io for MORE 40.mp4.face-meta.json,40.mkv,,False,False,blocked because MP4 replacement missing,mp4 missing
/mnt/spirit-8tb/media/yes/models/aaliyah-yasan/Visit onlyshare.io for MORE 86.mp4.media-ingest-skip.json,86.mkv,,False,False,blocked because MP4 replacement missing,mp4 missing
/mnt/spirit-8tb/media/yes/models/aaliyah-yasan/Visit onlyshare.io for MORE 79.mp4.media-ingest-skip.json,79.mkv,,False,False,blocked because MP4 replacement missing,mp4 missing
/mnt/spirit-8tb/media/yes/models/aaliyah-yasan/Visit onlyshare.io for MORE 79.mp4.face-meta.json,79.mkv.face-meta.json,,False,False,blocked because MP4 replacement missing,mp4 missing
/mnt/spirit-8tb/media/yes/models/aaliyah-yasan/Visit onlyshare.io for MORE 79.mp4.face-meta.json,79.mkv.face-meta.json,,False,False,blocked because MP4 replacement missing,mp4 missing
/mnt/spirit-8tb/media/yes/models/aaliyah-yasan/Visit onlyshare.io for MORE 79.mp4.face-meta.json,79.mkv.face-meta.json,,False,False,blocked because MP4 replacement missing,mp4 missing
/mnt/spirit-8tb/media/yes/models/aaliyah-yasan/Visit onlyshare.io for MORE 79.mp4.face-meta.json,79.mkv.face-meta.json,,False,False,blocked because MP4 replacement missing,mp4 missing
/mnt/spirit-8tb/media/yes/models/aaliyah-yasan/Visit onlyshare.io for MORE 79.mp4.face-meta.json,79.mkv,,False,False,blocked because MP4 replacement missing,mp4 missing
/mnt/spirit-8tb/media/yes/models/aaliyah-yasan/Visit onlyshare.io for MORE 79.mp4.face-meta.json,79.mkv,,False,False,blocked because MP4 replacement missing,mp4 missing
/mnt/spirit-8tb/media/yes/models/aaliyah-yasan/Visit onlyshare.io for MORE 79.mp4.face-meta.json,79.mkv,,False,False,blocked because MP4 replacement missing,mp4 missing
/mnt/spirit-8tb/media/yes/models/aaliyah-yasan/Visit onlyshare.io for MORE 79.mp4.face-meta.json,79.mkv,,False,False,blocked because MP4 replacement missing,mp4 missing
/mnt/spirit-8tb/media/yes/models/aaliyah-yasan/Visit onlyshare.io for MORE 79.mp4.face-meta.json,79.mkv,,False,False,blocked because MP4 replacement missing,mp4 missing
/mnt/spirit-8tb/media/yes/models/aaliyah-yasan/Visit onlyshare.io for MORE 79.mp4.face-meta.json,79.mkv,,False,False,blocked because MP4 replacement missing,mp4 missing
/mnt/spirit-8tb/media/yes/models/aaliyah-yasan/Visit onlyshare.io for MORE 79.mp4.face-meta.json,79.mkv,,False,False,blocked because MP4 replacement missing,mp4 missing
/mnt/spirit-8tb/media/yes/models/aaliyah-yasan/Visit onlyshare.io for MORE 79.mp4.face-meta.json,79.mkv,,False,False,blocked because MP4 replacement missing,mp4 missing
/mnt/spirit-8tb/media/yes/models/aaliyah-yasan/Visit onlyshare.io for MORE 50.mp4.face-meta.json,50.mkv.face-meta.json,,False,False,blocked because MP4 replacement missing,mp4 missing
/mnt/spirit-8tb/media/yes/models/aaliyah-yasan/Visit onlyshare.io for MORE 50.mp4.face-meta.json,50.mkv.face-meta.json,,False,False,blocked because MP4 replacement missing,mp4 missing
/mnt/spirit-8tb/media/yes/models/aaliyah-yasan/Visit onlyshare.io for MORE 50.mp4.face-meta.json,50.mkv.face-meta.json,,False,False,blocked because MP4 replacement missing,mp4 missing
/mnt/spirit-8tb/media/yes/models/aaliyah-yasan/Visit onlyshare.io for MORE 50.mp4.face-meta.json,50.mkv.face-meta.json,,False,False,blocked because MP4 replacement missing,mp4 missing
/mnt/spirit-8tb/media/yes/models/aaliyah-yasan/Visit onlyshare.io for MORE 50.mp4.face-meta.json,50.mkv,,False,False,blocked because MP4 replacement missing,mp4 missing
/mnt/spirit-8tb/media/yes/models/aaliyah-yasan/Visit onlyshare.io for MORE 50.mp4.face-meta.json,50.mkv,,False,False,blocked because MP4 replacement missing,mp4 missing
/mnt/spirit-8tb/media/yes/models/aaliyah-yasan/Visit onlyshare.io for MORE 50.mp4.face-meta.json,50.mkv,,False,False,blocked because MP4 replacement missing,mp4 missing
/mnt/spirit-8tb/media/yes/models/aaliyah-yasan/Visit onlyshare.io for MORE 50.mp4.face-meta.json,50.mkv,,False,False,blocked because MP4 replacement missing,mp4 missing
/mnt/spirit-8tb/media/yes/models/aaliyah-yasan/Visit onlyshare.io for MORE 50.mp4.face-meta.json,50.mkv,,False,False,blocked because MP4 replacement missing,mp4 missing
/mnt/spirit-8tb/media/yes/models/aaliyah-yasan/Visit onlyshare.io for MORE 50.mp4.face-meta.json,50.mkv,,False,False,blocked because MP4 replacement missing,mp4 missing
/mnt/spirit-8tb/media/yes/models/aaliyah-yasan/Visit onlyshare.io for MORE 50.mp4.face-meta.json,50.mkv,,False,False,blocked because MP4 replacement missing,mp4 missing
/mnt/spirit-8tb/media/yes/models/aaliyah-yasan/Visit onlyshare.io for MORE 50.mp4.face-meta.json,50.mkv,,False,False,blocked because MP4 replacement missing,mp4 missing
/mnt/spirit-8tb/media/yes/models/aaliyah-yasan/Visit onlyshare.io for MORE 50.mp4.media-ingest-skip.json,50.mkv,,False,False,blocked because MP4 replacement missing,mp4 missing
/mnt/spirit-8tb/media/yes/models/aaliyah-yasan/Visit onlyshare.io for MORE 130.mp4.media-ingest-skip.json,130.mkv,,False,False,blocked because MP4 replacement missing,mp4 missing
/mnt/spirit-8tb/media/yes/models/aaliyah-yasan/Naughty Aaliyah Yasin Sucks A Big Cock While Smoking.mp4.media-ingest.json,Smoking.mkv,,False,False,blocked because MP4 replacement missing,mp4 missing
/mnt/spirit-8tb/media/yes/models/aaliyah-yasan/Visit onlyshare.io for MORE 86.mp4.face-meta.json,86.mkv.face-meta.json,,False,False,blocked because MP4 replacement missing,mp4 missing
/mnt/spirit-8tb/media/yes/models/aaliyah-yasan/Visit onlyshare.io for MORE 86.mp4.face-meta.json,86.mkv.face-meta.json,,False,False,blocked because MP4 replacement missing,mp4 missing
/mnt/spirit-8tb/media/yes/models/aaliyah-yasan/Visit onlyshare.io for MORE 86.mp4.face-meta.json,86.mkv.face-meta.json,,False,False,blocked because MP4 replacement missing,mp4 missing
/mnt/spirit-8tb/media/yes/models/aaliyah-yasan/Visit onlyshare.io for MORE 86.mp4.face-meta.json,86.mkv.face-meta.json,,False,False,blocked because MP4 replacement missing,mp4 missing
/mnt/spirit-8tb/media/yes/models/aaliyah-yasan/Visit onlyshare.io for MORE 86.mp4.face-meta.json,86.mkv,,False,False,blocked because MP4 replacement missing,mp4 missing
/mnt/spirit-8tb/media/yes/models/aaliyah-yasan/Visit onlyshare.io for MORE 86.mp4.face-meta.json,86.mkv,,False,False,blocked because MP4 replacement missing,mp4 missing
/mnt/spirit-8tb/media/yes/models/aaliyah-yasan/Visit onlyshare.io for MORE 86.mp4.face-meta.json,86.mkv,,False,False,blocked because MP4 replacement missing,mp4 missing
/mnt/spirit-8tb/media/yes/models/aaliyah-yasan/Visit onlyshare.io for MORE 86.mp4.face-meta.json,86.mkv,,False,False,blocked because MP4 replacement missing,mp4 missing
/mnt/spirit-8tb/media/yes/models/aaliyah-yasan/Visit onlyshare.io for MORE 86.mp4.face-meta.json,86.mkv,,False,False,blocked because MP4 replacement missing,mp4 missing
/mnt/spirit-8tb/media/yes/models/aaliyah-yasan/Visit onlyshare.io for MORE 86.mp4.face-meta.json,86.mkv,,False,False,blocked because MP4 replacement missing,mp4 missing
/mnt/spirit-8tb/media/yes/models/aaliyah-yasan/Visit onlyshare.io for MORE 86.mp4.face-meta.json,86.mkv,,False,False,blocked because MP4 replacement missing,mp4 missing
/mnt/spirit-8tb/media/yes/models/aaliyah-yasan/Visit onlyshare.io for MORE 86.mp4.face-meta.json,86.mkv,,False,False,blocked because MP4 replacement missing,mp4 missing
/mnt/spirit-8tb/media/yes/models/gem-the-jewels/548555_720p.mp4.media-ingest.json,/mnt/spirit-8tb/media/yes/models/gem-the-jewels/548555_720p.mkv,/mnt/spirit-8tb/media/yes/models/gem-the-jewels/548555_720p.mp4,True,True,safe exact path migration,
/mnt/spirit-8tb/media/yes/models/gem-the-jewels/487723_720p.mp4.media-ingest.json,/mnt/spirit-8tb/media/yes/models/gem-the-jewels/487723_720p.mkv,/mnt/spirit-8tb/media/yes/models/gem-the-jewels/487723_720p.mp4,True,True,safe exact path migration,
/mnt/spirit-8tb/media/yes/models/emiliaofficial/Строгая учительница… но после уроков разрешено всё 💦 - EmiliaBunny - Pornhub.com.mp4.media-ingest-skip.json,Pornhub.com.mkv,,False,False,blocked because MP4 replacement missing,mp4 missing
/mnt/spirit-8tb/media/yes/models/emiliaofficial/Emilia Bunny Horny Girl Takes It Deep Beeg.mp4.media-ingest.json,Beeg.mkv.face-meta.json,,False,False,blocked because MP4 replacement missing,mp4 missing
/mnt/spirit-8tb/media/yes/models/emiliaofficial/Emilia Bunny Horny Girl Takes It Deep Beeg.mp4.media-ingest.json,Beeg.mkv,,False,False,blocked because MP4 replacement missing,mp4 missing
/mnt/spirit-8tb/media/yes/models/emiliaofficial/Emilia Bunny Horny Girl Takes It Deep Beeg.mp4.media-ingest.json,Beeg.mkv,,False,False,blocked because MP4 replacement missing,mp4 missing
/mnt/spirit-8tb/media/yes/models/emiliaofficial/Emilia Bunny Horny Girl Takes It Deep Beeg.mp4.media-ingest.json,Beeg.mkv,,False,False,blocked because MP4 replacement missing,mp4 missing
/mnt/spirit-8tb/media/yes/models/emiliaofficial/Emilia Bunny Model in Bodysuit Receives Facial After Passionate.mp4.media-ingest.json,Passionate.mkv.face-meta.json,,False,False,blocked because MP4 replacement missing,mp4 missing
/mnt/spirit-8tb/media/yes/models/emiliaofficial/Emilia Bunny Model in Bodysuit Receives Facial After Passionate.mp4.media-ingest.json,Passionate.mkv,,False,False,blocked because MP4 replacement missing,mp4 missing
/mnt/spirit-8tb/media/yes/models/emiliaofficial/Emilia Bunny Model in Bodysuit Receives Facial After Passionate.mp4.media-ingest.json,Passionate.mkv,,False,False,blocked because MP4 replacement missing,mp4 missing
/mnt/spirit-8tb/media/yes/models/emiliaofficial/Emilia Bunny Model in Bodysuit Receives Facial After Passionate.mp4.media-ingest.json,Passionate.mkv,,False,False,blocked because MP4 replacement missing,mp4 missing
/mnt/spirit-8tb/media/yes/models/emiliaofficial/Emilia Bunny Strict Teachers Private Lesson Beeg.mp4.media-ingest.json,Beeg.mkv.face-meta.json,,False,False,blocked because MP4 replacement missing,mp4 missing
/mnt/spirit-8tb/media/yes/models/emiliaofficial/Emilia Bunny Strict Teachers Private Lesson Beeg.mp4.media-ingest.json,Beeg.mkv,,False,False,blocked because MP4 replacement missing,mp4 missing
/mnt/spirit-8tb/media/yes/models/emiliaofficial/Emilia Bunny Strict Teachers Private Lesson Beeg.mp4.media-ingest.json,Beeg.mkv,,False,False,blocked because MP4 replacement missing,mp4 missing
/mnt/spirit-8tb/media/yes/models/emiliaofficial/Emilia Bunny Strict Teachers Private Lesson Beeg.mp4.media-ingest.json,Beeg.mkv,,False,False,blocked because MP4 replacement missing,mp4 missing
/mnt/spirit-8tb/media/yes/models/emiliaofficial/Emilia Bunny Model Encounter Exceeds Expectations Beeg.mp4.media-ingest.json,Beeg.mkv.face-meta.json,,False,False,blocked because MP4 replacement missing,mp4 missing
/mnt/spirit-8tb/media/yes/models/emiliaofficial/Emilia Bunny Model Encounter Exceeds Expectations Beeg.mp4.media-ingest.json,Beeg.mkv,,False,False,blocked because MP4 replacement missing,mp4 missing
/mnt/spirit-8tb/media/yes/models/emiliaofficial/Emilia Bunny Model Encounter Exceeds Expectations Beeg.mp4.media-ingest.json,Beeg.mkv,,False,False,blocked because MP4 replacement missing,mp4 missing
/mnt/spirit-8tb/media/yes/models/emiliaofficial/Emilia Bunny Model Encounter Exceeds Expectations Beeg.mp4.media-ingest.json,Beeg.mkv,,False,False,blocked because MP4 replacement missing,mp4 missing
/mnt/spirit-8tb/media/yes/models/emiliaofficial/Emilia Bunny Pov Your Sexy Gf Cant Leave the House until You Mak.mp4.media-ingest.json,Mak.mkv.face-meta.json,,False,False,blocked because MP4 replacement missing,mp4 missing
/mnt/spirit-8tb/media/yes/models/emiliaofficial/Emilia Bunny Pov Your Sexy Gf Cant Leave the House until You Mak.mp4.media-ingest.json,Mak.mkv,,False,False,blocked because MP4 replacement missing,mp4 missing
/mnt/spirit-8tb/media/yes/models/emiliaofficial/Emilia Bunny Pov Your Sexy Gf Cant Leave the House until You Mak.mp4.media-ingest.json,Mak.mkv,,False,False,blocked because MP4 replacement missing,mp4 missing
/mnt/spirit-8tb/media/yes/models/emiliaofficial/Emilia Bunny Pov Your Sexy Gf Cant Leave the House until You Mak.mp4.media-ingest.json,Mak.mkv,,False,False,blocked because MP4 replacement missing,mp4 missing
/mnt/spirit-8tb/media/yes/models/emiliaofficial/Emilia Bunny 2 Cumshots. Feet Ride. the Wettest Pussy Beeg.mp4.media-ingest.json,Beeg.mkv.face-meta.json,,False,False,blocked because MP4 replacement missing,mp4 missing
/mnt/spirit-8tb/media/yes/models/emiliaofficial/Emilia Bunny 2 Cumshots. Feet Ride. the Wettest Pussy Beeg.mp4.media-ingest.json,Beeg.mkv,,False,False,blocked because MP4 replacement missing,mp4 missing
/mnt/spirit-8tb/media/yes/models/emiliaofficial/Emilia Bunny 2 Cumshots. Feet Ride. the Wettest Pussy Beeg.mp4.media-ingest.json,Beeg.mkv,,False,False,blocked because MP4 replacement missing,mp4 missing
/mnt/spirit-8tb/media/yes/models/emiliaofficial/Emilia Bunny 2 Cumshots. Feet Ride. the Wettest Pussy Beeg.mp4.media-ingest.json,Beeg.mkv,,False,False,blocked because MP4 replacement missing,mp4 missing
/mnt/spirit-8tb/media/yes/models/emiliaofficial/Строгая учительница… но после уроков разрешено всё 💦 - EmiliaBunny - Pornhub.com.mp4.face-meta.json,Pornhub.com.mkv.face-meta.json,,False,False,blocked because MP4 replacement missing,mp4 missing
/mnt/spirit-8tb/media/yes/models/emiliaofficial/Строгая учительница… но после уроков разрешено всё 💦 - EmiliaBunny - Pornhub.com.mp4.face-meta.json,Pornhub.com.mkv.face-meta.json,,False,False,blocked because MP4 replacement missing,mp4 missing
/mnt/spirit-8tb/media/yes/models/emiliaofficial/Строгая учительница… но после уроков разрешено всё 💦 - EmiliaBunny - Pornhub.com.mp4.face-meta.json,Pornhub.com.mkv.face-meta.json,,False,False,blocked because MP4 replacement missing,mp4 missing
/mnt/spirit-8tb/media/yes/models/emiliaofficial/Строгая учительница… но после уроков разрешено всё 💦 - EmiliaBunny - Pornhub.com.mp4.face-meta.json,Pornhub.com.mkv.face-meta.json,,False,False,blocked because MP4 replacement missing,mp4 missing
/mnt/spirit-8tb/media/yes/models/emiliaofficial/Строгая учительница… но после уроков разрешено всё 💦 - EmiliaBunny - Pornhub.com.mp4.face-meta.json,Pornhub.com.mkv.face-meta.json,,False,False,blocked because MP4 replacement missing,mp4 missing
/mnt/spirit-8tb/media/yes/models/emiliaofficial/Строгая учительница… но после уроков разрешено всё 💦 - EmiliaBunny - Pornhub.com.mp4.face-meta.json,Pornhub.com.mkv.face-meta.json,,False,False,blocked because MP4 replacement missing,mp4 missing
/mnt/spirit-8tb/media/yes/models/emiliaofficial/Строгая учительница… но после уроков разрешено всё 💦 - EmiliaBunny - Pornhub.com.mp4.face-meta.json,Pornhub.com.mkv,,False,False,blocked because MP4 replacement missing,mp4 missing
/mnt/spirit-8tb/media/yes/models/emiliaofficial/Строгая учительница… но после уроков разрешено всё 💦 - EmiliaBunny - Pornhub.com.mp4.face-meta.json,Pornhub.com.mkv,,False,False,blocked because MP4 replacement missing,mp4 missing
/mnt/spirit-8tb/media/yes/models/emiliaofficial/Строгая учительница… но после уроков разрешено всё 💦 - EmiliaBunny - Pornhub.com.mp4.face-meta.json,Pornhub.com.mkv,,False,False,blocked because MP4 replacement missing,mp4 missing
/mnt/spirit-8tb/media/yes/models/emiliaofficial/Строгая учительница… но после уроков разрешено всё 💦 - EmiliaBunny - Pornhub.com.mp4.face-meta.json,Pornhub.com.mkv,,False,False,blocked because MP4 replacement missing,mp4 missing
/mnt/spirit-8tb/media/yes/models/emiliaofficial/Строгая учительница… но после уроков разрешено всё 💦 - EmiliaBunny - Pornhub.com.mp4.face-meta.json,Pornhub.com.mkv,,False,False,blocked because MP4 replacement missing,mp4 missing
/mnt/spirit-8tb/media/yes/models/emiliaofficial/Строгая учительница… но после уроков разрешено всё 💦 - EmiliaBunny - Pornhub.com.mp4.face-meta.json,Pornhub.com.mkv,,False,False,blocked because MP4 replacement missing,mp4 missing
/mnt/spirit-8tb/media/yes/models/emiliaofficial/Строгая учительница… но после уроков разрешено всё 💦 - EmiliaBunny - Pornhub.com.mp4.face-meta.json,Pornhub.com.mkv,,False,False,blocked because MP4 replacement missing,mp4 missing
/mnt/spirit-8tb/media/yes/models/emiliaofficial/Строгая учительница… но после уроков разрешено всё 💦 - EmiliaBunny - Pornhub.com.mp4.face-meta.json,Pornhub.com.mkv,,False,False,blocked because MP4 replacement missing,mp4 missing
/mnt/spirit-8tb/media/yes/models/emiliaofficial/Строгая учительница… но после уроков разрешено всё 💦 - EmiliaBunny - Pornhub.com.mp4.face-meta.json,Pornhub.com.mkv,,False,False,blocked because MP4 replacement missing,mp4 missing
/mnt/spirit-8tb/media/yes/models/emiliaofficial/Строгая учительница… но после уроков разрешено всё 💦 - EmiliaBunny - Pornhub.com.mp4.face-meta.json,Pornhub.com.mkv,,False,False,blocked because MP4 replacement missing,mp4 missing
/mnt/spirit-8tb/media/yes/models/emiliaofficial/Строгая учительница… но после уроков разрешено всё 💦 - EmiliaBunny - Pornhub.com.mp4.face-meta.json,Pornhub.com.mkv,,False,False,blocked because MP4 replacement missing,mp4 missing
/mnt/spirit-8tb/media/yes/models/emiliaofficial/Emilia Bunny A Playful Evening with a Natural Beauty Who Always.mp4.media-ingest.json,Always.mkv.face-meta.json,,False,False,blocked because MP4 replacement missing,mp4 missing
/mnt/spirit-8tb/media/yes/models/emiliaofficial/Emilia Bunny A Playful Evening with a Natural Beauty Who Always.mp4.media-ingest.json,Always.mkv,,False,False,blocked because MP4 replacement missing,mp4 missing
/mnt/spirit-8tb/media/yes/models/emiliaofficial/Emilia Bunny A Playful Evening with a Natural Beauty Who Always.mp4.media-ingest.json,Always.mkv,,False,False,blocked because MP4 replacement missing,mp4 missing
/mnt/spirit-8tb/media/yes/models/emiliaofficial/Emilia Bunny A Playful Evening with a Natural Beauty Who Always.mp4.media-ingest.json,Always.mkv,,False,False,blocked because MP4 replacement missing,mp4 missing
/mnt/spirit-8tb/media/yes/models/emiliaofficial/Emilia Bunny Sexy Schoolgirl in Pantyhose Helps with Homework Be.mp4.media-ingest.json,Be.mkv.face-meta.json,,False,False,blocked because MP4 replacement missing,mp4 missing
/mnt/spirit-8tb/media/yes/models/emiliaofficial/Emilia Bunny Sexy Schoolgirl in Pantyhose Helps with Homework Be.mp4.media-ingest.json,Be.mkv,,False,False,blocked because MP4 replacement missing,mp4 missing
/mnt/spirit-8tb/media/yes/models/emiliaofficial/Emilia Bunny Sexy Schoolgirl in Pantyhose Helps with Homework Be.mp4.media-ingest.json,Be.mkv,,False,False,blocked because MP4 replacement missing,mp4 missing
/mnt/spirit-8tb/media/yes/models/emiliaofficial/Emilia Bunny Sexy Schoolgirl in Pantyhose Helps with Homework Be.mp4.media-ingest.json,Be.mkv,,False,False,blocked because MP4 replacement missing,mp4 missing
/mnt/spirit-8tb/media/yes/models/emiliaofficial/Emilia Bunny POV Woman Rubs Clit Receives Cum on Panties Beeg.mp4.media-ingest.json,Beeg.mkv.face-meta.json,,False,False,blocked because MP4 replacement missing,mp4 missing
/mnt/spirit-8tb/media/yes/models/emiliaofficial/Emilia Bunny POV Woman Rubs Clit Receives Cum on Panties Beeg.mp4.media-ingest.json,Beeg.mkv,,False,False,blocked because MP4 replacement missing,mp4 missing
/mnt/spirit-8tb/media/yes/models/emiliaofficial/Emilia Bunny POV Woman Rubs Clit Receives Cum on Panties Beeg.mp4.media-ingest.json,Beeg.mkv,,False,False,blocked because MP4 replacement missing,mp4 missing
/mnt/spirit-8tb/media/yes/models/emiliaofficial/Emilia Bunny POV Woman Rubs Clit Receives Cum on Panties Beeg.mp4.media-ingest.json,Beeg.mkv,,False,False,blocked because MP4 replacement missing,mp4 missing
/mnt/spirit-8tb/media/yes/models/emiliaofficial/Emilia Bunny Schoolgirl Plays Hooky and gets Naughty on Camera B.mp4.media-ingest.json,B.mkv.face-meta.json,,False,False,blocked because MP4 replacement missing,mp4 missing
/mnt/spirit-8tb/media/yes/models/emiliaofficial/Emilia Bunny Schoolgirl Plays Hooky and gets Naughty on Camera B.mp4.media-ingest.json,B.mkv,,False,False,blocked because MP4 replacement missing,mp4 missing
/mnt/spirit-8tb/media/yes/models/emiliaofficial/Emilia Bunny Schoolgirl Plays Hooky and gets Naughty on Camera B.mp4.media-ingest.json,B.mkv,,False,False,blocked because MP4 replacement missing,mp4 missing
/mnt/spirit-8tb/media/yes/models/emiliaofficial/Emilia Bunny Schoolgirl Plays Hooky and gets Naughty on Camera B.mp4.media-ingest.json,B.mkv,,False,False,blocked because MP4 replacement missing,mp4 missing
/mnt/spirit-8tb/media/yes/models/emiliaofficial/Emilia Bunny Help Me with the Game and Ill Help You Cum Step Sis.mp4.media-ingest.json,Sis.mkv.face-meta.json,,False,False,blocked because MP4 replacement missing,mp4 missing
/mnt/spirit-8tb/media/yes/models/emiliaofficial/Emilia Bunny Help Me with the Game and Ill Help You Cum Step Sis.mp4.media-ingest.json,Sis.mkv,,False,False,blocked because MP4 replacement missing,mp4 missing
/mnt/spirit-8tb/media/yes/models/emiliaofficial/Emilia Bunny Help Me with the Game and Ill Help You Cum Step Sis.mp4.media-ingest.json,Sis.mkv,,False,False,blocked because MP4 replacement missing,mp4 missing
/mnt/spirit-8tb/media/yes/models/emiliaofficial/Emilia Bunny Help Me with the Game and Ill Help You Cum Step Sis.mp4.media-ingest.json,Sis.mkv,,False,False,blocked because MP4 replacement missing,mp4 missing
/mnt/spirit-8tb/media/yes/models/strawberrytabby/564677_720p.mp4.media-ingest-skip.json,/mnt/spirit-8tb/media/yes/models/strawberrytabby/564677_720p.mkv,/mnt/spirit-8tb/media/yes/models/strawberrytabby/564677_720p.mp4,True,True,safe exact path migration,
/mnt/spirit-8tb/media/yes/models/strawberrytabby/564677_720p.mp4.face-meta.json,/DATA/yes/models/strawberrytabby/564677_720p.mkv.face-meta.json,/DATA/yes/models/strawberrytabby/564677_720p.mp4.face-meta.json,True,True,safe exact path migration,
/mnt/spirit-8tb/media/yes/models/strawberrytabby/564677_720p.mp4.face-meta.json,/DATA/yes/models/strawberrytabby/564677_720p.mkv,/DATA/yes/models/strawberrytabby/564677_720p.mp4,True,True,safe exact path migration,
/mnt/spirit-8tb/media/yes/models/strawberrytabby/564677_720p.mp4.face-meta.json,/DATA/yes/models/strawberrytabby/564677_720p.mkv,/DATA/yes/models/strawberrytabby/564677_720p.mp4,True,True,safe exact path migration,
/mnt/spirit-8tb/media/yes/models/strawberrytabby/564677_720p.mp4.face-meta.json,/DATA/yes/models/strawberrytabby/564677_720p.mkv,/DATA/yes/models/strawberrytabby/564677_720p.mp4,True,True,safe exact path migration,
/mnt/spirit-8tb/media/yes/models/strawberrytabby/564677_720p.mp4.face-meta.json,/DATA/yes/564677_720p.mkv.face-meta.json,,False,False,blocked because MP4 replacement missing,mp4 missing
/mnt/spirit-8tb/media/yes/models/strawberrytabby/564677_720p.mp4.face-meta.json,/DATA/yes/564677_720p.mkv.face-meta.json,,False,False,blocked because MP4 replacement missing,mp4 missing
/mnt/spirit-8tb/media/yes/models/strawberrytabby/564677_720p.mp4.face-meta.json,/DATA/yes/564677_720p.mkv.face-meta.json,,False,False,blocked because MP4 replacement missing,mp4 missing
/mnt/spirit-8tb/media/yes/models/strawberrytabby/564677_720p.mp4.face-meta.json,/DATA/yes/564677_720p.mkv,,False,False,blocked because MP4 replacement missing,mp4 missing
/mnt/spirit-8tb/media/yes/models/strawberrytabby/564677_720p.mp4.face-meta.json,/DATA/yes/564677_720p.mkv,,False,False,blocked because MP4 replacement missing,mp4 missing
/mnt/spirit-8tb/media/yes/models/strawberrytabby/564677_720p.mp4.face-meta.json,/DATA/yes/564677_720p.mkv,,False,False,blocked because MP4 replacement missing,mp4 missing
/mnt/spirit-8tb/media/yes/models/strawberrytabby/564677_720p.mp4.face-meta.json,/DATA/yes/564677_720p.mkv,,False,False,blocked because MP4 replacement missing,mp4 missing
/mnt/spirit-8tb/media/yes/models/strawberrytabby/564677_720p.mp4.face-meta.json,564677_720p.mkv,564677_720p.mp4,True,True,safe basename migration,
/mnt/spirit-8tb/media/yes/models/strawberrytabby/564677_720p.mp4.face-meta-2.json,/DATA/yes/models/strawberrytabby/564677_720p.mkv.face-meta-2.json,/DATA/yes/models/strawberrytabby/564677_720p.mp4.face-meta-2.json,True,True,safe exact path migration,
/mnt/spirit-8tb/media/yes/models/strawberrytabby/564677_720p.mp4.face-meta-2.json,/DATA/yes/564677_720p.mkv.face-meta.json,,False,False,blocked because MP4 replacement missing,mp4 missing
/mnt/spirit-8tb/media/yes/models/strawberrytabby/564677_720p.mp4.face-meta-2.json,/DATA/yes/564677_720p.mkv.face-meta.json,,False,False,blocked because MP4 replacement missing,mp4 missing
/mnt/spirit-8tb/media/yes/models/strawberrytabby/564677_720p.mp4.face-meta-2.json,/DATA/yes/564677_720p.mkv.face-meta.json,,False,False,blocked because MP4 replacement missing,mp4 missing
/mnt/spirit-8tb/media/yes/models/strawberrytabby/564677_720p.mp4.face-meta-2.json,/DATA/yes/564677_720p.mkv.face-meta.json,,False,False,blocked because MP4 replacement missing,mp4 missing
/mnt/spirit-8tb/media/yes/models/strawberrytabby/564677_720p.mp4.face-meta-2.json,/DATA/yes/564677_720p.mkv.face-meta.json,,False,False,blocked because MP4 replacement missing,mp4 missing
/mnt/spirit-8tb/media/yes/models/strawberrytabby/564677_720p.mp4.face-meta-2.json,/DATA/yes/564677_720p.mkv.face-meta.json,,False,False,blocked because MP4 replacement missing,mp4 missing
/mnt/spirit-8tb/media/yes/models/maditay/207601_720p.mp4.media-ingest.json,/mnt/spirit-8tb/media/yes/models/maditay/207601_720p.mkv,/mnt/spirit-8tb/media/yes/models/maditay/207601_720p.mp4,True,True,safe exact path migration,
/mnt/spirit-8tb/media/yes/models/pinkychu/176349.mp4.media-ingest.json,/mnt/spirit-8tb/media/yes/models/pinkychu/176349.mkv,/mnt/spirit-8tb/media/yes/models/pinkychu/176349.mp4,True,True,safe exact path migration,
/mnt/spirit-8tb/media/yes/models/alannasworldx/438588_720p.mp4.media-ingest.json,/mnt/spirit-8tb/media/yes/models/alannasworldx/438588_720p.mkv,/mnt/spirit-8tb/media/yes/models/alannasworldx/438588_720p.mp4,True,True,safe exact path migration,
/mnt/spirit-8tb/media/yes/models/alannasworldx/256433_720p.mp4.media-ingest.json,/mnt/spirit-8tb/media/yes/models/alannasworldx/256433_720p.mkv,/mnt/spirit-8tb/media/yes/models/alannasworldx/256433_720p.mp4,True,True,safe exact path migration,
/mnt/spirit-8tb/media/yes/models/cute-geekie/@MLHUBOF Telegram 🌌🔥 - 793.mp4.media-ingest.json,793.mkv,,False,False,blocked because MP4 replacement missing,mp4 missing
/mnt/spirit-8tb/media/yes/models/cute-geekie/@MLHUBOF Telegram 🌌🔥 - 870.mp4.media-ingest.json,870.mkv,,False,False,blocked because MP4 replacement missing,mp4 missing
/mnt/spirit-8tb/media/yes/models/cute-geekie/Visit onlyshare.io for MORE 05135.mp4.media-ingest.json,05135.mkv,,False,False,blocked because MP4 replacement missing,mp4 missing
/mnt/spirit-8tb/media/yes/models/cute-geekie/@MLHUBOF Telegram 🌌🔥 - 537.mp4.media-ingest.json,537.mkv,,False,False,blocked because MP4 replacement missing,mp4 missing
/mnt/spirit-8tb/media/yes/models/cute-geekie/@MLHUBOF Telegram 🌌🔥 - 959.mp4.media-ingest.json,959.mkv,,False,False,blocked because MP4 replacement missing,mp4 missing
/mnt/spirit-8tb/media/yes/models/cute-geekie/@MLHUBOF Telegram 🌌🔥 - 558.mp4.media-ingest.json,558.mkv,,False,False,blocked because MP4 replacement missing,mp4 missing
/mnt/spirit-8tb/media/yes/models/cute-geekie/51591.mp4.media-ingest.json,/mnt/spirit-8tb/media/yes/models/cute-geekie/51591.mkv,/mnt/spirit-8tb/media/yes/models/cute-geekie/51591.mp4,True,True,safe exact path migration,
/mnt/spirit-8tb/media/yes/models/cute-geekie/2783 cutelittlepearl leather sextape.mp4.media-ingest.json,sextape.mkv,,False,False,blocked because MP4 replacement missing,mp4 missing
/mnt/spirit-8tb/media/yes/models/cute-geekie/148460_1080p.mp4.media-ingest.json,/mnt/spirit-8tb/media/yes/models/cute-geekie/148460_1080p.mkv,/mnt/spirit-8tb/media/yes/models/cute-geekie/148460_1080p.mp4,True,True,safe exact path migration,
/mnt/spirit-8tb/media/yes/models/sava-schultz/(28).mp4.media-ingest.json,/mnt/spirit-8tb/media/yes/models/sava-schultz/(28).mkv,/mnt/spirit-8tb/media/yes/models/sava-schultz/(28).mp4,True,True,safe exact path migration,
/mnt/spirit-8tb/media/yes/models/sava-schultz/Savaschultz savaschulz savashultz Exclusive Leaked Nude OnlyFans(21).mp4.media-ingest.json,OnlyFans(21).mkv,,False,False,blocked because MP4 replacement missing,mp4 missing
/mnt/spirit-8tb/media/yes/models/sava-schultz/(19).mp4.face-meta.json,/DATA/yes/models/sava-schultz/(19).mkv.face-meta.json,/DATA/yes/models/sava-schultz/(19).mp4.face-meta.json,True,True,safe exact path migration,
/mnt/spirit-8tb/media/yes/models/sava-schultz/(19).mp4.face-meta.json,/DATA/yes/models/sava-schultz/(19).mkv.face-meta.json,/DATA/yes/models/sava-schultz/(19).mp4.face-meta.json,True,True,safe exact path migration,
/mnt/spirit-8tb/media/yes/models/sava-schultz/(19).mp4.face-meta.json,/DATA/yes/models/sava-schultz/(19).mkv.face-meta.json,/DATA/yes/models/sava-schultz/(19).mp4.face-meta.json,True,True,safe exact path migration,
/mnt/spirit-8tb/media/yes/models/sava-schultz/(19).mp4.face-meta.json,/DATA/yes/models/sava-schultz/(19).mkv.face-meta.json,/DATA/yes/models/sava-schultz/(19).mp4.face-meta.json,True,True,safe exact path migration,
/mnt/spirit-8tb/media/yes/models/sava-schultz/(19).mp4.face-meta.json,/DATA/yes/models/sava-schultz/(19).mkv,/DATA/yes/models/sava-schultz/(19).mp4,True,True,safe exact path migration,
/mnt/spirit-8tb/media/yes/models/sava-schultz/(19).mp4.face-meta.json,/DATA/yes/models/sava-schultz/(19).mkv,/DATA/yes/models/sava-schultz/(19).mp4,True,True,safe exact path migration,
/mnt/spirit-8tb/media/yes/models/sava-schultz/(19).mp4.face-meta.json,/DATA/yes/models/sava-schultz/(19).mkv,/DATA/yes/models/sava-schultz/(19).mp4,True,True,safe exact path migration,
/mnt/spirit-8tb/media/yes/models/sava-schultz/(19).mp4.face-meta.json,/DATA/yes/models/sava-schultz/(19).mkv,/DATA/yes/models/sava-schultz/(19).mp4,True,True,safe exact path migration,
/mnt/spirit-8tb/media/yes/models/sava-schultz/(19).mp4.face-meta.json,/DATA/yes/models/sava-schultz/(19).mkv,/DATA/yes/models/sava-schultz/(19).mp4,True,True,safe exact path migration,
/mnt/spirit-8tb/media/yes/models/sava-schultz/(19).mp4.face-meta.json,(19).mkv,(19).mp4,True,True,safe basename migration,
/mnt/spirit-8tb/media/yes/models/sava-schultz/(31).mp4.media-ingest.json,/mnt/spirit-8tb/media/yes/models/sava-schultz/(31).mkv,/mnt/spirit-8tb/media/yes/models/sava-schultz/(31).mp4,True,True,safe exact path migration,
/mnt/spirit-8tb/media/yes/models/sava-schultz/Savaschultz savaschulz savashultz Exclusive Leaked Nude OnlyFans(17).mp4.media-ingest.json,OnlyFans(17).mkv,,False,False,blocked because MP4 replacement missing,mp4 missing
/mnt/spirit-8tb/media/yes/models/sava-schultz/(28).mp4.face-meta.json,/DATA/yes/models/sava-schultz/(28).mkv,/DATA/yes/models/sava-schultz/(28).mp4,True,True,safe exact path migration,
/mnt/spirit-8tb/media/yes/models/sava-schultz/(31).mp4.face-meta.json,/DATA/yes/models/sava-schultz/(31).mkv,/DATA/yes/models/sava-schultz/(31).mp4,True,True,safe exact path migration,
/mnt/spirit-8tb/media/yes/models/sava-schultz/Savaschultz savaschulz savashultz Exclusive Leaked Nude OnlyFans(16).mp4.media-ingest.json,OnlyFans(16).mkv,,False,False,blocked because MP4 replacement missing,mp4 missing
/mnt/spirit-8tb/media/yes/models/sava-schultz/Savaschultz savaschulz savashultz Exclusive Leaked Nude OnlyFans(11).mp4.media-ingest.json,OnlyFans(11).mkv,,False,False,blocked because MP4 replacement missing,mp4 missing
/mnt/spirit-8tb/media/yes/models/sava-schultz/Sava Schultz grinding BBC so lewd leak.mp4.media-ingest.json,leak.mkv,,False,False,blocked because MP4 replacement missing,mp4 missing
/mnt/spirit-8tb/media/yes/models/sava-schultz/169902_1080p.mp4.media-ingest.json,/mnt/spirit-8tb/media/yes/models/sava-schultz/169902_1080p.mkv,/mnt/spirit-8tb/media/yes/models/sava-schultz/169902_1080p.mp4,True,True,safe exact path migration,
/mnt/spirit-8tb/media/yes/models/sava-schultz/Savaschultz savaschulz savashultz Exclusive Leaked Nude OnlyFans(15).mp4.media-ingest.json,OnlyFans(15).mkv,,False,False,blocked because MP4 replacement missing,mp4 missing
/mnt/spirit-8tb/media/yes/models/sava-schultz/Savaschultz savaschulz savashultz Exclusive Leaked Nude OnlyFans(13).mp4.media-ingest.json,OnlyFans(13).mkv,,False,False,blocked because MP4 replacement missing,mp4 missing
/mnt/spirit-8tb/media/yes/models/sava-schultz/Savaschultz savaschulz savashultz Exclusive Leaked Nude OnlyFans(18).mp4.media-ingest.json,OnlyFans(18).mkv,,False,False,blocked because MP4 replacement missing,mp4 missing
/mnt/spirit-8tb/media/yes/models/sava-schultz/Savaschultz savaschulz savashultz Exclusive Leaked Nude OnlyFans(23).mp4.media-ingest.json,OnlyFans(23).mkv,,False,False,blocked because MP4 replacement missing,mp4 missing
/mnt/spirit-8tb/media/yes/models/sava-schultz/(21).mp4.media-ingest.json,/mnt/spirit-8tb/media/yes/models/sava-schultz/(21).mkv,/mnt/spirit-8tb/media/yes/models/sava-schultz/(21).mp4,True,True,safe exact path migration,
/mnt/spirit-8tb/media/yes/models/sava-schultz/169901_1080p.mp4.media-ingest.json,/mnt/spirit-8tb/media/yes/models/sava-schultz/169901_1080p.mkv,/mnt/spirit-8tb/media/yes/models/sava-schultz/169901_1080p.mp4,True,True,safe exact path migration,
/mnt/spirit-8tb/media/yes/models/sava-schultz/46783.mp4.media-ingest.json,/mnt/spirit-8tb/media/yes/models/sava-schultz/46783.mkv,/mnt/spirit-8tb/media/yes/models/sava-schultz/46783.mp4,True,True,safe exact path migration,
/mnt/spirit-8tb/media/yes/models/sava-schultz/Sava Schultz BDSM doggy fuck so hard.mp4.media-ingest.json,hard.mkv,,False,False,blocked because MP4 replacement missing,mp4 missing
/mnt/spirit-8tb/media/yes/models/sava-schultz/Savaschultz savaschulz savashultz Exclusive Leaked Nude OnlyFans(20).mp4.media-ingest.json,OnlyFans(20).mkv,,False,False,blocked because MP4 replacement missing,mp4 missing
/mnt/spirit-8tb/media/yes/models/sava-schultz/(19).mp4.media-ingest.json,/mnt/spirit-8tb/media/yes/models/sava-schultz/(19).mkv,/mnt/spirit-8tb/media/yes/models/sava-schultz/(19).mp4,True,True,safe exact path migration,
/mnt/spirit-8tb/media/yes/models/sava-schultz/Savaschultz savaschulz savashultz Exclusive Leaked Nude OnlyFans(1).mp4.media-ingest.json,OnlyFans(1).mkv,,False,False,blocked because MP4 replacement missing,mp4 missing
/mnt/spirit-8tb/media/yes/models/sava-schultz/Savaschultz savaschulz savashultz Exclusive Leaked Nude OnlyFans(14).mp4.media-ingest.json,OnlyFans(14).mkv,,False,False,blocked because MP4 replacement missing,mp4 missing
/mnt/spirit-8tb/media/yes/models/sava-schultz/Savaschultz savaschulz savashultz Exclusive Leaked Nude OnlyFans(24).mp4.media-ingest.json,OnlyFans(24).mkv,,False,False,blocked because MP4 replacement missing,mp4 missing
/mnt/spirit-8tb/media/yes/models/sava-schultz/Savaschultz savaschulz savashultz Exclusive Leaked Nude OnlyFans(22).mp4.media-ingest.json,OnlyFans(22).mkv,,False,False,blocked because MP4 replacement missing,mp4 missing
/mnt/spirit-8tb/media/yes/models/sava-schultz/Sava-Schultz-2.mp4.media-ingest.json,/mnt/spirit-8tb/media/yes/models/sava-schultz/Sava-Schultz-2.mkv,/mnt/spirit-8tb/media/yes/models/sava-schultz/Sava-Schultz-2.mp4,True,True,safe exact path migration,
/mnt/spirit-8tb/media/yes/models/sava-schultz/Sava Schultz - Videos - leak stars nackt leaks download leaked(1).mp4.media-ingest.json,leaked(1).mkv,,False,False,blocked because MP4 replacement missing,mp4 missing
/mnt/spirit-8tb/media/yes/models/sava-schultz/(116).mp4.face-meta.json,/DATA/yes/models/sava-schultz/(116).mkv,/DATA/yes/models/sava-schultz/(116).mp4,True,True,safe exact path migration,
/mnt/spirit-8tb/media/yes/models/sava-schultz/Savaschultz savaschulz savashultz Exclusive Leaked Nude OnlyFans(9).mp4.media-ingest.json,OnlyFans(9).mkv,,False,False,blocked because MP4 replacement missing,mp4 missing
/mnt/spirit-8tb/media/yes/models/sava-schultz/Savaschultz savaschulz savashultz Exclusive Leaked Nude OnlyFans(12).mp4.media-ingest.json,OnlyFans(12).mkv,,False,False,blocked because MP4 replacement missing,mp4 missing
/mnt/spirit-8tb/media/yes/models/sava-schultz/Sava Schultz - Videos - leak stars nackt leaks download leaked(3).mp4.media-ingest.json,leaked(3).mkv,,False,False,blocked because MP4 replacement missing,mp4 missing
/mnt/spirit-8tb/media/yes/models/sava-schultz/Savaschultz savaschulz savashultz Exclusive Leaked Nude OnlyFans(25).mp4.media-ingest.json,OnlyFans(25).mkv,,False,False,blocked because MP4 replacement missing,mp4 missing
/mnt/spirit-8tb/media/yes/models/sava-schultz/watermark_9744_savaschultz_81845478182.mp4.media-ingest.json,/mnt/spirit-8tb/media/yes/models/sava-schultz/watermark_9744_savaschultz_81845478182.mkv,/mnt/spirit-8tb/media/yes/models/sava-schultz/watermark_9744_savaschultz_81845478182.mp4,True,True,safe exact path migration,
/mnt/spirit-8tb/media/yes/models/sava-schultz/Savaschultz savaschulz savashultz Exclusive Leaked Nude OnlyFans(19).mp4.media-ingest.json,OnlyFans(19).mkv,,False,False,blocked because MP4 replacement missing,mp4 missing
/mnt/spirit-8tb/media/yes/models/sava-schultz/(21).mp4.face-meta.json,/DATA/yes/models/sava-schultz/(21).mkv,/DATA/yes/models/sava-schultz/(21).mp4,True,True,safe exact path migration,
/mnt/spirit-8tb/media/yes/models/sava-schultz/(116).mp4.media-ingest.json,/mnt/spirit-8tb/media/yes/models/sava-schultz/(116).mkv,/mnt/spirit-8tb/media/yes/models/sava-schultz/(116).mp4,True,True,safe exact path migration,
/mnt/spirit-8tb/media/yes/models/jakara-mitchell/v 1.mp4.face-meta.json,1.mkv.face-meta.json,,False,False,blocked because MP4 replacement missing,mp4 missing
/mnt/spirit-8tb/media/yes/models/jakara-mitchell/v 1.mp4.face-meta.json,1.mkv.face-meta.json,,False,False,blocked because MP4 replacement missing,mp4 missing
/mnt/spirit-8tb/media/yes/models/jakara-mitchell/v 1.mp4.face-meta.json,1.mkv.face-meta.json,,False,False,blocked because MP4 replacement missing,mp4 missing
/mnt/spirit-8tb/media/yes/models/jakara-mitchell/v 1.mp4.face-meta.json,1.mkv.face-meta.json,,False,False,blocked because MP4 replacement missing,mp4 missing
/mnt/spirit-8tb/media/yes/models/jakara-mitchell/v 1.mp4.face-meta.json,1.mkv,,False,False,blocked because MP4 replacement missing,mp4 missing
/mnt/spirit-8tb/media/yes/models/jakara-mitchell/v 1.mp4.face-meta.json,1.mkv,,False,False,blocked because MP4 replacement missing,mp4 missing
/mnt/spirit-8tb/media/yes/models/jakara-mitchell/v 1.mp4.face-meta.json,1.mkv,,False,False,blocked because MP4 replacement missing,mp4 missing
/mnt/spirit-8tb/media/yes/models/jakara-mitchell/v 1.mp4.face-meta.json,1.mkv,,False,False,blocked because MP4 replacement missing,mp4 missing
/mnt/spirit-8tb/media/yes/models/jakara-mitchell/v 1.mp4.face-meta.json,1.mkv,,False,False,blocked because MP4 replacement missing,mp4 missing
/mnt/spirit-8tb/media/yes/models/jakara-mitchell/v 1.mp4.face-meta.json,1.mkv,,False,False,blocked because MP4 replacement missing,mp4 missing
/mnt/spirit-8tb/media/yes/models/jakara-mitchell/v 1.mp4.face-meta.json,1.mkv,,False,False,blocked because MP4 replacement missing,mp4 missing
/mnt/spirit-8tb/media/yes/models/jakara-mitchell/v 1.mp4.face-meta.json,1.mkv,,False,False,blocked because MP4 replacement missing,mp4 missing
/mnt/spirit-8tb/media/yes/models/jakara-mitchell/Karamitch- gym bg.mp4.face-meta.json,bg.mkv.face-meta.json,,False,False,blocked because MP4 replacement missing,mp4 missing
/mnt/spirit-8tb/media/yes/models/jakara-mitchell/Karamitch- gym bg.mp4.face-meta.json,bg.mkv.face-meta.json,,False,False,blocked because MP4 replacement missing,mp4 missing
/mnt/spirit-8tb/media/yes/models/jakara-mitchell/Karamitch- gym bg.mp4.face-meta.json,bg.mkv.face-meta.json,,False,False,blocked because MP4 replacement missing,mp4 missing
/mnt/spirit-8tb/media/yes/models/jakara-mitchell/Karamitch- gym bg.mp4.face-meta.json,bg.mkv.face-meta.json,,False,False,blocked because MP4 replacement missing,mp4 missing
/mnt/spirit-8tb/media/yes/models/jakara-mitchell/Karamitch- gym bg.mp4.face-meta.json,bg.mkv,,False,False,blocked because MP4 replacement missing,mp4 missing
/mnt/spirit-8tb/media/yes/models/jakara-mitchell/Karamitch- gym bg.mp4.face-meta.json,bg.mkv,,False,False,blocked because MP4 replacement missing,mp4 missing
/mnt/spirit-8tb/media/yes/models/jakara-mitchell/Karamitch- gym bg.mp4.face-meta.json,bg.mkv,,False,False,blocked because MP4 replacement missing,mp4 missing
/mnt/spirit-8tb/media/yes/models/jakara-mitchell/Karamitch- gym bg.mp4.face-meta.json,bg.mkv,,False,False,blocked because MP4 replacement missing,mp4 missing
/mnt/spirit-8tb/media/yes/models/jakara-mitchell/Karamitch- gym bg.mp4.face-meta.json,bg.mkv,,False,False,blocked because MP4 replacement missing,mp4 missing
/mnt/spirit-8tb/media/yes/models/jakara-mitchell/Karamitch- gym bg.mp4.face-meta.json,bg.mkv,,False,False,blocked because MP4 replacement missing,mp4 missing
/mnt/spirit-8tb/media/yes/models/jakara-mitchell/Karamitch- gym bg.mp4.face-meta.json,bg.mkv,,False,False,blocked because MP4 replacement missing,mp4 missing
/mnt/spirit-8tb/media/yes/models/jakara-mitchell/Karamitch- gym bg.mp4.face-meta.json,bg.mkv,,False,False,blocked because MP4 replacement missing,mp4 missing
/mnt/spirit-8tb/media/yes/models/jakara-mitchell/Fap__1c31400144c5b4a8cb977202cfb8121c.mp4.face-meta.json,/DATA/yes/models/jakara-mitchell/Fap__1c31400144c5b4a8cb977202cfb8121c.mkv,/DATA/yes/models/jakara-mitchell/Fap__1c31400144c5b4a8cb977202cfb8121c.mp4,True,True,safe exact path migration,
/mnt/spirit-8tb/media/yes/models/jakara-mitchell/Fap__1c31400144c5b4a8cb977202cfb8121c.mp4.media-ingest.json,/mnt/spirit-8tb/media/yes/models/jakara-mitchell/Fap__1c31400144c5b4a8cb977202cfb8121c.mkv,/mnt/spirit-8tb/media/yes/models/jakara-mitchell/Fap__1c31400144c5b4a8cb977202cfb8121c.mp4,True,True,safe exact path migration,
/mnt/spirit-8tb/media/yes/models/jakara-mitchell/Fap__5e5eb028f60361971febc5850e5c000c.mp4.media-ingest.json,/mnt/spirit-8tb/media/yes/models/jakara-mitchell/Fap__5e5eb028f60361971febc5850e5c000c.mkv,/mnt/spirit-8tb/media/yes/models/jakara-mitchell/Fap__5e5eb028f60361971febc5850e5c000c.mp4,True,True,safe exact path migration,
/mnt/spirit-8tb/media/yes/models/jakara-mitchell/v.mp4.face-meta.json,/DATA/yes/models/jakara-mitchell/v.mkv.face-meta.json,/DATA/yes/models/jakara-mitchell/v.mp4.face-meta.json,True,True,safe exact path migration,
/mnt/spirit-8tb/media/yes/models/jakara-mitchell/v.mp4.face-meta.json,/DATA/yes/models/jakara-mitchell/v.mkv,/DATA/yes/models/jakara-mitchell/v.mp4,True,True,safe exact path migration,
/mnt/spirit-8tb/media/yes/models/jakara-mitchell/v.mp4.face-meta.json,/DATA/yes/models/jakara-mitchell/v.mkv,/DATA/yes/models/jakara-mitchell/v.mp4,True,True,safe exact path migration,
/mnt/spirit-8tb/media/yes/models/jakara-mitchell/v.mp4.face-meta.json,/DATA/yes/models/jakara-mitchell/v.mkv,/DATA/yes/models/jakara-mitchell/v.mp4,True,True,safe exact path migration,
/mnt/spirit-8tb/media/yes/models/jakara-mitchell/v.mp4.face-meta.json,/DATA/yes/v.mkv.face-meta.json,,False,False,blocked because MP4 replacement missing,mp4 missing
/mnt/spirit-8tb/media/yes/models/jakara-mitchell/v.mp4.face-meta.json,/DATA/yes/v.mkv.face-meta.json,,False,False,blocked because MP4 replacement missing,mp4 missing
/mnt/spirit-8tb/media/yes/models/jakara-mitchell/v.mp4.face-meta.json,/DATA/yes/v.mkv.face-meta.json,,False,False,blocked because MP4 replacement missing,mp4 missing
/mnt/spirit-8tb/media/yes/models/jakara-mitchell/v.mp4.face-meta.json,/DATA/yes/v.mkv,,False,False,blocked because MP4 replacement missing,mp4 missing
/mnt/spirit-8tb/media/yes/models/jakara-mitchell/v.mp4.face-meta.json,/DATA/yes/v.mkv,,False,False,blocked because MP4 replacement missing,mp4 missing
/mnt/spirit-8tb/media/yes/models/jakara-mitchell/v.mp4.face-meta.json,/DATA/yes/v.mkv,,False,False,blocked because MP4 replacement missing,mp4 missing
/mnt/spirit-8tb/media/yes/models/jakara-mitchell/v.mp4.face-meta.json,/DATA/yes/v.mkv,,False,False,blocked because MP4 replacement missing,mp4 missing
/mnt/spirit-8tb/media/yes/models/jakara-mitchell/v.mp4.face-meta.json,v.mkv,v.mp4,True,True,safe basename migration,
/mnt/spirit-8tb/media/yes/models/jakara-mitchell/v.mp4.media-ingest-skip.json,/mnt/spirit-8tb/media/yes/models/jakara-mitchell/v.mkv,/mnt/spirit-8tb/media/yes/models/jakara-mitchell/v.mp4,True,True,safe exact path migration,
/mnt/spirit-8tb/media/yes/models/jakara-mitchell/Fap__01cfdec15d25f9cd19397c0709e49162.mp4.media-ingest.json,/mnt/spirit-8tb/media/yes/models/jakara-mitchell/Fap__01cfdec15d25f9cd19397c0709e49162.mkv,/mnt/spirit-8tb/media/yes/models/jakara-mitchell/Fap__01cfdec15d25f9cd19397c0709e49162.mp4,True,True,safe exact path migration,
/mnt/spirit-8tb/media/yes/models/jakara-mitchell/Karamitch- gym bg.mp4.media-ingest.json,bg.mkv,,False,False,blocked because MP4 replacement missing,mp4 missing
/mnt/spirit-8tb/media/yes/models/jakara-mitchell/Karamitch- gym bg.mp4.media-ingest.json,bg.mkv,,False,False,blocked because MP4 replacement missing,mp4 missing
/mnt/spirit-8tb/media/yes/models/jakara-mitchell/Jakara Mitchell Sexy Ass Tease and JOI.mp4.media-ingest.json,JOI.mkv,,False,False,blocked because MP4 replacement missing,mp4 missing
/mnt/spirit-8tb/media/yes/models/jakara-mitchell/v 1.mp4.media-ingest-skip.json,1.mkv,,False,False,blocked because MP4 replacement missing,mp4 missing
/mnt/spirit-8tb/media/yes/models/jakara-mitchell/Jakara Mitchell Glasses Sex Tape Video Leaked - Fapptime.mp4.media-ingest.json,Fapptime.mkv,,False,False,blocked because MP4 replacement missing,mp4 missing
/mnt/spirit-8tb/media/yes/models/brenda-trindade/467345_720p.mp4.media-ingest.json,/mnt/spirit-8tb/media/yes/models/brenda-trindade/467345_720p.mkv,/mnt/spirit-8tb/media/yes/models/brenda-trindade/467345_720p.mp4,True,True,safe exact path migration,
/mnt/spirit-8tb/media/yes/models/amburne/141711.mp4.media-ingest.json,/mnt/spirit-8tb/media/yes/models/amburne/141711.mkv,/mnt/spirit-8tb/media/yes/models/amburne/141711.mp4,True,True,safe exact path migration,
/mnt/spirit-8tb/media/yes/models/sendnudes/169870_1080p.mp4.media-ingest.json,/mnt/spirit-8tb/media/yes/models/sendnudes/169870_1080p.mkv,/mnt/spirit-8tb/media/yes/models/sendnudes/169870_1080p.mp4,True,True,safe exact path migration,
/mnt/spirit-8tb/media/yes/models/jazmen-jafar/✨@ofxmega on [TELEGRAM] (295).mp4.media-ingest-skip.json,(295).mkv,,False,False,blocked because MP4 replacement missing,mp4 missing
/mnt/spirit-8tb/media/yes/models/jazmen-jafar/✨@ofxmega on [TELEGRAM] (279).mp4.media-ingest-skip.json,(279).mkv,,False,False,blocked because MP4 replacement missing,mp4 missing
/mnt/spirit-8tb/media/yes/models/jazmen-jafar/✨@ofxmega on [TELEGRAM] (299).mp4.face-meta.json,(299).mkv.face-meta.json,,False,False,blocked because MP4 replacement missing,mp4 missing
/mnt/spirit-8tb/media/yes/models/jazmen-jafar/✨@ofxmega on [TELEGRAM] (299).mp4.face-meta.json,(299).mkv.face-meta.json,,False,False,blocked because MP4 replacement missing,mp4 missing
/mnt/spirit-8tb/media/yes/models/jazmen-jafar/✨@ofxmega on [TELEGRAM] (299).mp4.face-meta.json,(299).mkv.face-meta.json,,False,False,blocked because MP4 replacement missing,mp4 missing
/mnt/spirit-8tb/media/yes/models/jazmen-jafar/✨@ofxmega on [TELEGRAM] (299).mp4.face-meta.json,(299).mkv.face-meta.json,,False,False,blocked because MP4 replacement missing,mp4 missing
/mnt/spirit-8tb/media/yes/models/jazmen-jafar/✨@ofxmega on [TELEGRAM] (299).mp4.face-meta.json,(299).mkv,,False,False,blocked because MP4 replacement missing,mp4 missing
/mnt/spirit-8tb/media/yes/models/jazmen-jafar/✨@ofxmega on [TELEGRAM] (299).mp4.face-meta.json,(299).mkv,,False,False,blocked because MP4 replacement missing,mp4 missing
/mnt/spirit-8tb/media/yes/models/jazmen-jafar/✨@ofxmega on [TELEGRAM] (299).mp4.face-meta.json,(299).mkv,,False,False,blocked because MP4 replacement missing,mp4 missing
/mnt/spirit-8tb/media/yes/models/jazmen-jafar/✨@ofxmega on [TELEGRAM] (299).mp4.face-meta.json,(299).mkv,,False,False,blocked because MP4 replacement missing,mp4 missing
/mnt/spirit-8tb/media/yes/models/jazmen-jafar/✨@ofxmega on [TELEGRAM] (299).mp4.face-meta.json,(299).mkv,,False,False,blocked because MP4 replacement missing,mp4 missing
/mnt/spirit-8tb/media/yes/models/jazmen-jafar/✨@ofxmega on [TELEGRAM] (299).mp4.face-meta.json,(299).mkv,,False,False,blocked because MP4 replacement missing,mp4 missing
/mnt/spirit-8tb/media/yes/models/jazmen-jafar/✨@ofxmega on [TELEGRAM] (299).mp4.face-meta.json,(299).mkv,,False,False,blocked because MP4 replacement missing,mp4 missing
/mnt/spirit-8tb/media/yes/models/jazmen-jafar/✨@ofxmega on [TELEGRAM] (299).mp4.face-meta.json,(299).mkv,,False,False,blocked because MP4 replacement missing,mp4 missing
/mnt/spirit-8tb/media/yes/models/jazmen-jafar/✨@ofxmega on [TELEGRAM] (278).mp4.face-meta.json,(278).mkv.face-meta.json,,False,False,blocked because MP4 replacement missing,mp4 missing
/mnt/spirit-8tb/media/yes/models/jazmen-jafar/✨@ofxmega on [TELEGRAM] (278).mp4.face-meta.json,(278).mkv.face-meta.json,,False,False,blocked because MP4 replacement missing,mp4 missing
/mnt/spirit-8tb/media/yes/models/jazmen-jafar/✨@ofxmega on [TELEGRAM] (278).mp4.face-meta.json,(278).mkv.face-meta.json,,False,False,blocked because MP4 replacement missing,mp4 missing
/mnt/spirit-8tb/media/yes/models/jazmen-jafar/✨@ofxmega on [TELEGRAM] (278).mp4.face-meta.json,(278).mkv.face-meta.json,,False,False,blocked because MP4 replacement missing,mp4 missing
/mnt/spirit-8tb/media/yes/models/jazmen-jafar/✨@ofxmega on [TELEGRAM] (278).mp4.face-meta.json,(278).mkv,,False,False,blocked because MP4 replacement missing,mp4 missing
/mnt/spirit-8tb/media/yes/models/jazmen-jafar/✨@ofxmega on [TELEGRAM] (278).mp4.face-meta.json,(278).mkv,,False,False,blocked because MP4 replacement missing,mp4 missing
/mnt/spirit-8tb/media/yes/models/jazmen-jafar/✨@ofxmega on [TELEGRAM] (278).mp4.face-meta.json,(278).mkv,,False,False,blocked because MP4 replacement missing,mp4 missing
/mnt/spirit-8tb/media/yes/models/jazmen-jafar/✨@ofxmega on [TELEGRAM] (278).mp4.face-meta.json,(278).mkv,,False,False,blocked because MP4 replacement missing,mp4 missing
/mnt/spirit-8tb/media/yes/models/jazmen-jafar/✨@ofxmega on [TELEGRAM] (278).mp4.face-meta.json,(278).mkv,,False,False,blocked because MP4 replacement missing,mp4 missing
/mnt/spirit-8tb/media/yes/models/jazmen-jafar/✨@ofxmega on [TELEGRAM] (278).mp4.face-meta.json,(278).mkv,,False,False,blocked because MP4 replacement missing,mp4 missing
/mnt/spirit-8tb/media/yes/models/jazmen-jafar/✨@ofxmega on [TELEGRAM] (278).mp4.face-meta.json,(278).mkv,,False,False,blocked because MP4 replacement missing,mp4 missing
/mnt/spirit-8tb/media/yes/models/jazmen-jafar/✨@ofxmega on [TELEGRAM] (278).mp4.face-meta.json,(278).mkv,,False,False,blocked because MP4 replacement missing,mp4 missing
/mnt/spirit-8tb/media/yes/models/jazmen-jafar/✨@ofxmega on [TELEGRAM] (295).mp4.face-meta.json,(295).mkv.face-meta.json,,False,False,blocked because MP4 replacement missing,mp4 missing
/mnt/spirit-8tb/media/yes/models/jazmen-jafar/✨@ofxmega on [TELEGRAM] (295).mp4.face-meta.json,(295).mkv.face-meta.json,,False,False,blocked because MP4 replacement missing,mp4 missing
/mnt/spirit-8tb/media/yes/models/jazmen-jafar/✨@ofxmega on [TELEGRAM] (295).mp4.face-meta.json,(295).mkv.face-meta.json,,False,False,blocked because MP4 replacement missing,mp4 missing
/mnt/spirit-8tb/media/yes/models/jazmen-jafar/✨@ofxmega on [TELEGRAM] (295).mp4.face-meta.json,(295).mkv.face-meta.json,,False,False,blocked because MP4 replacement missing,mp4 missing
/mnt/spirit-8tb/media/yes/models/jazmen-jafar/✨@ofxmega on [TELEGRAM] (295).mp4.face-meta.json,(295).mkv,,False,False,blocked because MP4 replacement missing,mp4 missing
/mnt/spirit-8tb/media/yes/models/jazmen-jafar/✨@ofxmega on [TELEGRAM] (295).mp4.face-meta.json,(295).mkv,,False,False,blocked because MP4 replacement missing,mp4 missing
/mnt/spirit-8tb/media/yes/models/jazmen-jafar/✨@ofxmega on [TELEGRAM] (295).mp4.face-meta.json,(295).mkv,,False,False,blocked because MP4 replacement missing,mp4 missing
/mnt/spirit-8tb/media/yes/models/jazmen-jafar/✨@ofxmega on [TELEGRAM] (295).mp4.face-meta.json,(295).mkv,,False,False,blocked because MP4 replacement missing,mp4 missing
/mnt/spirit-8tb/media/yes/models/jazmen-jafar/✨@ofxmega on [TELEGRAM] (295).mp4.face-meta.json,(295).mkv,,False,False,blocked because MP4 replacement missing,mp4 missing
/mnt/spirit-8tb/media/yes/models/jazmen-jafar/✨@ofxmega on [TELEGRAM] (295).mp4.face-meta.json,(295).mkv,,False,False,blocked because MP4 replacement missing,mp4 missing
/mnt/spirit-8tb/media/yes/models/jazmen-jafar/✨@ofxmega on [TELEGRAM] (295).mp4.face-meta.json,(295).mkv,,False,False,blocked because MP4 replacement missing,mp4 missing
/mnt/spirit-8tb/media/yes/models/jazmen-jafar/✨@ofxmega on [TELEGRAM] (295).mp4.face-meta.json,(295).mkv,,False,False,blocked because MP4 replacement missing,mp4 missing
/mnt/spirit-8tb/media/yes/models/jazmen-jafar/✨@ofxmega on [TELEGRAM] (299).mp4.media-ingest-skip.json,(299).mkv,,False,False,blocked because MP4 replacement missing,mp4 missing
/mnt/spirit-8tb/media/yes/models/jazmen-jafar/✨@ofxmega on [TELEGRAM] (288).mp4.face-meta.json,(288).mkv.face-meta.json,,False,False,blocked because MP4 replacement missing,mp4 missing
/mnt/spirit-8tb/media/yes/models/jazmen-jafar/✨@ofxmega on [TELEGRAM] (288).mp4.face-meta.json,(288).mkv.face-meta.json,,False,False,blocked because MP4 replacement missing,mp4 missing
/mnt/spirit-8tb/media/yes/models/jazmen-jafar/✨@ofxmega on [TELEGRAM] (288).mp4.face-meta.json,(288).mkv.face-meta.json,,False,False,blocked because MP4 replacement missing,mp4 missing
/mnt/spirit-8tb/media/yes/models/jazmen-jafar/✨@ofxmega on [TELEGRAM] (288).mp4.face-meta.json,(288).mkv.face-meta.json,,False,False,blocked because MP4 replacement missing,mp4 missing
/mnt/spirit-8tb/media/yes/models/jazmen-jafar/✨@ofxmega on [TELEGRAM] (288).mp4.face-meta.json,(288).mkv,,False,False,blocked because MP4 replacement missing,mp4 missing
/mnt/spirit-8tb/media/yes/models/jazmen-jafar/✨@ofxmega on [TELEGRAM] (288).mp4.face-meta.json,(288).mkv,,False,False,blocked because MP4 replacement missing,mp4 missing
/mnt/spirit-8tb/media/yes/models/jazmen-jafar/✨@ofxmega on [TELEGRAM] (288).mp4.face-meta.json,(288).mkv,,False,False,blocked because MP4 replacement missing,mp4 missing
/mnt/spirit-8tb/media/yes/models/jazmen-jafar/✨@ofxmega on [TELEGRAM] (288).mp4.face-meta.json,(288).mkv,,False,False,blocked because MP4 replacement missing,mp4 missing
/mnt/spirit-8tb/media/yes/models/jazmen-jafar/✨@ofxmega on [TELEGRAM] (288).mp4.face-meta.json,(288).mkv,,False,False,blocked because MP4 replacement missing,mp4 missing
/mnt/spirit-8tb/media/yes/models/jazmen-jafar/✨@ofxmega on [TELEGRAM] (288).mp4.face-meta.json,(288).mkv,,False,False,blocked because MP4 replacement missing,mp4 missing
/mnt/spirit-8tb/media/yes/models/jazmen-jafar/✨@ofxmega on [TELEGRAM] (288).mp4.face-meta.json,(288).mkv,,False,False,blocked because MP4 replacement missing,mp4 missing
/mnt/spirit-8tb/media/yes/models/jazmen-jafar/✨@ofxmega on [TELEGRAM] (288).mp4.face-meta.json,(288).mkv,,False,False,blocked because MP4 replacement missing,mp4 missing
/mnt/spirit-8tb/media/yes/models/jazmen-jafar/✨@ofxmega on [TELEGRAM] (286).mp4.face-meta.json,(286).mkv.face-meta.json,,False,False,blocked because MP4 replacement missing,mp4 missing
/mnt/spirit-8tb/media/yes/models/jazmen-jafar/✨@ofxmega on [TELEGRAM] (286).mp4.face-meta.json,(286).mkv.face-meta.json,,False,False,blocked because MP4 replacement missing,mp4 missing
/mnt/spirit-8tb/media/yes/models/jazmen-jafar/✨@ofxmega on [TELEGRAM] (286).mp4.face-meta.json,(286).mkv.face-meta.json,,False,False,blocked because MP4 replacement missing,mp4 missing
/mnt/spirit-8tb/media/yes/models/jazmen-jafar/✨@ofxmega on [TELEGRAM] (286).mp4.face-meta.json,(286).mkv.face-meta.json,,False,False,blocked because MP4 replacement missing,mp4 missing
/mnt/spirit-8tb/media/yes/models/jazmen-jafar/✨@ofxmega on [TELEGRAM] (286).mp4.face-meta.json,(286).mkv,,False,False,blocked because MP4 replacement missing,mp4 missing
/mnt/spirit-8tb/media/yes/models/jazmen-jafar/✨@ofxmega on [TELEGRAM] (286).mp4.face-meta.json,(286).mkv,,False,False,blocked because MP4 replacement missing,mp4 missing
/mnt/spirit-8tb/media/yes/models/jazmen-jafar/✨@ofxmega on [TELEGRAM] (286).mp4.face-meta.json,(286).mkv,,False,False,blocked because MP4 replacement missing,mp4 missing
/mnt/spirit-8tb/media/yes/models/jazmen-jafar/✨@ofxmega on [TELEGRAM] (286).mp4.face-meta.json,(286).mkv,,False,False,blocked because MP4 replacement missing,mp4 missing
/mnt/spirit-8tb/media/yes/models/jazmen-jafar/✨@ofxmega on [TELEGRAM] (286).mp4.face-meta.json,(286).mkv,,False,False,blocked because MP4 replacement missing,mp4 missing
/mnt/spirit-8tb/media/yes/models/jazmen-jafar/✨@ofxmega on [TELEGRAM] (286).mp4.face-meta.json,(286).mkv,,False,False,blocked because MP4 replacement missing,mp4 missing
/mnt/spirit-8tb/media/yes/models/jazmen-jafar/✨@ofxmega on [TELEGRAM] (286).mp4.face-meta.json,(286).mkv,,False,False,blocked because MP4 replacement missing,mp4 missing
/mnt/spirit-8tb/media/yes/models/jazmen-jafar/✨@ofxmega on [TELEGRAM] (286).mp4.face-meta.json,(286).mkv,,False,False,blocked because MP4 replacement missing,mp4 missing
/mnt/spirit-8tb/media/yes/models/jazmen-jafar/107774.mp4.media-ingest.json,/mnt/spirit-8tb/media/yes/models/jazmen-jafar/107774.mkv,/mnt/spirit-8tb/media/yes/models/jazmen-jafar/107774.mp4,True,True,safe exact path migration,
/mnt/spirit-8tb/media/yes/models/jazmen-jafar/✨@ofxmega on [TELEGRAM] (274).mp4.media-ingest-skip.json,(274).mkv,,False,False,blocked because MP4 replacement missing,mp4 missing
/mnt/spirit-8tb/media/yes/models/jazmen-jafar/✨@ofxmega on [TELEGRAM] (276).mp4.face-meta.json,(276).mkv.face-meta.json,,False,False,blocked because MP4 replacement missing,mp4 missing
/mnt/spirit-8tb/media/yes/models/jazmen-jafar/✨@ofxmega on [TELEGRAM] (276).mp4.face-meta.json,(276).mkv.face-meta.json,,False,False,blocked because MP4 replacement missing,mp4 missing
/mnt/spirit-8tb/media/yes/models/jazmen-jafar/✨@ofxmega on [TELEGRAM] (276).mp4.face-meta.json,(276).mkv.face-meta.json,,False,False,blocked because MP4 replacement missing,mp4 missing
/mnt/spirit-8tb/media/yes/models/jazmen-jafar/✨@ofxmega on [TELEGRAM] (276).mp4.face-meta.json,(276).mkv.face-meta.json,,False,False,blocked because MP4 replacement missing,mp4 missing
/mnt/spirit-8tb/media/yes/models/jazmen-jafar/✨@ofxmega on [TELEGRAM] (276).mp4.face-meta.json,(276).mkv,,False,False,blocked because MP4 replacement missing,mp4 missing
/mnt/spirit-8tb/media/yes/models/jazmen-jafar/✨@ofxmega on [TELEGRAM] (276).mp4.face-meta.json,(276).mkv,,False,False,blocked because MP4 replacement missing,mp4 missing
/mnt/spirit-8tb/media/yes/models/jazmen-jafar/✨@ofxmega on [TELEGRAM] (276).mp4.face-meta.json,(276).mkv,,False,False,blocked because MP4 replacement missing,mp4 missing
/mnt/spirit-8tb/media/yes/models/jazmen-jafar/✨@ofxmega on [TELEGRAM] (276).mp4.face-meta.json,(276).mkv,,False,False,blocked because MP4 replacement missing,mp4 missing
/mnt/spirit-8tb/media/yes/models/jazmen-jafar/✨@ofxmega on [TELEGRAM] (276).mp4.face-meta.json,(276).mkv,,False,False,blocked because MP4 replacement missing,mp4 missing
/mnt/spirit-8tb/media/yes/models/jazmen-jafar/✨@ofxmega on [TELEGRAM] (276).mp4.face-meta.json,(276).mkv,,False,False,blocked because MP4 replacement missing,mp4 missing
/mnt/spirit-8tb/media/yes/models/jazmen-jafar/✨@ofxmega on [TELEGRAM] (276).mp4.face-meta.json,(276).mkv,,False,False,blocked because MP4 replacement missing,mp4 missing
/mnt/spirit-8tb/media/yes/models/jazmen-jafar/✨@ofxmega on [TELEGRAM] (276).mp4.face-meta.json,(276).mkv,,False,False,blocked because MP4 replacement missing,mp4 missing
/mnt/spirit-8tb/media/yes/models/jazmen-jafar/✨@ofxmega on [TELEGRAM] (286).mp4.media-ingest-skip.json,(286).mkv,,False,False,blocked because MP4 replacement missing,mp4 missing
/mnt/spirit-8tb/media/yes/models/jazmen-jafar/✨@ofxmega on [TELEGRAM] (279).mp4.face-meta.json,(279).mkv.face-meta.json,,False,False,blocked because MP4 replacement missing,mp4 missing
/mnt/spirit-8tb/media/yes/models/jazmen-jafar/✨@ofxmega on [TELEGRAM] (279).mp4.face-meta.json,(279).mkv.face-meta.json,,False,False,blocked because MP4 replacement missing,mp4 missing
/mnt/spirit-8tb/media/yes/models/jazmen-jafar/✨@ofxmega on [TELEGRAM] (279).mp4.face-meta.json,(279).mkv.face-meta.json,,False,False,blocked because MP4 replacement missing,mp4 missing
/mnt/spirit-8tb/media/yes/models/jazmen-jafar/✨@ofxmega on [TELEGRAM] (279).mp4.face-meta.json,(279).mkv.face-meta.json,,False,False,blocked because MP4 replacement missing,mp4 missing
/mnt/spirit-8tb/media/yes/models/jazmen-jafar/✨@ofxmega on [TELEGRAM] (279).mp4.face-meta.json,(279).mkv,,False,False,blocked because MP4 replacement missing,mp4 missing
/mnt/spirit-8tb/media/yes/models/jazmen-jafar/✨@ofxmega on [TELEGRAM] (279).mp4.face-meta.json,(279).mkv,,False,False,blocked because MP4 replacement missing,mp4 missing
/mnt/spirit-8tb/media/yes/models/jazmen-jafar/✨@ofxmega on [TELEGRAM] (279).mp4.face-meta.json,(279).mkv,,False,False,blocked because MP4 replacement missing,mp4 missing
/mnt/spirit-8tb/media/yes/models/jazmen-jafar/✨@ofxmega on [TELEGRAM] (279).mp4.face-meta.json,(279).mkv,,False,False,blocked because MP4 replacement missing,mp4 missing
/mnt/spirit-8tb/media/yes/models/jazmen-jafar/✨@ofxmega on [TELEGRAM] (279).mp4.face-meta.json,(279).mkv,,False,False,blocked because MP4 replacement missing,mp4 missing
/mnt/spirit-8tb/media/yes/models/jazmen-jafar/✨@ofxmega on [TELEGRAM] (279).mp4.face-meta.json,(279).mkv,,False,False,blocked because MP4 replacement missing,mp4 missing
/mnt/spirit-8tb/media/yes/models/jazmen-jafar/✨@ofxmega on [TELEGRAM] (279).mp4.face-meta.json,(279).mkv,,False,False,blocked because MP4 replacement missing,mp4 missing
/mnt/spirit-8tb/media/yes/models/jazmen-jafar/✨@ofxmega on [TELEGRAM] (279).mp4.face-meta.json,(279).mkv,,False,False,blocked because MP4 replacement missing,mp4 missing
/mnt/spirit-8tb/media/yes/models/jazmen-jafar/✨@ofxmega on [TELEGRAM] (278).mp4.media-ingest-skip.json,(278).mkv,,False,False,blocked because MP4 replacement missing,mp4 missing
/mnt/spirit-8tb/media/yes/models/jazmen-jafar/83397.mp4.media-ingest.json,/mnt/spirit-8tb/media/yes/models/jazmen-jafar/83397.mkv,/mnt/spirit-8tb/media/yes/models/jazmen-jafar/83397.mp4,True,True,safe exact path migration,
/mnt/spirit-8tb/media/yes/models/jazmen-jafar/484359_720p.mp4.media-ingest.json,/mnt/spirit-8tb/media/yes/models/jazmen-jafar/484359_720p.mkv,/mnt/spirit-8tb/media/yes/models/jazmen-jafar/484359_720p.mp4,True,True,safe exact path migration,
/mnt/spirit-8tb/media/yes/models/jazmen-jafar/449071_720p.mp4.media-ingest.json,/mnt/spirit-8tb/media/yes/models/jazmen-jafar/449071_720p.mkv,/mnt/spirit-8tb/media/yes/models/jazmen-jafar/449071_720p.mp4,True,True,safe exact path migration,
/mnt/spirit-8tb/media/yes/models/jazmen-jafar/✨@ofxmega on [TELEGRAM] (274).mp4.face-meta.json,(274).mkv.face-meta.json,,False,False,blocked because MP4 replacement missing,mp4 missing
/mnt/spirit-8tb/media/yes/models/jazmen-jafar/✨@ofxmega on [TELEGRAM] (274).mp4.face-meta.json,(274).mkv.face-meta.json,,False,False,blocked because MP4 replacement missing,mp4 missing
/mnt/spirit-8tb/media/yes/models/jazmen-jafar/✨@ofxmega on [TELEGRAM] (274).mp4.face-meta.json,(274).mkv.face-meta.json,,False,False,blocked because MP4 replacement missing,mp4 missing
/mnt/spirit-8tb/media/yes/models/jazmen-jafar/✨@ofxmega on [TELEGRAM] (274).mp4.face-meta.json,(274).mkv.face-meta.json,,False,False,blocked because MP4 replacement missing,mp4 missing
/mnt/spirit-8tb/media/yes/models/jazmen-jafar/✨@ofxmega on [TELEGRAM] (274).mp4.face-meta.json,(274).mkv,,False,False,blocked because MP4 replacement missing,mp4 missing
/mnt/spirit-8tb/media/yes/models/jazmen-jafar/✨@ofxmega on [TELEGRAM] (274).mp4.face-meta.json,(274).mkv,,False,False,blocked because MP4 replacement missing,mp4 missing
/mnt/spirit-8tb/media/yes/models/jazmen-jafar/✨@ofxmega on [TELEGRAM] (274).mp4.face-meta.json,(274).mkv,,False,False,blocked because MP4 replacement missing,mp4 missing
/mnt/spirit-8tb/media/yes/models/jazmen-jafar/✨@ofxmega on [TELEGRAM] (274).mp4.face-meta.json,(274).mkv,,False,False,blocked because MP4 replacement missing,mp4 missing
/mnt/spirit-8tb/media/yes/models/jazmen-jafar/✨@ofxmega on [TELEGRAM] (274).mp4.face-meta.json,(274).mkv,,False,False,blocked because MP4 replacement missing,mp4 missing
/mnt/spirit-8tb/media/yes/models/jazmen-jafar/✨@ofxmega on [TELEGRAM] (274).mp4.face-meta.json,(274).mkv,,False,False,blocked because MP4 replacement missing,mp4 missing
/mnt/spirit-8tb/media/yes/models/jazmen-jafar/✨@ofxmega on [TELEGRAM] (274).mp4.face-meta.json,(274).mkv,,False,False,blocked because MP4 replacement missing,mp4 missing
/mnt/spirit-8tb/media/yes/models/jazmen-jafar/✨@ofxmega on [TELEGRAM] (274).mp4.face-meta.json,(274).mkv,,False,False,blocked because MP4 replacement missing,mp4 missing
/mnt/spirit-8tb/media/yes/models/jazmen-jafar/jazmen-jafar-hard-fuck-and-facial.mp4.media-ingest.json,/mnt/spirit-8tb/media/yes/models/jazmen-jafar/jazmen-jafar-hard-fuck-and-facial.mkv,/mnt/spirit-8tb/media/yes/models/jazmen-jafar/jazmen-jafar-hard-fuck-and-facial.mp4,True,True,safe exact path migration,
/mnt/spirit-8tb/media/yes/models/jazmen-jafar/✨@ofxmega on [TELEGRAM] (276).mp4.media-ingest-skip.json,(276).mkv,,False,False,blocked because MP4 replacement missing,mp4 missing
/mnt/spirit-8tb/media/yes/models/jazmen-jafar/✨@ofxmega on [TELEGRAM] (288).mp4.media-ingest-skip.json,(288).mkv,,False,False,blocked because MP4 replacement missing,mp4 missing
/mnt/spirit-8tb/media/yes/models/whoahannahjo/n6utt4v0th~oBjJ4OdyPb.mp4.face-meta.json,/DATA/yes/models/whoahannahjo/n6utt4v0th~oBjJ4OdyPb.mkv.face-meta.json,/DATA/yes/models/whoahannahjo/n6utt4v0th~oBjJ4OdyPb.mp4.face-meta.json,True,True,safe exact path migration,
/mnt/spirit-8tb/media/yes/models/whoahannahjo/n6utt4v0th~oBjJ4OdyPb.mp4.face-meta.json,/DATA/yes/models/whoahannahjo/n6utt4v0th~oBjJ4OdyPb.mkv,/DATA/yes/models/whoahannahjo/n6utt4v0th~oBjJ4OdyPb.mp4,True,True,safe exact path migration,
/mnt/spirit-8tb/media/yes/models/whoahannahjo/n6utt4v0th~oBjJ4OdyPb.mp4.face-meta.json,/DATA/yes/models/whoahannahjo/n6utt4v0th~oBjJ4OdyPb.mkv,/DATA/yes/models/whoahannahjo/n6utt4v0th~oBjJ4OdyPb.mp4,True,True,safe exact path migration,
/mnt/spirit-8tb/media/yes/models/whoahannahjo/n6utt4v0th~oBjJ4OdyPb.mp4.face-meta.json,/DATA/yes/models/whoahannahjo/n6utt4v0th~oBjJ4OdyPb.mkv,/DATA/yes/models/whoahannahjo/n6utt4v0th~oBjJ4OdyPb.mp4,True,True,safe exact path migration,
/mnt/spirit-8tb/media/yes/models/whoahannahjo/n6utt4v0th~oBjJ4OdyPb.mp4.face-meta.json,/DATA/yes/n6utt4v0th~oBjJ4OdyPb.mkv.face-meta.json,,False,False,blocked because MP4 replacement missing,mp4 missing
/mnt/spirit-8tb/media/yes/models/whoahannahjo/n6utt4v0th~oBjJ4OdyPb.mp4.face-meta.json,/DATA/yes/n6utt4v0th~oBjJ4OdyPb.mkv.face-meta.json,,False,False,blocked because MP4 replacement missing,mp4 missing
/mnt/spirit-8tb/media/yes/models/whoahannahjo/n6utt4v0th~oBjJ4OdyPb.mp4.face-meta.json,/DATA/yes/n6utt4v0th~oBjJ4OdyPb.mkv.face-meta.json,,False,False,blocked because MP4 replacement missing,mp4 missing
/mnt/spirit-8tb/media/yes/models/whoahannahjo/n6utt4v0th~oBjJ4OdyPb.mp4.face-meta.json,/DATA/yes/n6utt4v0th~oBjJ4OdyPb.mkv,,False,False,blocked because MP4 replacement missing,mp4 missing
/mnt/spirit-8tb/media/yes/models/whoahannahjo/n6utt4v0th~oBjJ4OdyPb.mp4.face-meta.json,/DATA/yes/n6utt4v0th~oBjJ4OdyPb.mkv,,False,False,blocked because MP4 replacement missing,mp4 missing
/mnt/spirit-8tb/media/yes/models/whoahannahjo/n6utt4v0th~oBjJ4OdyPb.mp4.face-meta.json,/DATA/yes/n6utt4v0th~oBjJ4OdyPb.mkv,,False,False,blocked because MP4 replacement missing,mp4 missing
/mnt/spirit-8tb/media/yes/models/whoahannahjo/n6utt4v0th~oBjJ4OdyPb.mp4.face-meta.json,/DATA/yes/n6utt4v0th~oBjJ4OdyPb.mkv,,False,False,blocked because MP4 replacement missing,mp4 missing
/mnt/spirit-8tb/media/yes/models/whoahannahjo/n6utt4v0th~oBjJ4OdyPb.mp4.face-meta.json,n6utt4v0th~oBjJ4OdyPb.mkv,n6utt4v0th~oBjJ4OdyPb.mp4,True,True,safe basename migration,
/mnt/spirit-8tb/media/yes/models/whoahannahjo/v 4.mp4.media-ingest-skip.json,4.mkv,,False,False,blocked because MP4 replacement missing,mp4 missing
/mnt/spirit-8tb/media/yes/models/whoahannahjo/HkxQxzewMkuQzwkQneee.mp4.media-ingest.json,/mnt/spirit-8tb/media/yes/models/whoahannahjo/HkxQxzewMkuQzwkQneee.mkv,/mnt/spirit-8tb/media/yes/models/whoahannahjo/HkxQxzewMkuQzwkQneee.mp4,True,True,safe exact path migration,
/mnt/spirit-8tb/media/yes/models/whoahannahjo/v 3.mp4.face-meta.json,3.mkv.face-meta.json,,False,False,blocked because MP4 replacement missing,mp4 missing
/mnt/spirit-8tb/media/yes/models/whoahannahjo/v 3.mp4.face-meta.json,3.mkv.face-meta.json,,False,False,blocked because MP4 replacement missing,mp4 missing
/mnt/spirit-8tb/media/yes/models/whoahannahjo/v 3.mp4.face-meta.json,3.mkv.face-meta.json,,False,False,blocked because MP4 replacement missing,mp4 missing
/mnt/spirit-8tb/media/yes/models/whoahannahjo/v 3.mp4.face-meta.json,3.mkv.face-meta.json,,False,False,blocked because MP4 replacement missing,mp4 missing
/mnt/spirit-8tb/media/yes/models/whoahannahjo/v 3.mp4.face-meta.json,3.mkv,,False,False,blocked because MP4 replacement missing,mp4 missing
/mnt/spirit-8tb/media/yes/models/whoahannahjo/v 3.mp4.face-meta.json,3.mkv,,False,False,blocked because MP4 replacement missing,mp4 missing
/mnt/spirit-8tb/media/yes/models/whoahannahjo/v 3.mp4.face-meta.json,3.mkv,,False,False,blocked because MP4 replacement missing,mp4 missing
/mnt/spirit-8tb/media/yes/models/whoahannahjo/v 3.mp4.face-meta.json,3.mkv,,False,False,blocked because MP4 replacement missing,mp4 missing
/mnt/spirit-8tb/media/yes/models/whoahannahjo/v 3.mp4.face-meta.json,3.mkv,,False,False,blocked because MP4 replacement missing,mp4 missing
/mnt/spirit-8tb/media/yes/models/whoahannahjo/v 3.mp4.face-meta.json,3.mkv,,False,False,blocked because MP4 replacement missing,mp4 missing
/mnt/spirit-8tb/media/yes/models/whoahannahjo/v 3.mp4.face-meta.json,3.mkv,,False,False,blocked because MP4 replacement missing,mp4 missing
/mnt/spirit-8tb/media/yes/models/whoahannahjo/v 3.mp4.face-meta.json,3.mkv,,False,False,blocked because MP4 replacement missing,mp4 missing
/mnt/spirit-8tb/media/yes/models/whoahannahjo/43619.mp4.media-ingest.json,/mnt/spirit-8tb/media/yes/models/whoahannahjo/43619.mkv,/mnt/spirit-8tb/media/yes/models/whoahannahjo/43619.mp4,True,True,safe exact path migration,
/mnt/spirit-8tb/media/yes/models/whoahannahjo/v 3.mp4.media-ingest-skip.json,3.mkv,,False,False,blocked because MP4 replacement missing,mp4 missing
/mnt/spirit-8tb/media/yes/models/whoahannahjo/n6utt4v0th~oBjJ4OdyPb.mp4.media-ingest-skip.json,/mnt/spirit-8tb/media/yes/models/whoahannahjo/n6utt4v0th~oBjJ4OdyPb.mkv,/mnt/spirit-8tb/media/yes/models/whoahannahjo/n6utt4v0th~oBjJ4OdyPb.mp4,True,True,safe exact path migration,
/mnt/spirit-8tb/media/yes/models/whoahannahjo/v 4.mp4.face-meta.json,4.mkv.face-meta.json,,False,False,blocked because MP4 replacement missing,mp4 missing
/mnt/spirit-8tb/media/yes/models/whoahannahjo/v 4.mp4.face-meta.json,4.mkv.face-meta.json,,False,False,blocked because MP4 replacement missing,mp4 missing
/mnt/spirit-8tb/media/yes/models/whoahannahjo/v 4.mp4.face-meta.json,4.mkv.face-meta.json,,False,False,blocked because MP4 replacement missing,mp4 missing
/mnt/spirit-8tb/media/yes/models/whoahannahjo/v 4.mp4.face-meta.json,4.mkv.face-meta.json,,False,False,blocked because MP4 replacement missing,mp4 missing
/mnt/spirit-8tb/media/yes/models/whoahannahjo/v 4.mp4.face-meta.json,4.mkv,,False,False,blocked because MP4 replacement missing,mp4 missing
/mnt/spirit-8tb/media/yes/models/whoahannahjo/v 4.mp4.face-meta.json,4.mkv,,False,False,blocked because MP4 replacement missing,mp4 missing
/mnt/spirit-8tb/media/yes/models/whoahannahjo/v 4.mp4.face-meta.json,4.mkv,,False,False,blocked because MP4 replacement missing,mp4 missing
/mnt/spirit-8tb/media/yes/models/whoahannahjo/v 4.mp4.face-meta.json,4.mkv,,False,False,blocked because MP4 replacement missing,mp4 missing
/mnt/spirit-8tb/media/yes/models/whoahannahjo/v 4.mp4.face-meta.json,4.mkv,,False,False,blocked because MP4 replacement missing,mp4 missing
/mnt/spirit-8tb/media/yes/models/whoahannahjo/v 4.mp4.face-meta.json,4.mkv,,False,False,blocked because MP4 replacement missing,mp4 missing
/mnt/spirit-8tb/media/yes/models/whoahannahjo/v 4.mp4.face-meta.json,4.mkv,,False,False,blocked because MP4 replacement missing,mp4 missing
/mnt/spirit-8tb/media/yes/models/whoahannahjo/v 4.mp4.face-meta.json,4.mkv,,False,False,blocked because MP4 replacement missing,mp4 missing
/mnt/spirit-8tb/media/yes/models/angela-white/556530_720p.mp4.face-meta.json,/DATA/yes/models/angela-white/556530_720p.mkv.face-meta.json,/DATA/yes/models/angela-white/556530_720p.mp4.face-meta.json,True,True,safe exact path migration,
/mnt/spirit-8tb/media/yes/models/angela-white/556530_720p.mp4.face-meta.json,/DATA/yes/models/angela-white/556530_720p.mkv,/DATA/yes/models/angela-white/556530_720p.mp4,True,True,safe exact path migration,
/mnt/spirit-8tb/media/yes/models/angela-white/556530_720p.mp4.face-meta.json,/DATA/yes/models/angela-white/556530_720p.mkv,/DATA/yes/models/angela-white/556530_720p.mp4,True,True,safe exact path migration,
/mnt/spirit-8tb/media/yes/models/angela-white/556530_720p.mp4.face-meta.json,/DATA/yes/models/angela-white/556530_720p.mkv,/DATA/yes/models/angela-white/556530_720p.mp4,True,True,safe exact path migration,
/mnt/spirit-8tb/media/yes/models/angela-white/556530_720p.mp4.face-meta.json,/DATA/yes/556530_720p.mkv.face-meta.json,,False,False,blocked because MP4 replacement missing,mp4 missing
/mnt/spirit-8tb/media/yes/models/angela-white/556530_720p.mp4.face-meta.json,/DATA/yes/556530_720p.mkv.face-meta.json,,False,False,blocked because MP4 replacement missing,mp4 missing
/mnt/spirit-8tb/media/yes/models/angela-white/556530_720p.mp4.face-meta.json,/DATA/yes/556530_720p.mkv.face-meta.json,,False,False,blocked because MP4 replacement missing,mp4 missing
/mnt/spirit-8tb/media/yes/models/angela-white/556530_720p.mp4.face-meta.json,/DATA/yes/556530_720p.mkv,,False,False,blocked because MP4 replacement missing,mp4 missing
/mnt/spirit-8tb/media/yes/models/angela-white/556530_720p.mp4.face-meta.json,/DATA/yes/556530_720p.mkv,,False,False,blocked because MP4 replacement missing,mp4 missing
/mnt/spirit-8tb/media/yes/models/angela-white/556530_720p.mp4.face-meta.json,/DATA/yes/556530_720p.mkv,,False,False,blocked because MP4 replacement missing,mp4 missing
/mnt/spirit-8tb/media/yes/models/angela-white/556530_720p.mp4.face-meta.json,/DATA/yes/556530_720p.mkv,,False,False,blocked because MP4 replacement missing,mp4 missing
/mnt/spirit-8tb/media/yes/models/angela-white/556530_720p.mp4.face-meta.json,556530_720p.mkv,556530_720p.mp4,True,True,safe basename migration,
/mnt/spirit-8tb/media/yes/models/angela-white/556530_720p.mp4.media-ingest-skip.json,/mnt/spirit-8tb/media/yes/models/angela-white/556530_720p.mkv,/mnt/spirit-8tb/media/yes/models/angela-white/556530_720p.mp4,True,True,safe exact path migration,
/mnt/spirit-8tb/media/yes/models/sendnudesx/PlugLeakz.net - Join Telegram @PlugLeaksHub (198).mp4.media-ingest.json,(198).mkv,,False,False,blocked because MP4 replacement missing,mp4 missing
/mnt/spirit-8tb/media/yes/models/sendnudesx/PlugLeakz.net - Join Telegram @PlugLeaksHub (224).mp4.media-ingest.json,(224).mkv,,False,False,blocked because MP4 replacement missing,mp4 missing
/mnt/spirit-8tb/media/yes/models/yummy-couple/Ayucpl.mp4.media-ingest.json,/mnt/spirit-8tb/media/yes/models/yummy-couple/Ayucpl.mkv,/mnt/spirit-8tb/media/yes/models/yummy-couple/Ayucpl.mp4,True,True,safe exact path migration,
/mnt/spirit-8tb/media/yes/models/zoey-uso/2209.mp4.media-ingest.json,/mnt/spirit-8tb/media/yes/models/zoey-uso/2209.mkv,/mnt/spirit-8tb/media/yes/models/zoey-uso/2209.mp4,True,True,safe exact path migration,
/mnt/spirit-8tb/media/yes/models/kinkykttn/444474.mp4.media-ingest.json,/mnt/spirit-8tb/media/yes/models/kinkykttn/444474.mkv,/mnt/spirit-8tb/media/yes/models/kinkykttn/444474.mp4,True,True,safe exact path migration,
/mnt/spirit-8tb/media/yes/models/kinkykttn/OF4LM.COM is our home__297.mp4.media-ingest.json,home__297.mkv,,False,False,blocked because MP4 replacement missing,mp4 missing
/mnt/spirit-8tb/media/yes/models/kinkykttn/444464.mp4.media-ingest.json,/mnt/spirit-8tb/media/yes/models/kinkykttn/444464.mkv,/mnt/spirit-8tb/media/yes/models/kinkykttn/444464.mp4,True,True,safe exact path migration,
/mnt/spirit-8tb/media/yes/models/kinkykttn/OF4LM.COM is our home__282.mp4.media-ingest.json,home__282.mkv,,False,False,blocked because MP4 replacement missing,mp4 missing
/mnt/spirit-8tb/media/yes/models/chloe-lamb/vid_480p.mp4.media-ingest-skip.json,/mnt/spirit-8tb/media/yes/models/chloe-lamb/vid_480p.mkv,/mnt/spirit-8tb/media/yes/models/chloe-lamb/vid_480p.mp4,True,True,safe exact path migration,
/mnt/spirit-8tb/media/yes/models/chloe-lamb/vid_480p.mp4.face-meta.json,/DATA/yes/models/chloe-lamb/vid_480p.mkv.face-meta.json,/DATA/yes/models/chloe-lamb/vid_480p.mp4.face-meta.json,True,True,safe exact path migration,
/mnt/spirit-8tb/media/yes/models/chloe-lamb/vid_480p.mp4.face-meta.json,/DATA/yes/models/chloe-lamb/vid_480p.mkv,/DATA/yes/models/chloe-lamb/vid_480p.mp4,True,True,safe exact path migration,
/mnt/spirit-8tb/media/yes/models/chloe-lamb/vid_480p.mp4.face-meta.json,/DATA/yes/models/chloe-lamb/vid_480p.mkv,/DATA/yes/models/chloe-lamb/vid_480p.mp4,True,True,safe exact path migration,
/mnt/spirit-8tb/media/yes/models/chloe-lamb/vid_480p.mp4.face-meta.json,/DATA/yes/models/chloe-lamb/vid_480p.mkv,/DATA/yes/models/chloe-lamb/vid_480p.mp4,True,True,safe exact path migration,
/mnt/spirit-8tb/media/yes/models/chloe-lamb/vid_480p.mp4.face-meta.json,/DATA/yes/vid_480p.mkv.face-meta.json,,False,False,blocked because MP4 replacement missing,mp4 missing
/mnt/spirit-8tb/media/yes/models/chloe-lamb/vid_480p.mp4.face-meta.json,/DATA/yes/vid_480p.mkv.face-meta.json,,False,False,blocked because MP4 replacement missing,mp4 missing
/mnt/spirit-8tb/media/yes/models/chloe-lamb/vid_480p.mp4.face-meta.json,/DATA/yes/vid_480p.mkv.face-meta.json,,False,False,blocked because MP4 replacement missing,mp4 missing
/mnt/spirit-8tb/media/yes/models/chloe-lamb/vid_480p.mp4.face-meta.json,/DATA/yes/vid_480p.mkv,,False,False,blocked because MP4 replacement missing,mp4 missing
/mnt/spirit-8tb/media/yes/models/chloe-lamb/vid_480p.mp4.face-meta.json,/DATA/yes/vid_480p.mkv,,False,False,blocked because MP4 replacement missing,mp4 missing
/mnt/spirit-8tb/media/yes/models/chloe-lamb/vid_480p.mp4.face-meta.json,/DATA/yes/vid_480p.mkv,,False,False,blocked because MP4 replacement missing,mp4 missing
/mnt/spirit-8tb/media/yes/models/chloe-lamb/vid_480p.mp4.face-meta.json,/DATA/yes/vid_480p.mkv,,False,False,blocked because MP4 replacement missing,mp4 missing
/mnt/spirit-8tb/media/yes/models/chloe-lamb/vid_480p.mp4.face-meta.json,vid_480p.mkv,vid_480p.mp4,True,True,safe basename migration,
/mnt/spirit-8tb/media/yes/models/chloe-lamb/442642_720p.mp4.media-ingest.json,/mnt/spirit-8tb/media/yes/models/chloe-lamb/442642_720p.mkv,/mnt/spirit-8tb/media/yes/models/chloe-lamb/442642_720p.mp4,True,True,safe exact path migration,
/mnt/spirit-8tb/media/yes/models/chloe-lamb/JoinUs @RisqueMega 61.mp4.media-ingest.json,61.mkv,,False,False,blocked because MP4 replacement missing,mp4 missing
/mnt/spirit-8tb/media/yes/models/chloe-lamb/v 5.mp4.face-meta.json,5.mkv.face-meta.json,,False,False,blocked because MP4 replacement missing,mp4 missing
/mnt/spirit-8tb/media/yes/models/chloe-lamb/v 5.mp4.face-meta.json,5.mkv.face-meta.json,,False,False,blocked because MP4 replacement missing,mp4 missing
/mnt/spirit-8tb/media/yes/models/chloe-lamb/v 5.mp4.face-meta.json,5.mkv.face-meta.json,,False,False,blocked because MP4 replacement missing,mp4 missing
/mnt/spirit-8tb/media/yes/models/chloe-lamb/v 5.mp4.face-meta.json,5.mkv.face-meta.json,,False,False,blocked because MP4 replacement missing,mp4 missing
/mnt/spirit-8tb/media/yes/models/chloe-lamb/v 5.mp4.face-meta.json,5.mkv,,False,False,blocked because MP4 replacement missing,mp4 missing
/mnt/spirit-8tb/media/yes/models/chloe-lamb/v 5.mp4.face-meta.json,5.mkv,,False,False,blocked because MP4 replacement missing,mp4 missing
/mnt/spirit-8tb/media/yes/models/chloe-lamb/v 5.mp4.face-meta.json,5.mkv,,False,False,blocked because MP4 replacement missing,mp4 missing
/mnt/spirit-8tb/media/yes/models/chloe-lamb/v 5.mp4.face-meta.json,5.mkv,,False,False,blocked because MP4 replacement missing,mp4 missing
/mnt/spirit-8tb/media/yes/models/chloe-lamb/v 5.mp4.face-meta.json,5.mkv,,False,False,blocked because MP4 replacement missing,mp4 missing
/mnt/spirit-8tb/media/yes/models/chloe-lamb/v 5.mp4.face-meta.json,5.mkv,,False,False,blocked because MP4 replacement missing,mp4 missing
/mnt/spirit-8tb/media/yes/models/chloe-lamb/v 5.mp4.face-meta.json,5.mkv,,False,False,blocked because MP4 replacement missing,mp4 missing
/mnt/spirit-8tb/media/yes/models/chloe-lamb/v 5.mp4.face-meta.json,5.mkv,,False,False,blocked because MP4 replacement missing,mp4 missing
/mnt/spirit-8tb/media/yes/models/chloe-lamb/JoinUs @RisqueMega 25.mp4.media-ingest.json,25.mkv,,False,False,blocked because MP4 replacement missing,mp4 missing
/mnt/spirit-8tb/media/yes/models/chloe-lamb/v 5.mp4.media-ingest-skip.json,5.mkv,,False,False,blocked because MP4 replacement missing,mp4 missing
/mnt/spirit-8tb/media/yes/models/mackzjones/15517_720p.mp4.media-ingest.json,/mnt/spirit-8tb/media/yes/models/mackzjones/15517_720p.mkv,/mnt/spirit-8tb/media/yes/models/mackzjones/15517_720p.mp4,True,True,safe exact path migration,
